DP,AÑO,serie_poblacion,sexo,grupo,poblacion,casos,tasa_x100k,baja_frecuencia,departamento
5,2015,DANE_2005_2017,Hombre,(05 a 09),236788,0,0.0,True,Antioquia
5,2015,DANE_2005_2017,Hombre,(10 a 14),255519,7,2.739522305581972,False,Antioquia
5,2015,DANE_2005_2017,Hombre,(15 a 17),164622,14,8.504331134356283,False,Antioquia
5,2015,DANE_2005_2017,Hombre,(18 a 19),112630,17,15.093669537423422,False,Antioquia
5,2015,DANE_2005_2017,Hombre,(20 a 24),277523,46,16.575202775986135,False,Antioquia
5,2015,DANE_2005_2017,Hombre,(25 a 29),253466,34,13.414027916959276,False,Antioquia
5,2015,DANE_2005_2017,Hombre,(30 a 34),231499,35,15.118855804992679,False,Antioquia
5,2015,DANE_2005_2017,Hombre,(35 a 39),195970,25,12.757054651222125,False,Antioquia
5,2015,DANE_2005_2017,Hombre,(40 a 44),173536,13,7.491241010510787,False,Antioquia
5,2015,DANE_2005_2017,Hombre,(45 a 49),181634,18,9.910038869374677,False,Antioquia
5,2015,DANE_2005_2017,Hombre,(50 a 54),173974,14,8.047179463598008,False,Antioquia
5,2015,DANE_2005_2017,Hombre,(55 a 59),144741,14,9.672449409635142,False,Antioquia
5,2015,DANE_2005_2017,Hombre,(60 a 64),112221,13,11.584284581317222,False,Antioquia
5,2015,DANE_2005_2017,Hombre,(65 a 69),83758,8,9.551326440459418,False,Antioquia
5,2015,DANE_2005_2017,Hombre,(70 a 74),58134,7,12.04114631712939,False,Antioquia
5,2015,DANE_2005_2017,Hombre,(75 a 79),37447,9,24.03396800811814,False,Antioquia
5,2015,DANE_2005_2017,Hombre,(80 y más),44221,5,11.306845164062324,False,Antioquia
5,2015,DANE_2005_2017,Mujer,(05 a 09),226163,0,0.0,True,Antioquia
5,2015,DANE_2005_2017,Mujer,(10 a 14),244530,3,1.22684333210649,True,Antioquia
5,2015,DANE_2005_2017,Mujer,(15 a 17),158480,10,6.309944472488642,False,Antioquia
5,2015,DANE_2005_2017,Mujer,(18 a 19),109739,4,3.6450122563537115,True,Antioquia
5,2015,DANE_2005_2017,Mujer,(20 a 24),275734,7,2.538678581531476,False,Antioquia
5,2015,DANE_2005_2017,Mujer,(25 a 29),256911,7,2.724678974430834,False,Antioquia
5,2015,DANE_2005_2017,Mujer,(30 a 34),242994,6,2.469196770290625,False,Antioquia
5,2015,DANE_2005_2017,Mujer,(35 a 39),216581,3,1.3851630567778337,True,Antioquia
5,2015,DANE_2005_2017,Mujer,(40 a 44),201324,2,0.9934235361904195,True,Antioquia
5,2015,DANE_2005_2017,Mujer,(45 a 49),214874,3,1.3961670560421457,True,Antioquia
5,2015,DANE_2005_2017,Mujer,(50 a 54),208100,9,4.324843825084094,False,Antioquia
5,2015,DANE_2005_2017,Mujer,(55 a 59),175788,5,2.8443352219719205,False,Antioquia
5,2015,DANE_2005_2017,Mujer,(60 a 64),138276,4,2.8927651942491828,True,Antioquia
5,2015,DANE_2005_2017,Mujer,(65 a 69),104208,1,0.959619223092277,True,Antioquia
5,2015,DANE_2005_2017,Mujer,(70 a 74),72852,0,0.0,True,Antioquia
5,2015,DANE_2005_2017,Mujer,(75 a 79),47166,0,0.0,True,Antioquia
5,2015,DANE_2005_2017,Mujer,(80 y más),61176,1,1.634627958676605,True,Antioquia
5,2016,DANE_2005_2017,Hombre,(05 a 09),235028,3,1.2764436577769456,True,Antioquia
5,2016,DANE_2005_2017,Hombre,(10 a 14),251799,6,2.382852989884789,False,Antioquia
5,2016,DANE_2005_2017,Hombre,(15 a 17),162198,17,10.481017028570019,False,Antioquia
5,2016,DANE_2005_2017,Hombre,(18 a 19),112121,23,20.513552322936825,False,Antioquia
5,2016,DANE_2005_2017,Hombre,(20 a 24),280360,50,17.834213154515624,False,Antioquia
5,2016,DANE_2005_2017,Hombre,(25 a 29),260077,39,14.995559007524696,False,Antioquia
5,2016,DANE_2005_2017,Hombre,(30 a 34),236001,29,12.28808352506981,False,Antioquia
5,2016,DANE_2005_2017,Hombre,(35 a 39),205419,33,16.064726242460534,False,Antioquia
5,2016,DANE_2005_2017,Hombre,(40 a 44),174660,22,12.595900606893393,False,Antioquia
5,2016,DANE_2005_2017,Hombre,(45 a 49),179421,22,12.261663907792288,False,Antioquia
5,2016,DANE_2005_2017,Hombre,(50 a 54),177439,20,11.271479212574462,False,Antioquia
5,2016,DANE_2005_2017,Hombre,(55 a 59),149996,17,11.333635563615031,False,Antioquia
5,2016,DANE_2005_2017,Hombre,(60 a 64),117067,11,9.396328598153195,False,Antioquia
5,2016,DANE_2005_2017,Hombre,(65 a 69),87234,10,11.463420226058647,False,Antioquia
5,2016,DANE_2005_2017,Hombre,(70 a 74),60922,6,9.848658940940876,False,Antioquia
5,2016,DANE_2005_2017,Hombre,(75 a 79),38867,2,5.1457534669513985,True,Antioquia
5,2016,DANE_2005_2017,Hombre,(80 y más),45447,3,6.6010957818997955,True,Antioquia
5,2016,DANE_2005_2017,Mujer,(05 a 09),224564,0,0.0,True,Antioquia
5,2016,DANE_2005_2017,Mujer,(10 a 14),241077,10,4.148052282050963,False,Antioquia
5,2016,DANE_2005_2017,Mujer,(15 a 17),156078,10,6.407052883814503,False,Antioquia
5,2016,DANE_2005_2017,Mujer,(18 a 19),109021,3,2.7517634217260896,True,Antioquia
5,2016,DANE_2005_2017,Mujer,(20 a 24),277956,11,3.9574608930909925,False,Antioquia
5,2016,DANE_2005_2017,Mujer,(25 a 29),262896,8,3.0430284218854604,False,Antioquia
5,2016,DANE_2005_2017,Mujer,(30 a 34),246145,7,2.8438522009384712,False,Antioquia
5,2016,DANE_2005_2017,Mujer,(35 a 39),224702,6,2.6702032024637075,False,Antioquia
5,2016,DANE_2005_2017,Mujer,(40 a 44),201403,6,2.9791016022601453,False,Antioquia
5,2016,DANE_2005_2017,Mujer,(45 a 49),212062,2,0.9431204081825127,True,Antioquia
5,2016,DANE_2005_2017,Mujer,(50 a 54),212368,8,3.7670458826188504,False,Antioquia
5,2016,DANE_2005_2017,Mujer,(55 a 59),182443,1,0.5481163979982789,True,Antioquia
5,2016,DANE_2005_2017,Mujer,(60 a 64),144822,0,0.0,True,Antioquia
5,2016,DANE_2005_2017,Mujer,(65 a 69),109359,1,0.9144194807926188,True,Antioquia
5,2016,DANE_2005_2017,Mujer,(70 a 74),77246,0,0.0,True,Antioquia
5,2016,DANE_2005_2017,Mujer,(75 a 79),49679,0,0.0,True,Antioquia
5,2016,DANE_2005_2017,Mujer,(80 y más),62763,2,3.186590825805012,True,Antioquia
5,2017,DANE_2005_2017,Hombre,(05 a 09),234278,0,0.0,True,Antioquia
5,2017,DANE_2005_2017,Hombre,(10 a 14),248740,6,2.412157272654177,False,Antioquia
5,2017,DANE_2005_2017,Hombre,(15 a 17),159750,23,14.397496087636933,False,Antioquia
5,2017,DANE_2005_2017,Hombre,(18 a 19),111265,18,16.17759403226531,False,Antioquia
5,2017,DANE_2005_2017,Hombre,(20 a 24),282632,54,19.10611678790795,False,Antioquia
5,2017,DANE_2005_2017,Hombre,(25 a 29),267017,47,17.60187553601456,False,Antioquia
5,2017,DANE_2005_2017,Hombre,(30 a 34),240959,25,10.375209060462568,False,Antioquia
5,2017,DANE_2005_2017,Hombre,(35 a 39),214974,26,12.094485844799836,False,Antioquia
5,2017,DANE_2005_2017,Hombre,(40 a 44),178010,22,12.358856244031234,False,Antioquia
5,2017,DANE_2005_2017,Hombre,(45 a 49),177347,22,12.405059008610237,False,Antioquia
5,2017,DANE_2005_2017,Hombre,(50 a 54),179912,26,14.45150962692872,False,Antioquia
5,2017,DANE_2005_2017,Hombre,(55 a 59),155280,12,7.727975270479135,False,Antioquia
5,2017,DANE_2005_2017,Hombre,(60 a 64),122187,16,13.09468274038973,False,Antioquia
5,2017,DANE_2005_2017,Hombre,(65 a 69),90968,7,7.695013631167004,False,Antioquia
5,2017,DANE_2005_2017,Hombre,(70 a 74),63821,10,15.668823741401733,False,Antioquia
5,2017,DANE_2005_2017,Hombre,(75 a 79),40488,9,22.228808535862477,False,Antioquia
5,2017,DANE_2005_2017,Hombre,(80 y más),46730,2,4.279905842071474,True,Antioquia
5,2017,DANE_2005_2017,Mujer,(05 a 09),223916,0,0.0,True,Antioquia
5,2017,DANE_2005_2017,Mujer,(10 a 14),238186,4,1.6793598280335535,True,Antioquia
5,2017,DANE_2005_2017,Mujer,(15 a 17),153784,8,5.202101649066223,False,Antioquia
5,2017,DANE_2005_2017,Mujer,(18 a 19),108048,6,5.553087516659263,False,Antioquia
5,2017,DANE_2005_2017,Mujer,(20 a 24),279548,11,3.934923519395596,False,Antioquia
5,2017,DANE_2005_2017,Mujer,(25 a 29),269285,12,4.456245242029819,False,Antioquia
5,2017,DANE_2005_2017,Mujer,(30 a 34),249781,7,2.80245495053667,False,Antioquia
5,2017,DANE_2005_2017,Mujer,(35 a 39),232847,12,5.153598715036054,False,Antioquia
5,2017,DANE_2005_2017,Mujer,(40 a 44),203524,7,3.4393978105776224,False,Antioquia
5,2017,DANE_2005_2017,Mujer,(45 a 49),209165,1,0.47809145889608684,True,Antioquia
5,2017,DANE_2005_2017,Mujer,(50 a 54),215370,2,0.9286344430514928,True,Antioquia
5,2017,DANE_2005_2017,Mujer,(55 a 59),189066,2,1.0578316566701575,True,Antioquia
5,2017,DANE_2005_2017,Mujer,(60 a 64),151607,1,0.6596001503888342,True,Antioquia
5,2017,DANE_2005_2017,Mujer,(65 a 69),114782,0,0.0,True,Antioquia
5,2017,DANE_2005_2017,Mujer,(70 a 74),81811,2,2.444659031181626,True,Antioquia
5,2017,DANE_2005_2017,Mujer,(75 a 79),52508,1,1.9044716995505446,True,Antioquia
5,2017,DANE_2005_2017,Mujer,(80 y más),64542,0,0.0,True,Antioquia
5,2018,DANE_2018_2050,Hombre,(05 a 09),251464,0,0.0,True,Antioquia
5,2018,DANE_2018_2050,Hombre,(10 a 14),268146,12,4.475173972388176,False,Antioquia
5,2018,DANE_2018_2050,Hombre,(15 a 17),162426,16,9.850639675913955,False,Antioquia
5,2018,DANE_2018_2050,Hombre,(18 a 19),109983,11,10.001545693425347,False,Antioquia
5,2018,DANE_2018_2050,Hombre,(20 a 24),280034,51,18.212074248127013,False,Antioquia
5,2018,DANE_2018_2050,Hombre,(25 a 29),267836,49,18.294777401096194,False,Antioquia
5,2018,DANE_2018_2050,Hombre,(30 a 34),237242,39,16.438910479594675,False,Antioquia
5,2018,DANE_2018_2050,Hombre,(35 a 39),216071,29,13.421514224491025,False,Antioquia
5,2018,DANE_2018_2050,Hombre,(40 a 44),179948,22,12.225754106741949,False,Antioquia
5,2018,DANE_2018_2050,Hombre,(45 a 49),172895,24,13.881257410567109,False,Antioquia
5,2018,DANE_2018_2050,Hombre,(50 a 54),176812,12,6.786869669479447,False,Antioquia
5,2018,DANE_2018_2050,Hombre,(55 a 59),156931,23,14.656122754586411,False,Antioquia
5,2018,DANE_2018_2050,Hombre,(60 a 64),125207,20,15.973547804835192,False,Antioquia
5,2018,DANE_2018_2050,Hombre,(65 a 69),95889,10,10.428724879808946,False,Antioquia
5,2018,DANE_2018_2050,Hombre,(70 a 74),68995,8,11.595043119066599,False,Antioquia
5,2018,DANE_2018_2050,Hombre,(75 a 79),47538,10,21.03580293659809,False,Antioquia
5,2018,DANE_2018_2050,Hombre,(80 y más),56154,4,7.123268155429711,True,Antioquia
5,2018,DANE_2018_2050,Mujer,(05 a 09),238878,0,0.0,True,Antioquia
5,2018,DANE_2018_2050,Mujer,(10 a 14),255824,8,3.127149915566952,False,Antioquia
5,2018,DANE_2018_2050,Mujer,(15 a 17),156416,10,6.393207855973814,False,Antioquia
5,2018,DANE_2018_2050,Mujer,(18 a 19),106827,4,3.7443717412264688,True,Antioquia
5,2018,DANE_2018_2050,Mujer,(20 a 24),276995,20,7.220346937670355,False,Antioquia
5,2018,DANE_2018_2050,Mujer,(25 a 29),265825,7,2.6333113890717574,False,Antioquia
5,2018,DANE_2018_2050,Mujer,(30 a 34),243043,6,2.4686989545059927,False,Antioquia
5,2018,DANE_2018_2050,Mujer,(35 a 39),231826,3,1.294074003778696,True,Antioquia
5,2018,DANE_2018_2050,Mujer,(40 a 44),202613,4,1.974206985731419,True,Antioquia
5,2018,DANE_2018_2050,Mujer,(45 a 49),199336,6,3.009993177348798,False,Antioquia
5,2018,DANE_2018_2050,Mujer,(50 a 54),206695,5,2.419023198432473,False,Antioquia
5,2018,DANE_2018_2050,Mujer,(55 a 59),188402,0,0.0,True,Antioquia
5,2018,DANE_2018_2050,Mujer,(60 a 64),155866,1,0.641576738993751,True,Antioquia
5,2018,DANE_2018_2050,Mujer,(65 a 69),120759,2,1.6561912569663546,True,Antioquia
5,2018,DANE_2018_2050,Mujer,(70 a 74),88085,0,0.0,True,Antioquia
5,2018,DANE_2018_2050,Mujer,(75 a 79),62453,0,0.0,True,Antioquia
5,2018,DANE_2018_2050,Mujer,(80 y más),84949,0,0.0,True,Antioquia
5,2019,DANE_2018_2050,Hombre,(05 a 09),249740,0,0.0,True,Antioquia
5,2019,DANE_2018_2050,Hombre,(10 a 14),268036,10,3.7308421256846094,False,Antioquia
5,2019,DANE_2018_2050,Hombre,(15 a 17),162857,14,8.59649876885857,False,Antioquia
5,2019,DANE_2018_2050,Hombre,(18 a 19),110772,15,13.54132813346333,False,Antioquia
5,2019,DANE_2018_2050,Hombre,(20 a 24),283313,45,15.88349281536675,False,Antioquia
5,2019,DANE_2018_2050,Hombre,(25 a 29),278222,45,16.174134324388437,False,Antioquia
5,2019,DANE_2018_2050,Hombre,(30 a 34),247057,39,15.785830800179717,False,Antioquia
5,2019,DANE_2018_2050,Hombre,(35 a 39),223379,32,14.325428979447487,False,Antioquia
5,2019,DANE_2018_2050,Hombre,(40 a 44),188450,20,10.61289466702043,False,Antioquia
5,2019,DANE_2018_2050,Hombre,(45 a 49),172229,33,19.16053626276643,False,Antioquia
5,2019,DANE_2018_2050,Hombre,(50 a 54),177504,19,10.703984135568776,False,Antioquia
5,2019,DANE_2018_2050,Hombre,(55 a 59),162148,20,12.334410538520363,False,Antioquia
5,2019,DANE_2018_2050,Hombre,(60 a 64),129763,20,15.412713947735487,False,Antioquia
5,2019,DANE_2018_2050,Hombre,(65 a 69),99641,9,9.032426410814827,False,Antioquia
5,2019,DANE_2018_2050,Hombre,(70 a 74),71887,9,12.519648893402143,False,Antioquia
5,2019,DANE_2018_2050,Hombre,(75 a 79),48551,7,14.417828675001546,False,Antioquia
5,2019,DANE_2018_2050,Hombre,(80 y más),56911,4,7.0285182126478185,True,Antioquia
5,2019,DANE_2018_2050,Mujer,(05 a 09),237428,0,0.0,True,Antioquia
5,2019,DANE_2018_2050,Mujer,(10 a 14),255607,11,4.303481516546887,False,Antioquia
5,2019,DANE_2018_2050,Mujer,(15 a 17),156543,14,8.943229655749537,False,Antioquia
5,2019,DANE_2018_2050,Mujer,(18 a 19),107131,6,5.600619801924746,False,Antioquia
5,2019,DANE_2018_2050,Mujer,(20 a 24),280399,20,7.132693055253406,False,Antioquia
5,2019,DANE_2018_2050,Mujer,(25 a 29),275166,10,3.6341699192487447,False,Antioquia
5,2019,DANE_2018_2050,Mujer,(30 a 34),250527,7,2.7941100160860906,False,Antioquia
5,2019,DANE_2018_2050,Mujer,(35 a 39),237207,8,3.3725817534895683,False,Antioquia
5,2019,DANE_2018_2050,Mujer,(40 a 44),209911,4,1.9055695032656699,True,Antioquia
5,2019,DANE_2018_2050,Mujer,(45 a 49),198445,5,2.5195898107788053,False,Antioquia
5,2019,DANE_2018_2050,Mujer,(50 a 54),207052,5,2.414852307632865,False,Antioquia
5,2019,DANE_2018_2050,Mujer,(55 a 59),193919,2,1.031358453787406,True,Antioquia
5,2019,DANE_2018_2050,Mujer,(60 a 64),161917,6,3.7056022530061696,False,Antioquia
5,2019,DANE_2018_2050,Mujer,(65 a 69),126102,1,0.793008834118412,True,Antioquia
5,2019,DANE_2018_2050,Mujer,(70 a 74),92597,3,3.239845783340713,True,Antioquia
5,2019,DANE_2018_2050,Mujer,(75 a 79),64247,0,0.0,True,Antioquia
5,2019,DANE_2018_2050,Mujer,(80 y más),86292,0,0.0,True,Antioquia
5,2020,DANE_2018_2050,Hombre,(05 a 09),248676,0,0.0,True,Antioquia
5,2020,DANE_2018_2050,Hombre,(10 a 14),267616,6,2.2420184144445776,False,Antioquia
5,2020,DANE_2018_2050,Hombre,(15 a 17),164173,11,6.700249127444829,False,Antioquia
5,2020,DANE_2018_2050,Hombre,(18 a 19),111031,9,8.105844313750215,False,Antioquia
5,2020,DANE_2018_2050,Hombre,(20 a 24),286912,55,19.169640865491857,False,Antioquia
5,2020,DANE_2018_2050,Hombre,(25 a 29),288607,52,18.017581001153818,False,Antioquia
5,2020,DANE_2018_2050,Hombre,(30 a 34),258520,47,18.180411573572645,False,Antioquia
5,2020,DANE_2018_2050,Hombre,(35 a 39),230557,29,12.578234449615497,False,Antioquia
5,2020,DANE_2018_2050,Hombre,(40 a 44),198595,29,14.6025831466049,False,Antioquia
5,2020,DANE_2018_2050,Hombre,(45 a 49),172955,23,13.298256771992714,False,Antioquia
5,2020,DANE_2018_2050,Hombre,(50 a 54),177563,13,7.321345100048997,False,Antioquia
5,2020,DANE_2018_2050,Hombre,(55 a 59),166697,20,11.99781639741567,False,Antioquia
5,2020,DANE_2018_2050,Hombre,(60 a 64),134642,20,14.854205968419958,False,Antioquia
5,2020,DANE_2018_2050,Hombre,(65 a 69),103679,13,12.538701183460487,False,Antioquia
5,2020,DANE_2018_2050,Hombre,(70 a 74),74964,7,9.33781548476602,False,Antioquia
5,2020,DANE_2018_2050,Hombre,(75 a 79),49823,6,12.042630913433555,False,Antioquia
5,2020,DANE_2018_2050,Hombre,(80 y más),58031,9,15.508952111802312,False,Antioquia
5,2020,DANE_2018_2050,Mujer,(05 a 09),236522,0,0.0,True,Antioquia
5,2020,DANE_2018_2050,Mujer,(10 a 14),255020,6,2.3527566465375265,False,Antioquia
5,2020,DANE_2018_2050,Mujer,(15 a 17),157365,9,5.719187875321705,False,Antioquia
5,2020,DANE_2018_2050,Mujer,(18 a 19),107445,5,4.653543673507376,False,Antioquia
5,2020,DANE_2018_2050,Mujer,(20 a 24),283668,8,2.8201982599376736,False,Antioquia
5,2020,DANE_2018_2050,Mujer,(25 a 29),284693,9,3.161300067089813,False,Antioquia
5,2020,DANE_2018_2050,Mujer,(30 a 34),259731,2,0.7700274514786453,True,Antioquia
5,2020,DANE_2018_2050,Mujer,(35 a 39),242047,8,3.305143215986978,False,Antioquia
5,2020,DANE_2018_2050,Mujer,(40 a 44),218881,2,0.913738515449034,True,Antioquia
5,2020,DANE_2018_2050,Mujer,(45 a 49),198564,1,0.503615962611551,True,Antioquia
5,2020,DANE_2018_2050,Mujer,(50 a 54),206916,3,1.4498637128109957,True,Antioquia
5,2020,DANE_2018_2050,Mujer,(55 a 59),198932,1,0.5026843343454045,True,Antioquia
5,2020,DANE_2018_2050,Mujer,(60 a 64),168012,1,0.5951955812680046,True,Antioquia
5,2020,DANE_2018_2050,Mujer,(65 a 69),131670,2,1.5189488873699402,True,Antioquia
5,2020,DANE_2018_2050,Mujer,(70 a 74),97309,1,1.027654173817427,True,Antioquia
5,2020,DANE_2018_2050,Mujer,(75 a 79),66545,0,0.0,True,Antioquia
5,2020,DANE_2018_2050,Mujer,(80 y más),88019,0,0.0,True,Antioquia
5,2021,DANE_2018_2050,Hombre,(05 a 09),246269,0,0.0,True,Antioquia
5,2021,DANE_2018_2050,Hombre,(10 a 14),265562,8,3.012479195065559,False,Antioquia
5,2021,DANE_2018_2050,Hombre,(15 a 17),164810,12,7.281111583035011,False,Antioquia
5,2021,DANE_2018_2050,Hombre,(18 a 19),110388,21,19.02380693553647,False,Antioquia
5,2021,DANE_2018_2050,Hombre,(20 a 24),287131,47,16.36883513100292,False,Antioquia
5,2021,DANE_2018_2050,Hombre,(25 a 29),294002,43,14.625750845232346,False,Antioquia
5,2021,DANE_2018_2050,Hombre,(30 a 34),267732,36,13.44628210299852,False,Antioquia
5,2021,DANE_2018_2050,Hombre,(35 a 39),236143,38,16.091944287994988,False,Antioquia
5,2021,DANE_2018_2050,Hombre,(40 a 44),207805,12,5.7746444984480645,False,Antioquia
5,2021,DANE_2018_2050,Hombre,(45 a 49),174450,31,17.7701347090857,False,Antioquia
5,2021,DANE_2018_2050,Hombre,(50 a 54),176471,22,12.46663757784565,False,Antioquia
5,2021,DANE_2018_2050,Hombre,(55 a 59),169787,21,12.368438101857034,False,Antioquia
5,2021,DANE_2018_2050,Hombre,(60 a 64),139425,23,16.49632418863188,False,Antioquia
5,2021,DANE_2018_2050,Hombre,(65 a 69),107330,13,12.112177396813566,False,Antioquia
5,2021,DANE_2018_2050,Hombre,(70 a 74),77547,8,10.316324293654171,False,Antioquia
5,2021,DANE_2018_2050,Hombre,(75 a 79),51025,2,3.919647231749143,True,Antioquia
5,2021,DANE_2018_2050,Hombre,(80 y más),57984,8,13.79690949227373,False,Antioquia
5,2021,DANE_2018_2050,Mujer,(05 a 09),234522,1,0.42639922907019384,True,Antioquia
5,2021,DANE_2018_2050,Mujer,(10 a 14),252879,10,3.954460433646131,False,Antioquia
5,2021,DANE_2018_2050,Mujer,(15 a 17),157503,10,6.349085414246078,False,Antioquia
5,2021,DANE_2018_2050,Mujer,(18 a 19),106952,8,7.47999102401077,False,Antioquia
5,2021,DANE_2018_2050,Mujer,(20 a 24),283264,10,3.5302756439222773,False,Antioquia
5,2021,DANE_2018_2050,Mujer,(25 a 29),290498,12,4.130837389586159,False,Antioquia
5,2021,DANE_2018_2050,Mujer,(30 a 34),267273,10,3.741492780789679,False,Antioquia
5,2021,DANE_2018_2050,Mujer,(35 a 39),245585,5,2.0359549646761814,False,Antioquia
5,2021,DANE_2018_2050,Mujer,(40 a 44),226741,3,1.3230955142651748,True,Antioquia
5,2021,DANE_2018_2050,Mujer,(45 a 49),199669,4,2.003315487131202,True,Antioquia
5,2021,DANE_2018_2050,Mujer,(50 a 54),205414,5,2.434108678084259,False,Antioquia
5,2021,DANE_2018_2050,Mujer,(55 a 59),202451,2,0.9878933667899886,True,Antioquia
5,2021,DANE_2018_2050,Mujer,(60 a 64),173505,3,1.729056799515864,True,Antioquia
5,2021,DANE_2018_2050,Mujer,(65 a 69),137195,1,0.7288895367906995,True,Antioquia
5,2021,DANE_2018_2050,Mujer,(70 a 74),101615,1,0.9841066771638045,True,Antioquia
5,2021,DANE_2018_2050,Mujer,(75 a 79),68942,1,1.4504946186649648,True,Antioquia
5,2021,DANE_2018_2050,Mujer,(80 y más),88469,0,0.0,True,Antioquia
5,2022,DANE_2018_2050,Hombre,(05 a 09),243241,0,0.0,True,Antioquia
5,2022,DANE_2018_2050,Hombre,(10 a 14),262417,8,3.0485829805233653,False,Antioquia
5,2022,DANE_2018_2050,Hombre,(15 a 17),164695,22,13.358025440966635,False,Antioquia
5,2022,DANE_2018_2050,Hombre,(18 a 19),110326,18,16.315283795297574,False,Antioquia
5,2022,DANE_2018_2050,Hombre,(20 a 24),285173,71,24.897167684177674,False,Antioquia
5,2022,DANE_2018_2050,Hombre,(25 a 29),296119,57,19.249018131224272,False,Antioquia
5,2022,DANE_2018_2050,Hombre,(30 a 34),275335,53,19.249278152069298,False,Antioquia
5,2022,DANE_2018_2050,Hombre,(35 a 39),241571,43,17.80014985242434,False,Antioquia
5,2022,DANE_2018_2050,Hombre,(40 a 44),215424,39,18.103832442067738,False,Antioquia
5,2022,DANE_2018_2050,Hombre,(45 a 49),177810,20,11.247961307013105,False,Antioquia
5,2022,DANE_2018_2050,Hombre,(50 a 54),174592,17,9.736986803519061,False,Antioquia
5,2022,DANE_2018_2050,Hombre,(55 a 59),171705,19,11.065490230336914,False,Antioquia
5,2022,DANE_2018_2050,Hombre,(60 a 64),144234,16,11.093084848232733,False,Antioquia
5,2022,DANE_2018_2050,Hombre,(65 a 69),110936,12,10.817047667123386,False,Antioquia
5,2022,DANE_2018_2050,Hombre,(70 a 74),80000,7,8.75,False,Antioquia
5,2022,DANE_2018_2050,Hombre,(75 a 79),52509,6,11.426612580700452,False,Antioquia
5,2022,DANE_2018_2050,Hombre,(80 y más),57805,5,8.6497707810743,False,Antioquia
5,2022,DANE_2018_2050,Mujer,(05 a 09),231756,0,0.0,True,Antioquia
5,2022,DANE_2018_2050,Mujer,(10 a 14),249587,12,4.807942721375713,False,Antioquia
5,2022,DANE_2018_2050,Mujer,(15 a 17),157574,13,8.25009202025715,False,Antioquia
5,2022,DANE_2018_2050,Mujer,(18 a 19),106324,7,6.583649975546443,False,Antioquia
5,2022,DANE_2018_2050,Mujer,(20 a 24),280253,22,7.850049776451992,False,Antioquia
5,2022,DANE_2018_2050,Mujer,(25 a 29),293658,14,4.767450571753536,False,Antioquia
5,2022,DANE_2018_2050,Mujer,(30 a 34),273889,12,4.381336964974862,False,Antioquia
5,2022,DANE_2018_2050,Mujer,(35 a 39),248962,9,3.615009519525068,False,Antioquia
5,2022,DANE_2018_2050,Mujer,(40 a 44),233191,3,1.286499050134868,True,Antioquia
5,2022,DANE_2018_2050,Mujer,(45 a 49),202273,2,0.9887627117806134,True,Antioquia
5,2022,DANE_2018_2050,Mujer,(50 a 54),203375,6,2.9502151198524893,False,Antioquia
5,2022,DANE_2018_2050,Mujer,(55 a 59),204495,3,1.4670285337049804,True,Antioquia
5,2022,DANE_2018_2050,Mujer,(60 a 64),178683,3,1.6789509914205605,True,Antioquia
5,2022,DANE_2018_2050,Mujer,(65 a 69),142724,0,0.0,True,Antioquia
5,2022,DANE_2018_2050,Mujer,(70 a 74),105795,2,1.8904485089087386,True,Antioquia
5,2022,DANE_2018_2050,Mujer,(75 a 79),71703,0,0.0,True,Antioquia
5,2022,DANE_2018_2050,Mujer,(80 y más),88865,0,0.0,True,Antioquia
5,2023,DANE_2018_2050,Hombre,(05 a 09),240081,0,0.0,True,Antioquia
5,2023,DANE_2018_2050,Hombre,(10 a 14),259160,5,1.9293100787158513,False,Antioquia
5,2023,DANE_2018_2050,Hombre,(15 a 17),163783,17,10.379587625089295,False,Antioquia
5,2023,DANE_2018_2050,Hombre,(18 a 19),110353,23,20.84220637409042,False,Antioquia
5,2023,DANE_2018_2050,Hombre,(20 a 24),282888,69,24.391278527190973,False,Antioquia
5,2023,DANE_2018_2050,Hombre,(25 a 29),296018,58,19.593403103865306,False,Antioquia
5,2023,DANE_2018_2050,Hombre,(30 a 34),282213,50,17.717114378147002,False,Antioquia
5,2023,DANE_2018_2050,Hombre,(35 a 39),247347,42,16.980193816783707,False,Antioquia
5,2023,DANE_2018_2050,Hombre,(40 a 44),221912,31,13.969501423987888,False,Antioquia
5,2023,DANE_2018_2050,Hombre,(45 a 49),182972,32,17.489014712633626,False,Antioquia
5,2023,DANE_2018_2050,Hombre,(50 a 54),172794,36,20.83405673808118,False,Antioquia
5,2023,DANE_2018_2050,Hombre,(55 a 59),172561,21,12.169609587334334,False,Antioquia
5,2023,DANE_2018_2050,Hombre,(60 a 64),149153,26,17.431764697994677,False,Antioquia
5,2023,DANE_2018_2050,Hombre,(65 a 69),114565,28,24.44027408021647,False,Antioquia
5,2023,DANE_2018_2050,Hombre,(70 a 74),82727,7,8.461566356812165,False,Antioquia
5,2023,DANE_2018_2050,Hombre,(75 a 79),54376,6,11.034279829336471,False,Antioquia
5,2023,DANE_2018_2050,Hombre,(80 y más),58158,5,8.597269507204512,False,Antioquia
5,2023,DANE_2018_2050,Mujer,(05 a 09),228498,0,0.0,True,Antioquia
5,2023,DANE_2018_2050,Mujer,(10 a 14),246225,8,3.249060818357193,False,Antioquia
5,2023,DANE_2018_2050,Mujer,(15 a 17),156704,13,8.295895446191546,False,Antioquia
5,2023,DANE_2018_2050,Mujer,(18 a 19),105856,8,7.557436517533253,False,Antioquia
5,2023,DANE_2018_2050,Mujer,(20 a 24),276544,13,4.7008794260587825,False,Antioquia
5,2023,DANE_2018_2050,Mujer,(25 a 29),294586,10,3.3945944478013215,False,Antioquia
5,2023,DANE_2018_2050,Mujer,(30 a 34),280023,8,2.8569081825421483,False,Antioquia
5,2023,DANE_2018_2050,Mujer,(35 a 39),252830,9,3.559704149032947,False,Antioquia
5,2023,DANE_2018_2050,Mujer,(40 a 44),238033,10,4.20109816706087,False,Antioquia
5,2023,DANE_2018_2050,Mujer,(45 a 49),206687,5,2.4191168288281313,False,Antioquia
5,2023,DANE_2018_2050,Mujer,(50 a 54),201147,3,1.4914465540127368,True,Antioquia
5,2023,DANE_2018_2050,Mujer,(55 a 59),205319,7,3.409328897958786,False,Antioquia
5,2023,DANE_2018_2050,Mujer,(60 a 64),183812,6,3.2642047309207234,False,Antioquia
5,2023,DANE_2018_2050,Mujer,(65 a 69),148239,1,0.674586309945426,True,Antioquia
5,2023,DANE_2018_2050,Mujer,(70 a 74),110198,3,2.7223724568503966,True,Antioquia
5,2023,DANE_2018_2050,Mujer,(75 a 79),75007,1,1.3332089005026198,True,Antioquia
5,2023,DANE_2018_2050,Mujer,(80 y más),89977,1,1.1113951343121018,True,Antioquia
5,2024,DANE_2018_2050,Hombre,(05 a 09),237196,1,0.42159226968414304,True,Antioquia
5,2024,DANE_2018_2050,Hombre,(10 a 14),255926,8,3.1259035815040286,False,Antioquia
5,2024,DANE_2018_2050,Hombre,(15 a 17),162350,18,11.087157376039421,False,Antioquia
5,2024,DANE_2018_2050,Hombre,(18 a 19),110362,19,17.21607074898969,False,Antioquia
5,2024,DANE_2018_2050,Hombre,(20 a 24),281131,54,19.20812717203012,False,Antioquia
5,2024,DANE_2018_2050,Hombre,(25 a 29),294867,64,21.70470076339502,False,Antioquia
5,2024,DANE_2018_2050,Hombre,(30 a 34),288587,41,14.207154168413686,False,Antioquia
5,2024,DANE_2018_2050,Hombre,(35 a 39),254159,42,16.525088625624118,False,Antioquia
5,2024,DANE_2018_2050,Hombre,(40 a 44),227255,31,13.641064002992232,False,Antioquia
5,2024,DANE_2018_2050,Hombre,(45 a 49),190116,29,15.253845020934587,False,Antioquia
5,2024,DANE_2018_2050,Hombre,(50 a 54),171467,19,11.08084937626482,False,Antioquia
5,2024,DANE_2018_2050,Hombre,(55 a 59),172860,27,15.619576535925027,False,Antioquia
5,2024,DANE_2018_2050,Hombre,(60 a 64),153899,18,11.695982430035283,False,Antioquia
5,2024,DANE_2018_2050,Hombre,(65 a 69),118703,16,13.479019064387591,False,Antioquia
5,2024,DANE_2018_2050,Hombre,(70 a 74),86057,9,10.458184691541652,False,Antioquia
5,2024,DANE_2018_2050,Hombre,(75 a 79),56798,4,7.0425014965315675,True,Antioquia
5,2024,DANE_2018_2050,Hombre,(80 y más),59651,6,10.058506982280264,False,Antioquia
5,2024,DANE_2018_2050,Mujer,(05 a 09),225478,0,0.0,True,Antioquia
5,2024,DANE_2018_2050,Mujer,(10 a 14),243253,7,2.8776623515434547,False,Antioquia
5,2024,DANE_2018_2050,Mujer,(15 a 17),155202,6,3.8659295627633665,False,Antioquia
5,2024,DANE_2018_2050,Mujer,(18 a 19),105762,8,7.564153476674042,False,Antioquia
5,2024,DANE_2018_2050,Mujer,(20 a 24),273642,15,5.481614664415551,False,Antioquia
5,2024,DANE_2018_2050,Mujer,(25 a 29),293791,8,2.7230241906661536,False,Antioquia
5,2024,DANE_2018_2050,Mujer,(30 a 34),285951,13,4.546233445590329,False,Antioquia
5,2024,DANE_2018_2050,Mujer,(35 a 39),257745,9,3.491823313740325,False,Antioquia
5,2024,DANE_2018_2050,Mujer,(40 a 44),241651,9,3.7243793735593895,False,Antioquia
5,2024,DANE_2018_2050,Mujer,(45 a 49),212680,8,3.761519653940192,False,Antioquia
5,2024,DANE_2018_2050,Mujer,(50 a 54),199480,6,3.00782033286545,False,Antioquia
5,2024,DANE_2018_2050,Mujer,(55 a 59),205136,2,0.9749629514078465,True,Antioquia
5,2024,DANE_2018_2050,Mujer,(60 a 64),188818,5,2.6480526221017064,False,Antioquia
5,2024,DANE_2018_2050,Mujer,(65 a 69),153779,2,1.3005676978000897,True,Antioquia
5,2024,DANE_2018_2050,Mujer,(70 a 74),115032,1,0.8693233187287016,True,Antioquia
5,2024,DANE_2018_2050,Mujer,(75 a 79),78898,0,0.0,True,Antioquia
5,2024,DANE_2018_2050,Mujer,(80 y más),92526,1,1.080777295030586,True,Antioquia
8,2015,DANE_2005_2017,Hombre,(05 a 09),107818,0,0.0,True,Atlántico
8,2015,DANE_2005_2017,Hombre,(10 a 14),110461,1,0.9052968921157694,True,Atlántico
8,2015,DANE_2005_2017,Hombre,(15 a 17),65714,3,4.565237240161914,True,Atlántico
8,2015,DANE_2005_2017,Hombre,(18 a 19),42664,4,9.375585974123382,True,Atlántico
8,2015,DANE_2005_2017,Hombre,(20 a 24),104370,7,6.70690811535882,False,Atlántico
8,2015,DANE_2005_2017,Hombre,(25 a 29),95845,9,9.390161197767227,False,Atlántico
8,2015,DANE_2005_2017,Hombre,(30 a 34),88730,5,5.635072692437732,False,Atlántico
8,2015,DANE_2005_2017,Hombre,(35 a 39),77991,6,7.693195368696388,False,Atlántico
8,2015,DANE_2005_2017,Hombre,(40 a 44),69098,5,7.2360994529508815,False,Atlántico
8,2015,DANE_2005_2017,Hombre,(45 a 49),67943,6,8.830931810488202,False,Atlántico
8,2015,DANE_2005_2017,Hombre,(50 a 54),63270,4,6.32211158526948,True,Atlántico
8,2015,DANE_2005_2017,Hombre,(55 a 59),51667,8,15.483771072444695,False,Atlántico
8,2015,DANE_2005_2017,Hombre,(60 a 64),39305,5,12.721027859051011,False,Atlántico
8,2015,DANE_2005_2017,Hombre,(65 a 69),28689,2,6.971313046812367,True,Atlántico
8,2015,DANE_2005_2017,Hombre,(70 a 74),19623,2,10.192121490088162,True,Atlántico
8,2015,DANE_2005_2017,Hombre,(75 a 79),12784,1,7.822277847309136,True,Atlántico
8,2015,DANE_2005_2017,Hombre,(80 y más),15631,2,12.795086686712303,True,Atlántico
8,2015,DANE_2005_2017,Mujer,(05 a 09),103909,0,0.0,True,Atlántico
8,2015,DANE_2005_2017,Mujer,(10 a 14),107127,0,0.0,True,Atlántico
8,2015,DANE_2005_2017,Mujer,(15 a 17),63677,1,1.5704257424187698,True,Atlántico
8,2015,DANE_2005_2017,Mujer,(18 a 19),41576,0,0.0,True,Atlántico
8,2015,DANE_2005_2017,Mujer,(20 a 24),103785,1,0.9635303752950811,True,Atlántico
8,2015,DANE_2005_2017,Mujer,(25 a 29),97628,1,1.0242963084361045,True,Atlántico
8,2015,DANE_2005_2017,Mujer,(30 a 34),93007,2,2.1503757781672346,True,Atlántico
8,2015,DANE_2005_2017,Mujer,(35 a 39),84459,0,0.0,True,Atlántico
8,2015,DANE_2005_2017,Mujer,(40 a 44),76815,1,1.3018290698431296,True,Atlántico
8,2015,DANE_2005_2017,Mujer,(45 a 49),76981,0,0.0,True,Atlántico
8,2015,DANE_2005_2017,Mujer,(50 a 54),72562,1,1.3781318045257849,True,Atlántico
8,2015,DANE_2005_2017,Mujer,(55 a 59),60160,0,0.0,True,Atlántico
8,2015,DANE_2005_2017,Mujer,(60 a 64),46701,0,0.0,True,Atlántico
8,2015,DANE_2005_2017,Mujer,(65 a 69),34538,0,0.0,True,Atlántico
8,2015,DANE_2005_2017,Mujer,(70 a 74),24106,0,0.0,True,Atlántico
8,2015,DANE_2005_2017,Mujer,(75 a 79),15960,0,0.0,True,Atlántico
8,2015,DANE_2005_2017,Mujer,(80 y más),22618,0,0.0,True,Atlántico
8,2016,DANE_2005_2017,Hombre,(05 a 09),107531,0,0.0,True,Atlántico
8,2016,DANE_2005_2017,Hombre,(10 a 14),110249,1,0.90703770555742,True,Atlántico
8,2016,DANE_2005_2017,Hombre,(15 a 17),66322,3,4.52338590512952,True,Atlántico
8,2016,DANE_2005_2017,Hombre,(18 a 19),43276,5,11.553748035862833,False,Atlántico
8,2016,DANE_2005_2017,Hombre,(20 a 24),105208,14,13.30697285377538,False,Atlántico
8,2016,DANE_2005_2017,Hombre,(25 a 29),97668,12,12.286521685710776,False,Atlántico
8,2016,DANE_2005_2017,Hombre,(30 a 34),89757,8,8.91295386432256,False,Atlántico
8,2016,DANE_2005_2017,Hombre,(35 a 39),80657,6,7.438907968310252,False,Atlántico
8,2016,DANE_2005_2017,Hombre,(40 a 44),69877,5,7.155430256021294,False,Atlántico
8,2016,DANE_2005_2017,Hombre,(45 a 49),67902,4,5.8908426850460955,True,Atlántico
8,2016,DANE_2005_2017,Hombre,(50 a 54),64414,3,4.657372620858819,True,Atlántico
8,2016,DANE_2005_2017,Hombre,(55 a 59),53814,11,20.440777492845726,False,Atlántico
8,2016,DANE_2005_2017,Hombre,(60 a 64),41024,6,14.625585023400937,False,Atlántico
8,2016,DANE_2005_2017,Hombre,(65 a 69),30091,2,6.646505599680968,True,Atlántico
8,2016,DANE_2005_2017,Hombre,(70 a 74),20580,2,9.718172983479107,True,Atlántico
8,2016,DANE_2005_2017,Hombre,(75 a 79),13262,1,7.540340823405217,True,Atlántico
8,2016,DANE_2005_2017,Hombre,(80 y más),16091,1,6.214654154496301,True,Atlántico
8,2016,DANE_2005_2017,Mujer,(05 a 09),103561,0,0.0,True,Atlántico
8,2016,DANE_2005_2017,Mujer,(10 a 14),106941,0,0.0,True,Atlántico
8,2016,DANE_2005_2017,Mujer,(15 a 17),64465,2,3.102458698518576,True,Atlántico
8,2016,DANE_2005_2017,Mujer,(18 a 19),42219,0,0.0,True,Atlántico
8,2016,DANE_2005_2017,Mujer,(20 a 24),104485,3,2.8712255347657556,True,Atlántico
8,2016,DANE_2005_2017,Mujer,(25 a 29),99287,1,1.0071812019700463,True,Atlántico
8,2016,DANE_2005_2017,Mujer,(30 a 34),93747,3,3.200102403276905,True,Atlántico
8,2016,DANE_2005_2017,Mujer,(35 a 39),87013,0,0.0,True,Atlántico
8,2016,DANE_2005_2017,Mujer,(40 a 44),77438,2,2.582711330354606,True,Atlántico
8,2016,DANE_2005_2017,Mujer,(45 a 49),76817,2,2.6035903510941587,True,Atlántico
8,2016,DANE_2005_2017,Mujer,(50 a 54),73857,1,1.353967802645653,True,Atlántico
8,2016,DANE_2005_2017,Mujer,(55 a 59),62596,0,0.0,True,Atlántico
8,2016,DANE_2005_2017,Mujer,(60 a 64),48715,0,0.0,True,Atlántico
8,2016,DANE_2005_2017,Mujer,(65 a 69),36402,1,2.7471018075929896,True,Atlántico
8,2016,DANE_2005_2017,Mujer,(70 a 74),25425,0,0.0,True,Atlántico
8,2016,DANE_2005_2017,Mujer,(75 a 79),16755,0,0.0,True,Atlántico
8,2016,DANE_2005_2017,Mujer,(80 y más),23154,0,0.0,True,Atlántico
8,2017,DANE_2005_2017,Hombre,(05 a 09),107783,0,0.0,True,Atlántico
8,2017,DANE_2005_2017,Hombre,(10 a 14),110195,4,3.629928762648033,True,Atlántico
8,2017,DANE_2005_2017,Hombre,(15 a 17),66892,6,8.969682473240447,False,Atlántico
8,2017,DANE_2005_2017,Hombre,(18 a 19),43996,4,9.091735612328394,True,Atlántico
8,2017,DANE_2005_2017,Hombre,(20 a 24),106579,10,9.382711415944978,False,Atlántico
8,2017,DANE_2005_2017,Hombre,(25 a 29),100003,10,9.99970000899973,False,Atlántico
8,2017,DANE_2005_2017,Hombre,(30 a 34),91223,14,15.34700678556943,False,Atlántico
8,2017,DANE_2005_2017,Hombre,(35 a 39),83533,8,9.577053380101278,False,Atlántico
8,2017,DANE_2005_2017,Hombre,(40 a 44),71379,8,11.20777819806946,False,Atlántico
8,2017,DANE_2005_2017,Hombre,(45 a 49),67980,8,11.768167107972934,False,Atlántico
8,2017,DANE_2005_2017,Hombre,(50 a 54),65376,8,12.236906510034265,False,Atlántico
8,2017,DANE_2005_2017,Hombre,(55 a 59),55956,4,7.1484738008435205,True,Atlántico
8,2017,DANE_2005_2017,Hombre,(60 a 64),42867,5,11.663983950358086,False,Atlántico
8,2017,DANE_2005_2017,Hombre,(65 a 69),31593,2,6.330516253600481,True,Atlántico
8,2017,DANE_2005_2017,Hombre,(70 a 74),21582,3,13.900472616068948,True,Atlántico
8,2017,DANE_2005_2017,Hombre,(75 a 79),13831,1,7.230135203528306,True,Atlántico
8,2017,DANE_2005_2017,Hombre,(80 y más),16573,0,0.0,True,Atlántico
8,2017,DANE_2005_2017,Mujer,(05 a 09),103675,0,0.0,True,Atlántico
8,2017,DANE_2005_2017,Mujer,(10 a 14),106839,1,0.9359877947191568,True,Atlántico
8,2017,DANE_2005_2017,Mujer,(15 a 17),65215,3,4.600168672851338,True,Atlántico
8,2017,DANE_2005_2017,Mujer,(18 a 19),43032,1,2.3238520171035506,True,Atlántico
8,2017,DANE_2005_2017,Mujer,(20 a 24),105739,2,1.8914497016238094,True,Atlántico
8,2017,DANE_2005_2017,Mujer,(25 a 29),101440,0,0.0,True,Atlántico
8,2017,DANE_2005_2017,Mujer,(30 a 34),94893,0,0.0,True,Atlántico
8,2017,DANE_2005_2017,Mujer,(35 a 39),89674,0,0.0,True,Atlántico
8,2017,DANE_2005_2017,Mujer,(40 a 44),78769,0,0.0,True,Atlántico
8,2017,DANE_2005_2017,Mujer,(45 a 49),76732,0,0.0,True,Atlántico
8,2017,DANE_2005_2017,Mujer,(50 a 54),74923,1,1.3347036290591674,True,Atlántico
8,2017,DANE_2005_2017,Mujer,(55 a 59),64979,0,0.0,True,Atlántico
8,2017,DANE_2005_2017,Mujer,(60 a 64),50898,0,0.0,True,Atlántico
8,2017,DANE_2005_2017,Mujer,(65 a 69),38347,0,0.0,True,Atlántico
8,2017,DANE_2005_2017,Mujer,(70 a 74),26841,0,0.0,True,Atlántico
8,2017,DANE_2005_2017,Mujer,(75 a 79),17641,0,0.0,True,Atlántico
8,2017,DANE_2005_2017,Mujer,(80 y más),23764,0,0.0,True,Atlántico
8,2018,DANE_2018_2050,Hombre,(05 a 09),110706,0,0.0,True,Atlántico
8,2018,DANE_2018_2050,Hombre,(10 a 14),114696,1,0.8718699867475763,True,Atlántico
8,2018,DANE_2018_2050,Hombre,(15 a 17),68613,1,1.4574497544197162,True,Atlántico
8,2018,DANE_2018_2050,Hombre,(18 a 19),44946,1,2.2248920927335023,True,Atlántico
8,2018,DANE_2018_2050,Hombre,(20 a 24),108460,11,10.141987829614605,False,Atlántico
8,2018,DANE_2018_2050,Hombre,(25 a 29),100902,15,14.865909496342988,False,Atlántico
8,2018,DANE_2018_2050,Hombre,(30 a 34),91744,8,8.719916288803628,False,Atlántico
8,2018,DANE_2018_2050,Hombre,(35 a 39),86210,8,9.279665932026447,False,Atlántico
8,2018,DANE_2018_2050,Hombre,(40 a 44),73793,5,6.775710433238926,False,Atlántico
8,2018,DANE_2018_2050,Hombre,(45 a 49),68356,10,14.629293697700275,False,Atlántico
8,2018,DANE_2018_2050,Hombre,(50 a 54),65622,7,10.667154308006461,False,Atlántico
8,2018,DANE_2018_2050,Hombre,(55 a 59),57517,6,10.431698454370013,False,Atlántico
8,2018,DANE_2018_2050,Hombre,(60 a 64),44690,8,17.901096442157083,False,Atlántico
8,2018,DANE_2018_2050,Hombre,(65 a 69),33494,4,11.942437451483848,True,Atlántico
8,2018,DANE_2018_2050,Hombre,(70 a 74),23301,5,21.458306510450196,False,Atlántico
8,2018,DANE_2018_2050,Hombre,(75 a 79),16362,2,12.223444566678891,True,Atlántico
8,2018,DANE_2018_2050,Hombre,(80 y más),18939,1,5.280109826284386,True,Atlántico
8,2018,DANE_2018_2050,Mujer,(05 a 09),106433,0,0.0,True,Atlántico
8,2018,DANE_2018_2050,Mujer,(10 a 14),109954,1,0.9094712334248868,True,Atlántico
8,2018,DANE_2018_2050,Mujer,(15 a 17),66498,1,1.5038046257030286,True,Atlántico
8,2018,DANE_2018_2050,Mujer,(18 a 19),44724,0,0.0,True,Atlántico
8,2018,DANE_2018_2050,Mujer,(20 a 24),109290,3,2.744990392533626,True,Atlántico
8,2018,DANE_2018_2050,Mujer,(25 a 29),103502,2,1.93232981005198,True,Atlántico
8,2018,DANE_2018_2050,Mujer,(30 a 34),95944,2,2.0845493204369214,True,Atlántico
8,2018,DANE_2018_2050,Mujer,(35 a 39),92568,1,1.0802869242070694,True,Atlántico
8,2018,DANE_2018_2050,Mujer,(40 a 44),80954,1,1.2352694122588137,True,Atlántico
8,2018,DANE_2018_2050,Mujer,(45 a 49),75474,1,1.3249595887325436,True,Atlántico
8,2018,DANE_2018_2050,Mujer,(50 a 54),74369,0,0.0,True,Atlántico
8,2018,DANE_2018_2050,Mujer,(55 a 59),66174,0,0.0,True,Atlántico
8,2018,DANE_2018_2050,Mujer,(60 a 64),52430,1,1.907304978065993,True,Atlántico
8,2018,DANE_2018_2050,Mujer,(65 a 69),40595,1,2.463357556349304,True,Atlántico
8,2018,DANE_2018_2050,Mujer,(70 a 74),28809,0,0.0,True,Atlántico
8,2018,DANE_2018_2050,Mujer,(75 a 79),21495,0,0.0,True,Atlántico
8,2018,DANE_2018_2050,Mujer,(80 y más),30440,0,0.0,True,Atlántico
8,2019,DANE_2018_2050,Hombre,(05 a 09),112055,0,0.0,True,Atlántico
8,2019,DANE_2018_2050,Hombre,(10 a 14),116124,2,1.7222968550859428,True,Atlántico
8,2019,DANE_2018_2050,Hombre,(15 a 17),69757,3,4.300643663001563,True,Atlántico
8,2019,DANE_2018_2050,Hombre,(18 a 19),46581,1,2.14679805070737,True,Atlántico
8,2019,DANE_2018_2050,Hombre,(20 a 24),112537,7,6.220176475292571,False,Atlántico
8,2019,DANE_2018_2050,Hombre,(25 a 29),106221,3,2.824300279605728,True,Atlántico
8,2019,DANE_2018_2050,Hombre,(30 a 34),95045,6,6.312799200378768,False,Atlántico
8,2019,DANE_2018_2050,Hombre,(35 a 39),89373,5,5.5945307867029195,False,Atlántico
8,2019,DANE_2018_2050,Hombre,(40 a 44),77353,7,9.049422776104352,False,Atlántico
8,2019,DANE_2018_2050,Hombre,(45 a 49),69390,3,4.32338953739732,True,Atlántico
8,2019,DANE_2018_2050,Hombre,(50 a 54),66529,8,12.02483127658615,False,Atlántico
8,2019,DANE_2018_2050,Hombre,(55 a 59),59983,3,5.001417068169315,True,Atlántico
8,2019,DANE_2018_2050,Hombre,(60 a 64),46751,5,10.694958396611838,False,Atlántico
8,2019,DANE_2018_2050,Hombre,(65 a 69),35000,6,17.142857142857142,False,Atlántico
8,2019,DANE_2018_2050,Hombre,(70 a 74),24550,3,12.219959266802444,True,Atlántico
8,2019,DANE_2018_2050,Hombre,(75 a 79),16698,0,0.0,True,Atlántico
8,2019,DANE_2018_2050,Hombre,(80 y más),19446,2,10.284891494394733,True,Atlántico
8,2019,DANE_2018_2050,Mujer,(05 a 09),107910,0,0.0,True,Atlántico
8,2019,DANE_2018_2050,Mujer,(10 a 14),111522,1,0.896684062337476,True,Atlántico
8,2019,DANE_2018_2050,Mujer,(15 a 17),67460,1,1.4823599169878448,True,Atlántico
8,2019,DANE_2018_2050,Mujer,(18 a 19),45813,0,0.0,True,Atlántico
8,2019,DANE_2018_2050,Mujer,(20 a 24),113625,1,0.8800880088008801,True,Atlántico
8,2019,DANE_2018_2050,Mujer,(25 a 29),108572,1,0.9210477839590318,True,Atlántico
8,2019,DANE_2018_2050,Mujer,(30 a 34),99091,0,0.0,True,Atlántico
8,2019,DANE_2018_2050,Mujer,(35 a 39),95708,0,0.0,True,Atlántico
8,2019,DANE_2018_2050,Mujer,(40 a 44),84497,0,0.0,True,Atlántico
8,2019,DANE_2018_2050,Mujer,(45 a 49),76666,0,0.0,True,Atlántico
8,2019,DANE_2018_2050,Mujer,(50 a 54),75310,1,1.327844907714779,True,Atlántico
8,2019,DANE_2018_2050,Mujer,(55 a 59),68772,1,1.4540801488978072,True,Atlántico
8,2019,DANE_2018_2050,Mujer,(60 a 64),54738,0,0.0,True,Atlántico
8,2019,DANE_2018_2050,Mujer,(65 a 69),42468,0,0.0,True,Atlántico
8,2019,DANE_2018_2050,Mujer,(70 a 74),30377,0,0.0,True,Atlántico
8,2019,DANE_2018_2050,Mujer,(75 a 79),21599,0,0.0,True,Atlántico
8,2019,DANE_2018_2050,Mujer,(80 y más),30650,0,0.0,True,Atlántico
8,2020,DANE_2018_2050,Hombre,(05 a 09),114074,0,0.0,True,Atlántico
8,2020,DANE_2018_2050,Hombre,(10 a 14),117624,2,1.7003332653200025,True,Atlántico
8,2020,DANE_2018_2050,Hombre,(15 a 17),71209,2,2.80863374011712,True,Atlántico
8,2020,DANE_2018_2050,Hombre,(18 a 19),47985,5,10.419922892570595,False,Atlántico
8,2020,DANE_2018_2050,Hombre,(20 a 24),117397,6,5.110863139603227,False,Atlántico
8,2020,DANE_2018_2050,Hombre,(25 a 29),111870,4,3.5755787968177346,True,Atlántico
8,2020,DANE_2018_2050,Hombre,(30 a 34),99467,6,6.032151366784964,False,Atlántico
8,2020,DANE_2018_2050,Hombre,(35 a 39),92668,7,7.553848146069841,False,Atlántico
8,2020,DANE_2018_2050,Hombre,(40 a 44),81472,7,8.591908876669285,False,Atlántico
8,2020,DANE_2018_2050,Hombre,(45 a 49),70753,2,2.826735262109027,True,Atlántico
8,2020,DANE_2018_2050,Hombre,(50 a 54),67529,7,10.36591686534674,False,Atlántico
8,2020,DANE_2018_2050,Hombre,(55 a 59),62325,4,6.417970316887284,True,Atlántico
8,2020,DANE_2018_2050,Hombre,(60 a 64),48931,1,2.043694181602665,True,Atlántico
8,2020,DANE_2018_2050,Hombre,(65 a 69),36692,6,16.35233838438897,False,Atlántico
8,2020,DANE_2018_2050,Hombre,(70 a 74),25873,4,15.460132184130174,True,Atlántico
8,2020,DANE_2018_2050,Hombre,(75 a 79),17099,3,17.54488566582841,True,Atlántico
8,2020,DANE_2018_2050,Hombre,(80 y más),20042,0,0.0,True,Atlántico
8,2020,DANE_2018_2050,Mujer,(05 a 09),110021,0,0.0,True,Atlántico
8,2020,DANE_2018_2050,Mujer,(10 a 14),113380,1,0.8819897689186806,True,Atlántico
8,2020,DANE_2018_2050,Mujer,(15 a 17),68708,1,1.455434592769401,True,Atlántico
8,2020,DANE_2018_2050,Mujer,(18 a 19),46906,0,0.0,True,Atlántico
8,2020,DANE_2018_2050,Mujer,(20 a 24),118418,0,0.0,True,Atlántico
8,2020,DANE_2018_2050,Mujer,(25 a 29),114042,3,2.6306097753459254,True,Atlántico
8,2020,DANE_2018_2050,Mujer,(30 a 34),103565,0,0.0,True,Atlántico
8,2020,DANE_2018_2050,Mujer,(35 a 39),98642,1,1.0137669552523265,True,Atlántico
8,2020,DANE_2018_2050,Mujer,(40 a 44),88770,0,0.0,True,Atlántico
8,2020,DANE_2018_2050,Mujer,(45 a 49),78284,0,0.0,True,Atlántico
8,2020,DANE_2018_2050,Mujer,(50 a 54),76472,2,2.6153363322523275,True,Atlántico
8,2020,DANE_2018_2050,Mujer,(55 a 59),71013,2,2.8163857321898806,True,Atlántico
8,2020,DANE_2018_2050,Mujer,(60 a 64),57368,1,1.7431320596848419,True,Atlántico
8,2020,DANE_2018_2050,Mujer,(65 a 69),44339,1,2.255350819820023,True,Atlántico
8,2020,DANE_2018_2050,Mujer,(70 a 74),32159,0,0.0,True,Atlántico
8,2020,DANE_2018_2050,Mujer,(75 a 79),21975,0,0.0,True,Atlántico
8,2020,DANE_2018_2050,Mujer,(80 y más),30972,0,0.0,True,Atlántico
8,2021,DANE_2018_2050,Hombre,(05 a 09),114705,0,0.0,True,Atlántico
8,2021,DANE_2018_2050,Hombre,(10 a 14),117840,5,4.243041412084182,False,Atlántico
8,2021,DANE_2018_2050,Hombre,(15 a 17),71929,4,5.561039358256059,True,Atlántico
8,2021,DANE_2018_2050,Hombre,(18 a 19),48265,3,6.215684243240444,True,Atlántico
8,2021,DANE_2018_2050,Hombre,(20 a 24),119998,16,13.333555559259322,False,Atlántico
8,2021,DANE_2018_2050,Hombre,(25 a 29),115028,10,8.693535487011857,False,Atlántico
8,2021,DANE_2018_2050,Hombre,(30 a 34),102789,6,5.8372004786504395,False,Atlántico
8,2021,DANE_2018_2050,Hombre,(35 a 39),94568,8,8.459521191100583,False,Atlántico
8,2021,DANE_2018_2050,Hombre,(40 a 44),84743,3,3.540115407762293,True,Atlántico
8,2021,DANE_2018_2050,Hombre,(45 a 49),72034,6,8.329400005552934,False,Atlántico
8,2021,DANE_2018_2050,Hombre,(50 a 54),68198,6,8.797911962227632,False,Atlántico
8,2021,DANE_2018_2050,Hombre,(55 a 59),63680,3,4.711055276381909,True,Atlántico
8,2021,DANE_2018_2050,Hombre,(60 a 64),51007,4,7.842060893602839,True,Atlántico
8,2021,DANE_2018_2050,Hombre,(65 a 69),38114,6,15.742246943380383,False,Atlántico
8,2021,DANE_2018_2050,Hombre,(70 a 74),27018,4,14.804944851580428,True,Atlántico
8,2021,DANE_2018_2050,Hombre,(75 a 79),17397,2,11.496234983043054,True,Atlántico
8,2021,DANE_2018_2050,Hombre,(80 y más),20057,5,24.928952485416563,False,Atlántico
8,2021,DANE_2018_2050,Mujer,(05 a 09),110771,0,0.0,True,Atlántico
8,2021,DANE_2018_2050,Mujer,(10 a 14),113889,2,1.7560958477113682,True,Atlántico
8,2021,DANE_2018_2050,Mujer,(15 a 17),69209,1,1.444898784840122,True,Atlántico
8,2021,DANE_2018_2050,Mujer,(18 a 19),46962,1,2.1293812018227505,True,Atlántico
8,2021,DANE_2018_2050,Mujer,(20 a 24),120646,2,1.6577424862821808,True,Atlántico
8,2021,DANE_2018_2050,Mujer,(25 a 29),116891,3,2.5664935709336048,True,Atlántico
8,2021,DANE_2018_2050,Mujer,(30 a 34),106737,2,1.8737644865416865,True,Atlántico
8,2021,DANE_2018_2050,Mujer,(35 a 39),100317,2,1.9936800342912966,True,Atlántico
8,2021,DANE_2018_2050,Mujer,(40 a 44),92003,1,1.0869210786604786,True,Atlántico
8,2021,DANE_2018_2050,Mujer,(45 a 49),79784,0,0.0,True,Atlántico
8,2021,DANE_2018_2050,Mujer,(50 a 54),76824,0,0.0,True,Atlántico
8,2021,DANE_2018_2050,Mujer,(55 a 59),72567,0,0.0,True,Atlántico
8,2021,DANE_2018_2050,Mujer,(60 a 64),59810,1,1.6719612104999164,True,Atlántico
8,2021,DANE_2018_2050,Mujer,(65 a 69),45984,0,0.0,True,Atlántico
8,2021,DANE_2018_2050,Mujer,(70 a 74),33676,1,2.9694738092410025,True,Atlántico
8,2021,DANE_2018_2050,Mujer,(75 a 79),22354,0,0.0,True,Atlántico
8,2021,DANE_2018_2050,Mujer,(80 y más),30558,1,3.2724654754892333,True,Atlántico
8,2022,DANE_2018_2050,Hombre,(05 a 09),114759,0,0.0,True,Atlántico
8,2022,DANE_2018_2050,Hombre,(10 a 14),117453,1,0.8514043915438516,True,Atlántico
8,2022,DANE_2018_2050,Hombre,(15 a 17),72343,2,2.7646074948509187,True,Atlántico
8,2022,DANE_2018_2050,Hombre,(18 a 19),48252,1,2.0724529553179143,True,Atlántico
8,2022,DANE_2018_2050,Hombre,(20 a 24),121433,6,4.940996269547816,False,Atlántico
8,2022,DANE_2018_2050,Hombre,(25 a 29),116776,11,9.419743782969103,False,Atlántico
8,2022,DANE_2018_2050,Hombre,(30 a 34),105790,9,8.50742036109273,False,Atlántico
8,2022,DANE_2018_2050,Hombre,(35 a 39),96003,9,9.374707040404987,False,Atlántico
8,2022,DANE_2018_2050,Hombre,(40 a 44),87168,2,2.294419970631424,True,Atlántico
8,2022,DANE_2018_2050,Hombre,(45 a 49),73737,4,5.424685029225491,True,Atlántico
8,2022,DANE_2018_2050,Hombre,(50 a 54),68685,4,5.823687850331222,True,Atlántico
8,2022,DANE_2018_2050,Hombre,(55 a 59),64513,7,10.850526250523151,False,Atlántico
8,2022,DANE_2018_2050,Hombre,(60 a 64),53009,6,11.318832651059255,False,Atlántico
8,2022,DANE_2018_2050,Hombre,(65 a 69),39612,2,5.048975058063213,True,Atlántico
8,2022,DANE_2018_2050,Hombre,(70 a 74),28047,3,10.696331158412665,True,Atlántico
8,2022,DANE_2018_2050,Hombre,(75 a 79),17821,2,11.222714774704,True,Atlántico
8,2022,DANE_2018_2050,Hombre,(80 y más),19975,1,5.006257822277847,True,Atlántico
8,2022,DANE_2018_2050,Mujer,(05 a 09),110927,0,0.0,True,Atlántico
8,2022,DANE_2018_2050,Mujer,(10 a 14),113707,0,0.0,True,Atlántico
8,2022,DANE_2018_2050,Mujer,(15 a 17),69428,2,2.880682145532062,True,Atlántico
8,2022,DANE_2018_2050,Mujer,(18 a 19),46822,0,0.0,True,Atlántico
8,2022,DANE_2018_2050,Mujer,(20 a 24),121198,3,2.4752883710952327,True,Atlántico
8,2022,DANE_2018_2050,Mujer,(25 a 29),118703,0,0.0,True,Atlántico
8,2022,DANE_2018_2050,Mujer,(30 a 34),109466,1,0.9135256609358157,True,Atlántico
8,2022,DANE_2018_2050,Mujer,(35 a 39),101351,1,0.9866700871229687,True,Atlántico
8,2022,DANE_2018_2050,Mujer,(40 a 44),94629,0,0.0,True,Atlántico
8,2022,DANE_2018_2050,Mujer,(45 a 49),81623,1,1.2251448733812773,True,Atlántico
8,2022,DANE_2018_2050,Mujer,(50 a 54),76964,0,0.0,True,Atlántico
8,2022,DANE_2018_2050,Mujer,(55 a 59),73538,1,1.3598411705512796,True,Atlántico
8,2022,DANE_2018_2050,Mujer,(60 a 64),62197,0,0.0,True,Atlántico
8,2022,DANE_2018_2050,Mujer,(65 a 69),47636,1,2.099252666050886,True,Atlántico
8,2022,DANE_2018_2050,Mujer,(70 a 74),35149,3,8.535093459273378,True,Atlántico
8,2022,DANE_2018_2050,Mujer,(75 a 79),22998,1,4.348204191668841,True,Atlántico
8,2022,DANE_2018_2050,Mujer,(80 y más),30142,0,0.0,True,Atlántico
8,2023,DANE_2018_2050,Hombre,(05 a 09),114898,0,0.0,True,Atlántico
8,2023,DANE_2018_2050,Hombre,(10 a 14),117142,1,0.8536647829130458,True,Atlántico
8,2023,DANE_2018_2050,Hombre,(15 a 17),72323,1,1.3826860058349348,True,Atlántico
8,2023,DANE_2018_2050,Hombre,(18 a 19),48428,3,6.194763360039647,True,Atlántico
8,2023,DANE_2018_2050,Hombre,(20 a 24),122333,9,7.356968275117916,False,Atlántico
8,2023,DANE_2018_2050,Hombre,(25 a 29),118290,6,5.07227998985544,False,Atlántico
8,2023,DANE_2018_2050,Hombre,(30 a 34),108891,6,5.510097253216519,False,Atlántico
8,2023,DANE_2018_2050,Hombre,(35 a 39),97241,4,4.113491222838103,True,Atlántico
8,2023,DANE_2018_2050,Hombre,(40 a 44),89451,4,4.471721948329253,True,Atlántico
8,2023,DANE_2018_2050,Hombre,(45 a 49),75853,7,9.228375937668911,False,Atlántico
8,2023,DANE_2018_2050,Hombre,(50 a 54),69289,5,7.216152636060557,False,Atlántico
8,2023,DANE_2018_2050,Hombre,(55 a 59),64938,3,4.619791185438418,True,Atlántico
8,2023,DANE_2018_2050,Hombre,(60 a 64),55170,8,14.50063440275512,False,Atlántico
8,2023,DANE_2018_2050,Hombre,(65 a 69),41239,7,16.97422342927811,False,Atlántico
8,2023,DANE_2018_2050,Hombre,(70 a 74),29202,4,13.697691938908292,True,Atlántico
8,2023,DANE_2018_2050,Hombre,(75 a 79),18552,1,5.390254420008625,True,Atlántico
8,2023,DANE_2018_2050,Hombre,(80 y más),20238,1,4.941199723292816,True,Atlántico
8,2023,DANE_2018_2050,Mujer,(05 a 09),110761,0,0.0,True,Atlántico
8,2023,DANE_2018_2050,Mujer,(10 a 14),113482,1,0.8811970180292911,True,Atlántico
8,2023,DANE_2018_2050,Mujer,(15 a 17),69593,1,1.4369261276277787,True,Atlántico
8,2023,DANE_2018_2050,Mujer,(18 a 19),46770,1,2.138122728244601,True,Atlántico
8,2023,DANE_2018_2050,Mujer,(20 a 24),121050,2,1.6522098306484923,True,Atlántico
8,2023,DANE_2018_2050,Mujer,(25 a 29),120158,4,3.3289502155495265,True,Atlántico
8,2023,DANE_2018_2050,Mujer,(30 a 34),112257,1,0.890813045066232,True,Atlántico
8,2023,DANE_2018_2050,Mujer,(35 a 39),102378,0,0.0,True,Atlántico
8,2023,DANE_2018_2050,Mujer,(40 a 44),96808,1,1.0329724816130899,True,Atlántico
8,2023,DANE_2018_2050,Mujer,(45 a 49),83870,0,0.0,True,Atlántico
8,2023,DANE_2018_2050,Mujer,(50 a 54),77179,0,0.0,True,Atlántico
8,2023,DANE_2018_2050,Mujer,(55 a 59),74345,2,2.690160737104042,True,Atlántico
8,2023,DANE_2018_2050,Mujer,(60 a 64),64460,0,0.0,True,Atlántico
8,2023,DANE_2018_2050,Mujer,(65 a 69),49501,0,0.0,True,Atlántico
8,2023,DANE_2018_2050,Mujer,(70 a 74),36552,0,0.0,True,Atlántico
8,2023,DANE_2018_2050,Mujer,(75 a 79),23993,0,0.0,True,Atlántico
8,2023,DANE_2018_2050,Mujer,(80 y más),30049,0,0.0,True,Atlántico
8,2024,DANE_2018_2050,Hombre,(05 a 09),114397,0,0.0,True,Atlántico
8,2024,DANE_2018_2050,Hombre,(10 a 14),116886,1,0.8555344523723971,True,Atlántico
8,2024,DANE_2018_2050,Hombre,(15 a 17),72032,4,5.553087516659263,True,Atlántico
8,2024,DANE_2018_2050,Hombre,(18 a 19),48686,3,6.161935669391611,True,Atlántico
8,2024,DANE_2018_2050,Hombre,(20 a 24),122889,11,8.95116731359194,False,Atlántico
8,2024,DANE_2018_2050,Hombre,(25 a 29),119611,5,4.180217538520704,False,Atlántico
8,2024,DANE_2018_2050,Hombre,(30 a 34),111788,4,3.5782015958779114,True,Atlántico
8,2024,DANE_2018_2050,Hombre,(35 a 39),98785,4,4.049197752695247,True,Atlántico
8,2024,DANE_2018_2050,Hombre,(40 a 44),91336,6,6.569151265656477,False,Atlántico
8,2024,DANE_2018_2050,Hombre,(45 a 49),78485,4,5.096515257692553,True,Atlántico
8,2024,DANE_2018_2050,Hombre,(50 a 54),69749,5,7.168561556438085,False,Atlántico
8,2024,DANE_2018_2050,Hombre,(55 a 59),65483,5,7.635569537131775,False,Atlántico
8,2024,DANE_2018_2050,Hombre,(60 a 64),57258,6,10.478885046631039,False,Atlántico
8,2024,DANE_2018_2050,Hombre,(65 a 69),42994,3,6.977717821091315,True,Atlántico
8,2024,DANE_2018_2050,Hombre,(70 a 74),30452,3,9.851569683436228,True,Atlántico
8,2024,DANE_2018_2050,Hombre,(75 a 79),19530,1,5.1203277009728625,True,Atlántico
8,2024,DANE_2018_2050,Hombre,(80 y más),20793,2,9.618621651517337,True,Atlántico
8,2024,DANE_2018_2050,Mujer,(05 a 09),110063,1,0.9085705459600412,True,Atlántico
8,2024,DANE_2018_2050,Mujer,(10 a 14),113284,1,0.8827371914833515,True,Atlántico
8,2024,DANE_2018_2050,Mujer,(15 a 17),69603,2,2.8734393632458373,True,Atlántico
8,2024,DANE_2018_2050,Mujer,(18 a 19),46821,0,0.0,True,Atlántico
8,2024,DANE_2018_2050,Mujer,(20 a 24),120589,1,0.8292630339417361,True,Atlántico
8,2024,DANE_2018_2050,Mujer,(25 a 29),121510,2,1.6459550654267139,True,Atlántico
8,2024,DANE_2018_2050,Mujer,(30 a 34),114829,1,0.8708601485687414,True,Atlántico
8,2024,DANE_2018_2050,Mujer,(35 a 39),103696,0,0.0,True,Atlántico
8,2024,DANE_2018_2050,Mujer,(40 a 44),98600,0,0.0,True,Atlántico
8,2024,DANE_2018_2050,Mujer,(45 a 49),86412,1,1.1572466787020321,True,Atlántico
8,2024,DANE_2018_2050,Mujer,(50 a 54),77680,0,0.0,True,Atlántico
8,2024,DANE_2018_2050,Mujer,(55 a 59),74826,0,0.0,True,Atlántico
8,2024,DANE_2018_2050,Mujer,(60 a 64),66639,0,0.0,True,Atlántico
8,2024,DANE_2018_2050,Mujer,(65 a 69),51455,0,0.0,True,Atlántico
8,2024,DANE_2018_2050,Mujer,(70 a 74),38117,0,0.0,True,Atlántico
8,2024,DANE_2018_2050,Mujer,(75 a 79),25241,0,0.0,True,Atlántico
8,2024,DANE_2018_2050,Mujer,(80 y más),30372,0,0.0,True,Atlántico
11,2015,DANE_2005_2017,Hombre,(05 a 09),254617,0,0.0,True,"Bogotá, D.C."
11,2015,DANE_2005_2017,Hombre,(10 a 14),273980,5,1.824950726330389,False,"Bogotá, D.C."
11,2015,DANE_2005_2017,Hombre,(15 a 17),187442,11,5.868481983760311,False,"Bogotá, D.C."
11,2015,DANE_2005_2017,Hombre,(18 a 19),136696,14,10.24170421958214,False,"Bogotá, D.C."
11,2015,DANE_2005_2017,Hombre,(20 a 24),344329,38,11.035956890067348,False,"Bogotá, D.C."
11,2015,DANE_2005_2017,Hombre,(25 a 29),324054,26,8.02335413233597,False,"Bogotá, D.C."
11,2015,DANE_2005_2017,Hombre,(30 a 34),302371,30,9.921586395520734,False,"Bogotá, D.C."
11,2015,DANE_2005_2017,Hombre,(35 a 39),262044,22,8.395536627436613,False,"Bogotá, D.C."
11,2015,DANE_2005_2017,Hombre,(40 a 44),224246,16,7.135021360470198,False,"Bogotá, D.C."
11,2015,DANE_2005_2017,Hombre,(45 a 49),216073,22,10.181744132769943,False,"Bogotá, D.C."
11,2015,DANE_2005_2017,Hombre,(50 a 54),200589,15,7.477977356684564,False,"Bogotá, D.C."
11,2015,DANE_2005_2017,Hombre,(55 a 59),162943,13,7.978250062905433,False,"Bogotá, D.C."
11,2015,DANE_2005_2017,Hombre,(60 a 64),121734,5,4.107315951172228,False,"Bogotá, D.C."
11,2015,DANE_2005_2017,Hombre,(65 a 69),87222,11,12.611497099355667,False,"Bogotá, D.C."
11,2015,DANE_2005_2017,Hombre,(70 a 74),58759,5,8.509334740210011,False,"Bogotá, D.C."
11,2015,DANE_2005_2017,Hombre,(75 a 79),36855,4,10.85334418667752,True,"Bogotá, D.C."
11,2015,DANE_2005_2017,Hombre,(80 y más),42328,4,9.45000945000945,True,"Bogotá, D.C."
11,2015,DANE_2005_2017,Mujer,(05 a 09),243570,0,0.0,True,"Bogotá, D.C."
11,2015,DANE_2005_2017,Mujer,(10 a 14),265220,4,1.5081818867355403,True,"Bogotá, D.C."
11,2015,DANE_2005_2017,Mujer,(15 a 17),182554,4,2.191132486825816,True,"Bogotá, D.C."
11,2015,DANE_2005_2017,Mujer,(18 a 19),134848,5,3.707878500237304,False,"Bogotá, D.C."
11,2015,DANE_2005_2017,Mujer,(20 a 24),346823,10,2.883315120392823,False,"Bogotá, D.C."
11,2015,DANE_2005_2017,Mujer,(25 a 29),330162,10,3.0288161569169074,False,"Bogotá, D.C."
11,2015,DANE_2005_2017,Mujer,(30 a 34),319093,8,2.5071060787920763,False,"Bogotá, D.C."
11,2015,DANE_2005_2017,Mujer,(35 a 39),288183,7,2.4290121207704827,False,"Bogotá, D.C."
11,2015,DANE_2005_2017,Mujer,(40 a 44),257923,6,2.3262756714213157,False,"Bogotá, D.C."
11,2015,DANE_2005_2017,Mujer,(45 a 49),258533,3,1.160393450739364,True,"Bogotá, D.C."
11,2015,DANE_2005_2017,Mujer,(50 a 54),246877,2,0.8101200192808564,True,"Bogotá, D.C."
11,2015,DANE_2005_2017,Mujer,(55 a 59),206357,3,1.453791245269121,True,"Bogotá, D.C."
11,2015,DANE_2005_2017,Mujer,(60 a 64),157845,1,0.633532896195635,True,"Bogotá, D.C."
11,2015,DANE_2005_2017,Mujer,(65 a 69),115554,3,2.5961887948491613,True,"Bogotá, D.C."
11,2015,DANE_2005_2017,Mujer,(70 a 74),79868,1,1.2520659087494366,True,"Bogotá, D.C."
11,2015,DANE_2005_2017,Mujer,(75 a 79),51975,0,0.0,True,"Bogotá, D.C."
11,2015,DANE_2005_2017,Mujer,(80 y más),67092,2,2.9809813390568176,True,"Bogotá, D.C."
11,2016,DANE_2005_2017,Hombre,(05 a 09),248538,0,0.0,True,"Bogotá, D.C."
11,2016,DANE_2005_2017,Hombre,(10 a 14),265155,9,3.3942411042597724,False,"Bogotá, D.C."
11,2016,DANE_2005_2017,Hombre,(15 a 17),179059,18,10.05255251062499,False,"Bogotá, D.C."
11,2016,DANE_2005_2017,Hombre,(18 a 19),133177,10,7.508804072775329,False,"Bogotá, D.C."
11,2016,DANE_2005_2017,Hombre,(20 a 24),349024,52,14.898688915375446,False,"Bogotá, D.C."
11,2016,DANE_2005_2017,Hombre,(25 a 29),328868,41,12.467008039699818,False,"Bogotá, D.C."
11,2016,DANE_2005_2017,Hombre,(30 a 34),303434,32,10.545950684498111,False,"Bogotá, D.C."
11,2016,DANE_2005_2017,Hombre,(35 a 39),268084,18,6.71431342415064,False,"Bogotá, D.C."
11,2016,DANE_2005_2017,Hombre,(40 a 44),225625,22,9.750692520775623,False,"Bogotá, D.C."
11,2016,DANE_2005_2017,Hombre,(45 a 49),214293,19,8.86636521024952,False,"Bogotá, D.C."
11,2016,DANE_2005_2017,Hombre,(50 a 54),203190,14,6.8901028593926865,False,"Bogotá, D.C."
11,2016,DANE_2005_2017,Hombre,(55 a 59),169122,11,6.504180414138906,False,"Bogotá, D.C."
11,2016,DANE_2005_2017,Hombre,(60 a 64),127024,16,12.596044841919639,False,"Bogotá, D.C."
11,2016,DANE_2005_2017,Hombre,(65 a 69),91084,7,7.68521364893944,False,"Bogotá, D.C."
11,2016,DANE_2005_2017,Hombre,(70 a 74),61733,8,12.959033256119094,False,"Bogotá, D.C."
11,2016,DANE_2005_2017,Hombre,(75 a 79),38669,3,7.758152525278647,True,"Bogotá, D.C."
11,2016,DANE_2005_2017,Hombre,(80 y más),44084,9,20.415570274929678,False,"Bogotá, D.C."
11,2016,DANE_2005_2017,Mujer,(05 a 09),237929,0,0.0,True,"Bogotá, D.C."
11,2016,DANE_2005_2017,Mujer,(10 a 14),256832,5,1.9467979068028904,False,"Bogotá, D.C."
11,2016,DANE_2005_2017,Mujer,(15 a 17),174945,5,2.8580410986309985,False,"Bogotá, D.C."
11,2016,DANE_2005_2017,Mujer,(18 a 19),131507,6,4.562494772141407,False,"Bogotá, D.C."
11,2016,DANE_2005_2017,Mujer,(20 a 24),351518,14,3.9827263468727065,False,"Bogotá, D.C."
11,2016,DANE_2005_2017,Mujer,(25 a 29),334240,7,2.094303494494974,False,"Bogotá, D.C."
11,2016,DANE_2005_2017,Mujer,(30 a 34),317844,6,1.8877185034167705,False,"Bogotá, D.C."
11,2016,DANE_2005_2017,Mujer,(35 a 39),292864,6,2.0487325174825175,False,"Bogotá, D.C."
11,2016,DANE_2005_2017,Mujer,(40 a 44),259067,4,1.5440021307229403,True,"Bogotá, D.C."
11,2016,DANE_2005_2017,Mujer,(45 a 49),256100,4,1.5618898867629833,True,"Bogotá, D.C."
11,2016,DANE_2005_2017,Mujer,(50 a 54),249921,5,2.000632199775129,False,"Bogotá, D.C."
11,2016,DANE_2005_2017,Mujer,(55 a 59),213895,0,0.0,True,"Bogotá, D.C."
11,2016,DANE_2005_2017,Mujer,(60 a 64),165033,2,1.2118788363539412,True,"Bogotá, D.C."
11,2016,DANE_2005_2017,Mujer,(65 a 69),121219,2,1.6499063678136265,True,"Bogotá, D.C."
11,2016,DANE_2005_2017,Mujer,(70 a 74),84517,0,0.0,True,"Bogotá, D.C."
11,2016,DANE_2005_2017,Mujer,(75 a 79),54838,1,1.8235530106860207,True,"Bogotá, D.C."
11,2016,DANE_2005_2017,Mujer,(80 y más),69752,0,0.0,True,"Bogotá, D.C."
11,2017,DANE_2005_2017,Hombre,(05 a 09),243711,1,0.41032206178629604,True,"Bogotá, D.C."
11,2017,DANE_2005_2017,Hombre,(10 a 14),257396,11,4.273570684859128,False,"Bogotá, D.C."
11,2017,DANE_2005_2017,Hombre,(15 a 17),171139,10,5.84320347787471,False,"Bogotá, D.C."
11,2017,DANE_2005_2017,Hombre,(18 a 19),128588,17,13.220518244315176,False,"Bogotá, D.C."
11,2017,DANE_2005_2017,Hombre,(20 a 24),352005,36,10.227127455575914,False,"Bogotá, D.C."
11,2017,DANE_2005_2017,Hombre,(25 a 29),335136,24,7.161271841879118,False,"Bogotá, D.C."
11,2017,DANE_2005_2017,Hombre,(30 a 34),305211,26,8.518696901487823,False,"Bogotá, D.C."
11,2017,DANE_2005_2017,Hombre,(35 a 39),273995,26,9.489224255917078,False,"Bogotá, D.C."
11,2017,DANE_2005_2017,Hombre,(40 a 44),228733,20,8.743819212793955,False,"Bogotá, D.C."
11,2017,DANE_2005_2017,Hombre,(45 a 49),212709,14,6.581761937670715,False,"Bogotá, D.C."
11,2017,DANE_2005_2017,Hombre,(50 a 54),204899,12,5.856543955802615,False,"Bogotá, D.C."
11,2017,DANE_2005_2017,Hombre,(55 a 59),175075,18,10.281308010852491,False,"Bogotá, D.C."
11,2017,DANE_2005_2017,Hombre,(60 a 64),132625,14,10.55607917059378,False,"Bogotá, D.C."
11,2017,DANE_2005_2017,Hombre,(65 a 69),95199,4,4.201724808033698,True,"Bogotá, D.C."
11,2017,DANE_2005_2017,Hombre,(70 a 74),64831,5,7.712359827860129,False,"Bogotá, D.C."
11,2017,DANE_2005_2017,Hombre,(75 a 79),40660,5,12.297097884899163,False,"Bogotá, D.C."
11,2017,DANE_2005_2017,Hombre,(80 y más),46016,11,23.90472878998609,False,"Bogotá, D.C."
11,2017,DANE_2005_2017,Mujer,(05 a 09),233457,0,0.0,True,"Bogotá, D.C."
11,2017,DANE_2005_2017,Mujer,(10 a 14),249318,8,3.2087534794920547,False,"Bogotá, D.C."
11,2017,DANE_2005_2017,Mujer,(15 a 17),167656,8,4.771675335210192,False,"Bogotá, D.C."
11,2017,DANE_2005_2017,Mujer,(18 a 19),127184,10,7.862624229462825,False,"Bogotá, D.C."
11,2017,DANE_2005_2017,Mujer,(20 a 24),354208,13,3.6701599060439065,False,"Bogotá, D.C."
11,2017,DANE_2005_2017,Mujer,(25 a 29),340074,15,4.410804707210783,False,"Bogotá, D.C."
11,2017,DANE_2005_2017,Mujer,(30 a 34),317106,9,2.8381676789464723,False,"Bogotá, D.C."
11,2017,DANE_2005_2017,Mujer,(35 a 39),297110,7,2.356029753290027,False,"Bogotá, D.C."
11,2017,DANE_2005_2017,Mujer,(40 a 44),261634,0,0.0,True,"Bogotá, D.C."
11,2017,DANE_2005_2017,Mujer,(45 a 49),253659,6,2.3653802940167705,False,"Bogotá, D.C."
11,2017,DANE_2005_2017,Mujer,(50 a 54),251898,6,2.3819164900078604,False,"Bogotá, D.C."
11,2017,DANE_2005_2017,Mujer,(55 a 59),221004,4,1.8099219923621293,True,"Bogotá, D.C."
11,2017,DANE_2005_2017,Mujer,(60 a 64),172445,1,0.5798950389979414,True,"Bogotá, D.C."
11,2017,DANE_2005_2017,Mujer,(65 a 69),127188,3,2.358713086140202,True,"Bogotá, D.C."
11,2017,DANE_2005_2017,Mujer,(70 a 74),89351,0,0.0,True,"Bogotá, D.C."
11,2017,DANE_2005_2017,Mujer,(75 a 79),58022,2,3.4469683912998517,True,"Bogotá, D.C."
11,2017,DANE_2005_2017,Mujer,(80 y más),72697,1,1.375572582087294,True,"Bogotá, D.C."
11,2018,DANE_2018_2050,Hombre,(05 a 09),265386,0,0.0,True,"Bogotá, D.C."
11,2018,DANE_2018_2050,Hombre,(10 a 14),279041,7,2.508591927351178,False,"Bogotá, D.C."
11,2018,DANE_2018_2050,Hombre,(15 a 17),170141,15,8.81621713755062,False,"Bogotá, D.C."
11,2018,DANE_2018_2050,Hombre,(18 a 19),122260,10,8.179290037624735,False,"Bogotá, D.C."
11,2018,DANE_2018_2050,Hombre,(20 a 24),349050,41,11.746168170749176,False,"Bogotá, D.C."
11,2018,DANE_2018_2050,Hombre,(25 a 29),339795,49,14.420459394635,False,"Bogotá, D.C."
11,2018,DANE_2018_2050,Hombre,(30 a 34),297796,29,9.738210049832771,False,"Bogotá, D.C."
11,2018,DANE_2018_2050,Hombre,(35 a 39),269895,27,10.00389040182293,False,"Bogotá, D.C."
11,2018,DANE_2018_2050,Hombre,(40 a 44),226865,17,7.493443237167479,False,"Bogotá, D.C."
11,2018,DANE_2018_2050,Hombre,(45 a 49),210066,27,12.853103310388164,False,"Bogotá, D.C."
11,2018,DANE_2018_2050,Hombre,(50 a 54),200868,25,12.445984427584284,False,"Bogotá, D.C."
11,2018,DANE_2018_2050,Hombre,(55 a 59),172939,21,12.143009963050556,False,"Bogotá, D.C."
11,2018,DANE_2018_2050,Hombre,(60 a 64),134137,11,8.200571057948217,False,"Bogotá, D.C."
11,2018,DANE_2018_2050,Hombre,(65 a 69),99339,7,7.0465778797853815,False,"Bogotá, D.C."
11,2018,DANE_2018_2050,Hombre,(70 a 74),69450,12,17.278617710583156,False,"Bogotá, D.C."
11,2018,DANE_2018_2050,Hombre,(75 a 79),47696,6,12.579671251257965,False,"Bogotá, D.C."
11,2018,DANE_2018_2050,Hombre,(80 y más),53244,4,7.5125835774922995,True,"Bogotá, D.C."
11,2018,DANE_2018_2050,Mujer,(05 a 09),254556,0,0.0,True,"Bogotá, D.C."
11,2018,DANE_2018_2050,Mujer,(10 a 14),268790,7,2.604263551471409,False,"Bogotá, D.C."
11,2018,DANE_2018_2050,Mujer,(15 a 17),167078,7,4.18965991931912,False,"Bogotá, D.C."
11,2018,DANE_2018_2050,Mujer,(18 a 19),125048,5,3.9984645895975945,False,"Bogotá, D.C."
11,2018,DANE_2018_2050,Mujer,(20 a 24),348456,11,3.1567830658677134,False,"Bogotá, D.C."
11,2018,DANE_2018_2050,Mujer,(25 a 29),335814,14,4.168974491831788,False,"Bogotá, D.C."
11,2018,DANE_2018_2050,Mujer,(30 a 34),302791,5,1.6513040347962786,False,"Bogotá, D.C."
11,2018,DANE_2018_2050,Mujer,(35 a 39),288505,8,2.7729155473908595,False,"Bogotá, D.C."
11,2018,DANE_2018_2050,Mujer,(40 a 44),255748,3,1.173029701112032,True,"Bogotá, D.C."
11,2018,DANE_2018_2050,Mujer,(45 a 49),241347,3,1.2430235304354311,True,"Bogotá, D.C."
11,2018,DANE_2018_2050,Mujer,(50 a 54),238071,4,1.6801710414120157,True,"Bogotá, D.C."
11,2018,DANE_2018_2050,Mujer,(55 a 59),213254,9,4.220319431288511,False,"Bogotá, D.C."
11,2018,DANE_2018_2050,Mujer,(60 a 64),173162,2,1.154987814878553,True,"Bogotá, D.C."
11,2018,DANE_2018_2050,Mujer,(65 a 69),132122,1,0.7568762204629055,True,"Bogotá, D.C."
11,2018,DANE_2018_2050,Mujer,(70 a 74),96447,0,0.0,True,"Bogotá, D.C."
11,2018,DANE_2018_2050,Mujer,(75 a 79),69768,0,0.0,True,"Bogotá, D.C."
11,2018,DANE_2018_2050,Mujer,(80 y más),93646,0,0.0,True,"Bogotá, D.C."
11,2019,DANE_2018_2050,Hombre,(05 a 09),263556,0,0.0,True,"Bogotá, D.C."
11,2019,DANE_2018_2050,Hombre,(10 a 14),279168,12,4.298486932599725,False,"Bogotá, D.C."
11,2019,DANE_2018_2050,Hombre,(15 a 17),170368,12,7.043576258452291,False,"Bogotá, D.C."
11,2019,DANE_2018_2050,Hombre,(18 a 19),120983,16,13.224998553515782,False,"Bogotá, D.C."
11,2019,DANE_2018_2050,Hombre,(20 a 24),351887,43,12.219831934683578,False,"Bogotá, D.C."
11,2019,DANE_2018_2050,Hombre,(25 a 29),358406,46,12.834606563506192,False,"Bogotá, D.C."
11,2019,DANE_2018_2050,Hombre,(30 a 34),311961,32,10.257692467968752,False,"Bogotá, D.C."
11,2019,DANE_2018_2050,Hombre,(35 a 39),279975,22,7.857844450397357,False,"Bogotá, D.C."
11,2019,DANE_2018_2050,Hombre,(40 a 44),235979,36,15.255594777501388,False,"Bogotá, D.C."
11,2019,DANE_2018_2050,Hombre,(45 a 49),211699,14,6.613163028639719,False,"Bogotá, D.C."
11,2019,DANE_2018_2050,Hombre,(50 a 54),202710,22,10.852942627398747,False,"Bogotá, D.C."
11,2019,DANE_2018_2050,Hombre,(55 a 59),178775,19,10.627884211998321,False,"Bogotá, D.C."
11,2019,DANE_2018_2050,Hombre,(60 a 64),139300,12,8.614501076812635,False,"Bogotá, D.C."
11,2019,DANE_2018_2050,Hombre,(65 a 69),103492,9,8.696324353573223,False,"Bogotá, D.C."
11,2019,DANE_2018_2050,Hombre,(70 a 74),72393,7,9.669443178207837,False,"Bogotá, D.C."
11,2019,DANE_2018_2050,Hombre,(75 a 79),48749,6,12.307944778354427,False,"Bogotá, D.C."
11,2019,DANE_2018_2050,Hombre,(80 y más),54776,4,7.302468234263181,True,"Bogotá, D.C."
11,2019,DANE_2018_2050,Mujer,(05 a 09),252323,1,0.39631741854686253,True,"Bogotá, D.C."
11,2019,DANE_2018_2050,Mujer,(10 a 14),268634,7,2.605775888383451,False,"Bogotá, D.C."
11,2019,DANE_2018_2050,Mujer,(15 a 17),165914,6,3.6163313523873812,False,"Bogotá, D.C."
11,2019,DANE_2018_2050,Mujer,(18 a 19),121965,8,6.559258803755176,False,"Bogotá, D.C."
11,2019,DANE_2018_2050,Mujer,(20 a 24),354134,15,4.2356847972801255,False,"Bogotá, D.C."
11,2019,DANE_2018_2050,Mujer,(25 a 29),353172,20,5.662963088806587,False,"Bogotá, D.C."
11,2019,DANE_2018_2050,Mujer,(30 a 34),313420,9,2.871546168081169,False,"Bogotá, D.C."
11,2019,DANE_2018_2050,Mujer,(35 a 39),295979,9,3.0407562698704975,False,"Bogotá, D.C."
11,2019,DANE_2018_2050,Mujer,(40 a 44),263885,9,3.4105765769179754,False,"Bogotá, D.C."
11,2019,DANE_2018_2050,Mujer,(45 a 49),243066,2,0.8228217850295805,True,"Bogotá, D.C."
11,2019,DANE_2018_2050,Mujer,(50 a 54),239456,3,1.2528397701456635,True,"Bogotá, D.C."
11,2019,DANE_2018_2050,Mujer,(55 a 59),219608,3,1.3660704528068193,True,"Bogotá, D.C."
11,2019,DANE_2018_2050,Mujer,(60 a 64),179314,3,1.673042818742541,True,"Bogotá, D.C."
11,2019,DANE_2018_2050,Mujer,(65 a 69),137967,2,1.449622011060616,True,"Bogotá, D.C."
11,2019,DANE_2018_2050,Mujer,(70 a 74),100622,3,2.981455347737075,True,"Bogotá, D.C."
11,2019,DANE_2018_2050,Mujer,(75 a 79),71095,1,1.4065686757155917,True,"Bogotá, D.C."
11,2019,DANE_2018_2050,Mujer,(80 y más),94658,1,1.0564347440258615,True,"Bogotá, D.C."
11,2020,DANE_2018_2050,Hombre,(05 a 09),263364,1,0.3797026169104358,True,"Bogotá, D.C."
11,2020,DANE_2018_2050,Hombre,(10 a 14),279523,8,2.862018510104714,False,"Bogotá, D.C."
11,2020,DANE_2018_2050,Hombre,(15 a 17),172678,7,4.05378797530664,False,"Bogotá, D.C."
11,2020,DANE_2018_2050,Hombre,(18 a 19),120782,8,6.623503502177477,False,"Bogotá, D.C."
11,2020,DANE_2018_2050,Hombre,(20 a 24),354552,44,12.410027302060065,False,"Bogotá, D.C."
11,2020,DANE_2018_2050,Hombre,(25 a 29),378643,20,5.282020267111765,False,"Bogotá, D.C."
11,2020,DANE_2018_2050,Hombre,(30 a 34),329947,24,7.2738955044294995,False,"Bogotá, D.C."
11,2020,DANE_2018_2050,Hombre,(35 a 39),291111,18,6.18320846687346,False,"Bogotá, D.C."
11,2020,DANE_2018_2050,Hombre,(40 a 44),247802,12,4.842575927555064,False,"Bogotá, D.C."
11,2020,DANE_2018_2050,Hombre,(45 a 49),214937,15,6.978789133560067,False,"Bogotá, D.C."
11,2020,DANE_2018_2050,Hombre,(50 a 54),205007,8,3.9023057749247587,False,"Bogotá, D.C."
11,2020,DANE_2018_2050,Hombre,(55 a 59),184563,19,10.294587755942414,False,"Bogotá, D.C."
11,2020,DANE_2018_2050,Hombre,(60 a 64),145131,14,9.64645733854242,False,"Bogotá, D.C."
11,2020,DANE_2018_2050,Hombre,(65 a 69),108047,12,11.106277823539756,False,"Bogotá, D.C."
11,2020,DANE_2018_2050,Hombre,(70 a 74),75858,15,19.773787866803765,False,"Bogotá, D.C."
11,2020,DANE_2018_2050,Hombre,(75 a 79),50138,7,13.96146635286609,False,"Bogotá, D.C."
11,2020,DANE_2018_2050,Hombre,(80 y más),56641,5,8.827527762574814,False,"Bogotá, D.C."
11,2020,DANE_2018_2050,Mujer,(05 a 09),251458,1,0.3976807260059334,True,"Bogotá, D.C."
11,2020,DANE_2018_2050,Mujer,(10 a 14),268973,5,1.858922642793143,False,"Bogotá, D.C."
11,2020,DANE_2018_2050,Mujer,(15 a 17),167297,6,3.586436098674812,False,"Bogotá, D.C."
11,2020,DANE_2018_2050,Mujer,(18 a 19),119687,6,5.0130757726403035,False,"Bogotá, D.C."
11,2020,DANE_2018_2050,Mujer,(20 a 24),359007,12,3.3425532092689,False,"Bogotá, D.C."
11,2020,DANE_2018_2050,Mujer,(25 a 29),372418,11,2.9536703381684024,False,"Bogotá, D.C."
11,2020,DANE_2018_2050,Mujer,(30 a 34),328471,4,1.21776351641393,True,"Bogotá, D.C."
11,2020,DANE_2018_2050,Mujer,(35 a 39),304058,6,1.9733077241842019,False,"Bogotá, D.C."
11,2020,DANE_2018_2050,Mujer,(40 a 44),274371,8,2.9157600475268888,False,"Bogotá, D.C."
11,2020,DANE_2018_2050,Mujer,(45 a 49),246434,3,1.217364487043184,True,"Bogotá, D.C."
11,2020,DANE_2018_2050,Mujer,(50 a 54),241480,5,2.0705648500911047,False,"Bogotá, D.C."
11,2020,DANE_2018_2050,Mujer,(55 a 59),225611,7,3.102685596003741,False,"Bogotá, D.C."
11,2020,DANE_2018_2050,Mujer,(60 a 64),186094,1,0.5373628381355658,True,"Bogotá, D.C."
11,2020,DANE_2018_2050,Mujer,(65 a 69),144422,5,3.462076414950631,False,"Bogotá, D.C."
11,2020,DANE_2018_2050,Mujer,(70 a 74),105328,1,0.949415160261279,True,"Bogotá, D.C."
11,2020,DANE_2018_2050,Mujer,(75 a 79),73005,1,1.3697691938908294,True,"Bogotá, D.C."
11,2020,DANE_2018_2050,Mujer,(80 y más),96217,0,0.0,True,"Bogotá, D.C."
11,2021,DANE_2018_2050,Hombre,(05 a 09),260489,0,0.0,True,"Bogotá, D.C."
11,2021,DANE_2018_2050,Hombre,(10 a 14),277110,9,3.2478077297823966,False,"Bogotá, D.C."
11,2021,DANE_2018_2050,Hombre,(15 a 17),173480,10,5.764353239566521,False,"Bogotá, D.C."
11,2021,DANE_2018_2050,Hombre,(18 a 19),119451,8,6.69730684548476,False,"Bogotá, D.C."
11,2021,DANE_2018_2050,Hombre,(20 a 24),347519,46,13.236686339451943,False,"Bogotá, D.C."
11,2021,DANE_2018_2050,Hombre,(25 a 29),388333,48,12.360525631352473,False,"Bogotá, D.C."
11,2021,DANE_2018_2050,Hombre,(30 a 34),343348,38,11.0674883791372,False,"Bogotá, D.C."
11,2021,DANE_2018_2050,Hombre,(35 a 39),298062,29,9.72951936174353,False,"Bogotá, D.C."
11,2021,DANE_2018_2050,Hombre,(40 a 44),257977,19,7.364997654829693,False,"Bogotá, D.C."
11,2021,DANE_2018_2050,Hombre,(45 a 49),217653,18,8.270044520406334,False,"Bogotá, D.C."
11,2021,DANE_2018_2050,Hombre,(50 a 54),205831,13,6.315861070489867,False,"Bogotá, D.C."
11,2021,DANE_2018_2050,Hombre,(55 a 59),188461,22,11.673502740620075,False,"Bogotá, D.C."
11,2021,DANE_2018_2050,Hombre,(60 a 64),150650,14,9.293063391968138,False,"Bogotá, D.C."
11,2021,DANE_2018_2050,Hombre,(65 a 69),112019,11,9.819762718824485,False,"Bogotá, D.C."
11,2021,DANE_2018_2050,Hombre,(70 a 74),78795,11,13.960276667301224,False,"Bogotá, D.C."
11,2021,DANE_2018_2050,Hombre,(75 a 79),51202,10,19.530487090348036,False,"Bogotá, D.C."
11,2021,DANE_2018_2050,Hombre,(80 y más),56996,6,10.527054530142467,False,"Bogotá, D.C."
11,2021,DANE_2018_2050,Mujer,(05 a 09),248111,0,0.0,True,"Bogotá, D.C."
11,2021,DANE_2018_2050,Mujer,(10 a 14),266604,6,2.250528874285457,False,"Bogotá, D.C."
11,2021,DANE_2018_2050,Mujer,(15 a 17),167504,5,2.9850033432037444,False,"Bogotá, D.C."
11,2021,DANE_2018_2050,Mujer,(18 a 19),117126,3,2.5613441934327135,True,"Bogotá, D.C."
11,2021,DANE_2018_2050,Mujer,(20 a 24),352272,14,3.974201753190716,False,"Bogotá, D.C."
11,2021,DANE_2018_2050,Mujer,(25 a 29),382456,5,1.3073399292990566,False,"Bogotá, D.C."
11,2021,DANE_2018_2050,Mujer,(30 a 34),339721,5,1.4717959737549342,False,"Bogotá, D.C."
11,2021,DANE_2018_2050,Mujer,(35 a 39),308581,3,0.9721920662646113,True,"Bogotá, D.C."
11,2021,DANE_2018_2050,Mujer,(40 a 44),282545,5,1.7696296165212622,False,"Bogotá, D.C."
11,2021,DANE_2018_2050,Mujer,(45 a 49),249454,6,2.4052530727108,False,"Bogotá, D.C."
11,2021,DANE_2018_2050,Mujer,(50 a 54),241836,1,0.4135033659173985,True,"Bogotá, D.C."
11,2021,DANE_2018_2050,Mujer,(55 a 59),229638,2,0.8709359949137337,True,"Bogotá, D.C."
11,2021,DANE_2018_2050,Mujer,(60 a 64),192322,3,1.5598839446345192,True,"Bogotá, D.C."
11,2021,DANE_2018_2050,Mujer,(65 a 69),150378,1,0.6649908896248121,True,"Bogotá, D.C."
11,2021,DANE_2018_2050,Mujer,(70 a 74),109601,2,1.8248008686052135,True,"Bogotá, D.C."
11,2021,DANE_2018_2050,Mujer,(75 a 79),74950,1,1.33422281521014,True,"Bogotá, D.C."
11,2021,DANE_2018_2050,Mujer,(80 y más),96179,0,0.0,True,"Bogotá, D.C."
11,2022,DANE_2018_2050,Hombre,(05 a 09),256356,0,0.0,True,"Bogotá, D.C."
11,2022,DANE_2018_2050,Hombre,(10 a 14),273142,6,2.1966596129485763,False,"Bogotá, D.C."
11,2022,DANE_2018_2050,Hombre,(15 a 17),173442,17,9.801547491380402,False,"Bogotá, D.C."
11,2022,DANE_2018_2050,Hombre,(18 a 19),118794,19,15.994073774769769,False,"Bogotá, D.C."
11,2022,DANE_2018_2050,Hombre,(20 a 24),336247,57,16.951824105493877,False,"Bogotá, D.C."
11,2022,DANE_2018_2050,Hombre,(25 a 29),390980,45,11.509540129929919,False,"Bogotá, D.C."
11,2022,DANE_2018_2050,Hombre,(30 a 34),354502,34,9.590919092134882,False,"Bogotá, D.C."
11,2022,DANE_2018_2050,Hombre,(35 a 39),303791,29,9.546036584362275,False,"Bogotá, D.C."
11,2022,DANE_2018_2050,Hombre,(40 a 44),266279,21,7.886464948418763,False,"Bogotá, D.C."
11,2022,DANE_2018_2050,Hombre,(45 a 49),221428,16,7.225825098903481,False,"Bogotá, D.C."
11,2022,DANE_2018_2050,Hombre,(50 a 54),205958,13,6.3119665174453035,False,"Bogotá, D.C."
11,2022,DANE_2018_2050,Hombre,(55 a 59),191113,14,7.325508992062287,False,"Bogotá, D.C."
11,2022,DANE_2018_2050,Hombre,(60 a 64),155981,13,8.33434841422994,False,"Bogotá, D.C."
11,2022,DANE_2018_2050,Hombre,(65 a 69),116142,17,14.637254395481394,False,"Bogotá, D.C."
11,2022,DANE_2018_2050,Hombre,(70 a 74),81565,8,9.808128486483172,False,"Bogotá, D.C."
11,2022,DANE_2018_2050,Hombre,(75 a 79),52601,4,7.604418166955002,True,"Bogotá, D.C."
11,2022,DANE_2018_2050,Hombre,(80 y más),57235,5,8.73591333973967,False,"Bogotá, D.C."
11,2022,DANE_2018_2050,Mujer,(05 a 09),243524,0,0.0,True,"Bogotá, D.C."
11,2022,DANE_2018_2050,Mujer,(10 a 14),262643,10,3.807449655996924,False,"Bogotá, D.C."
11,2022,DANE_2018_2050,Mujer,(15 a 17),167304,12,7.172572084349448,False,"Bogotá, D.C."
11,2022,DANE_2018_2050,Mujer,(18 a 19),115566,9,7.787757644982089,False,"Bogotá, D.C."
11,2022,DANE_2018_2050,Mujer,(20 a 24),339774,23,6.769205413009825,False,"Bogotá, D.C."
11,2022,DANE_2018_2050,Mujer,(25 a 29),386243,10,2.589043684934096,False,"Bogotá, D.C."
11,2022,DANE_2018_2050,Mujer,(30 a 34),349386,6,1.7172983462416926,False,"Bogotá, D.C."
11,2022,DANE_2018_2050,Mujer,(35 a 39),311513,4,1.2840555610841282,True,"Bogotá, D.C."
11,2022,DANE_2018_2050,Mujer,(40 a 44),289102,5,1.729493396794211,False,"Bogotá, D.C."
11,2022,DANE_2018_2050,Mujer,(45 a 49),253286,3,1.1844318280520834,True,"Bogotá, D.C."
11,2022,DANE_2018_2050,Mujer,(50 a 54),241456,6,2.484924789609701,False,"Bogotá, D.C."
11,2022,DANE_2018_2050,Mujer,(55 a 59),232227,10,4.306131500643767,False,"Bogotá, D.C."
11,2022,DANE_2018_2050,Mujer,(60 a 64),198507,3,1.511281718025057,True,"Bogotá, D.C."
11,2022,DANE_2018_2050,Mujer,(65 a 69),156153,4,2.5615902352180235,True,"Bogotá, D.C."
11,2022,DANE_2018_2050,Mujer,(70 a 74),113904,3,2.6337968815844923,True,"Bogotá, D.C."
11,2022,DANE_2018_2050,Mujer,(75 a 79),77485,1,1.290572368845583,True,"Bogotá, D.C."
11,2022,DANE_2018_2050,Mujer,(80 y más),96383,0,0.0,True,"Bogotá, D.C."
11,2023,DANE_2018_2050,Hombre,(05 a 09),251701,1,0.3972967926229931,True,"Bogotá, D.C."
11,2023,DANE_2018_2050,Hombre,(10 a 14),269044,7,2.6018049092341773,False,"Bogotá, D.C."
11,2023,DANE_2018_2050,Hombre,(15 a 17),172376,10,5.801271638743212,False,"Bogotá, D.C."
11,2023,DANE_2018_2050,Hombre,(18 a 19),118488,13,10.971575180609006,False,"Bogotá, D.C."
11,2023,DANE_2018_2050,Hombre,(20 a 24),326335,48,14.708811497387654,False,"Bogotá, D.C."
11,2023,DANE_2018_2050,Hombre,(25 a 29),388145,47,12.108876837264424,False,"Bogotá, D.C."
11,2023,DANE_2018_2050,Hombre,(30 a 34),364741,29,7.950847313573193,False,"Bogotá, D.C."
11,2023,DANE_2018_2050,Hombre,(35 a 39),309854,18,5.809187552847471,False,"Bogotá, D.C."
11,2023,DANE_2018_2050,Hombre,(40 a 44),273518,29,10.602592882369716,False,"Bogotá, D.C."
11,2023,DANE_2018_2050,Hombre,(45 a 49),226509,21,9.271154788551447,False,"Bogotá, D.C."
11,2023,DANE_2018_2050,Hombre,(50 a 54),206259,16,7.75723725994987,False,"Bogotá, D.C."
11,2023,DANE_2018_2050,Hombre,(55 a 59),192908,18,9.330872747630995,False,"Bogotá, D.C."
11,2023,DANE_2018_2050,Hombre,(60 a 64),161373,19,11.773964665712356,False,"Bogotá, D.C."
11,2023,DANE_2018_2050,Hombre,(65 a 69),120567,13,10.782386556852206,False,"Bogotá, D.C."
11,2023,DANE_2018_2050,Hombre,(70 a 74),84758,11,12.978125958611576,False,"Bogotá, D.C."
11,2023,DANE_2018_2050,Hombre,(75 a 79),54563,6,10.996462804464564,False,"Bogotá, D.C."
11,2023,DANE_2018_2050,Hombre,(80 y más),58322,9,15.431569562086349,False,"Bogotá, D.C."
11,2023,DANE_2018_2050,Mujer,(05 a 09),238600,0,0.0,True,"Bogotá, D.C."
11,2023,DANE_2018_2050,Mujer,(10 a 14),258346,6,2.3224667693713084,False,"Bogotá, D.C."
11,2023,DANE_2018_2050,Mujer,(15 a 17),166163,8,4.814549568796904,False,"Bogotá, D.C."
11,2023,DANE_2018_2050,Mujer,(18 a 19),114606,8,6.980437324398373,False,"Bogotá, D.C."
11,2023,DANE_2018_2050,Mujer,(20 a 24),326777,27,8.262515415711631,False,"Bogotá, D.C."
11,2023,DANE_2018_2050,Mujer,(25 a 29),385662,13,3.370827304738346,False,"Bogotá, D.C."
11,2023,DANE_2018_2050,Mujer,(30 a 34),358380,10,2.790334282046989,False,"Bogotá, D.C."
11,2023,DANE_2018_2050,Mujer,(35 a 39),314844,6,1.9057056828143462,False,"Bogotá, D.C."
11,2023,DANE_2018_2050,Mujer,(40 a 44),294107,14,4.76017231823792,False,"Bogotá, D.C."
11,2023,DANE_2018_2050,Mujer,(45 a 49),258323,7,2.70978581078727,False,"Bogotá, D.C."
11,2023,DANE_2018_2050,Mujer,(50 a 54),241294,3,1.243296559383988,True,"Bogotá, D.C."
11,2023,DANE_2018_2050,Mujer,(55 a 59),233641,5,2.1400353533840377,False,"Bogotá, D.C."
11,2023,DANE_2018_2050,Mujer,(60 a 64),204682,6,2.9313764766809003,False,"Bogotá, D.C."
11,2023,DANE_2018_2050,Mujer,(65 a 69),161876,6,3.706540809014307,False,"Bogotá, D.C."
11,2023,DANE_2018_2050,Mujer,(70 a 74),118672,3,2.5279762707294053,True,"Bogotá, D.C."
11,2023,DANE_2018_2050,Mujer,(75 a 79),80775,1,1.2380068090374496,True,"Bogotá, D.C."
11,2023,DANE_2018_2050,Mujer,(80 y más),97757,1,1.0229446484650715,True,"Bogotá, D.C."
11,2024,DANE_2018_2050,Hombre,(05 a 09),246082,0,0.0,True,"Bogotá, D.C."
11,2024,DANE_2018_2050,Hombre,(10 a 14),264910,7,2.642406855158356,False,"Bogotá, D.C."
11,2024,DANE_2018_2050,Hombre,(15 a 17),170467,11,6.452861844227915,False,"Bogotá, D.C."
11,2024,DANE_2018_2050,Hombre,(18 a 19),118384,11,9.291796188674144,False,"Bogotá, D.C."
11,2024,DANE_2018_2050,Hombre,(20 a 24),319123,40,12.534351958335815,False,"Bogotá, D.C."
11,2024,DANE_2018_2050,Hombre,(25 a 29),381307,48,12.588281883102068,False,"Bogotá, D.C."
11,2024,DANE_2018_2050,Hombre,(30 a 34),373741,35,9.364774001246854,False,"Bogotá, D.C."
11,2024,DANE_2018_2050,Hombre,(35 a 39),317299,24,7.563843567108627,False,"Bogotá, D.C."
11,2024,DANE_2018_2050,Hombre,(40 a 44),279523,27,9.65931247160341,False,"Bogotá, D.C."
11,2024,DANE_2018_2050,Hombre,(45 a 49),233148,16,6.862593717295452,False,"Bogotá, D.C."
11,2024,DANE_2018_2050,Hombre,(50 a 54),206825,16,7.736008703009791,False,"Bogotá, D.C."
11,2024,DANE_2018_2050,Hombre,(55 a 59),194272,13,6.691648822269808,False,"Bogotá, D.C."
11,2024,DANE_2018_2050,Hombre,(60 a 64),166675,9,5.399730013499325,False,"Bogotá, D.C."
11,2024,DANE_2018_2050,Hombre,(65 a 69),125274,12,9.579002825805834,False,"Bogotá, D.C."
11,2024,DANE_2018_2050,Hombre,(70 a 74),88493,7,7.910230187698462,False,"Bogotá, D.C."
11,2024,DANE_2018_2050,Hombre,(75 a 79),57121,3,5.252008893401726,True,"Bogotá, D.C."
11,2024,DANE_2018_2050,Hombre,(80 y más),60315,2,3.3159247285086626,True,"Bogotá, D.C."
11,2024,DANE_2018_2050,Mujer,(05 a 09),233008,0,0.0,True,"Bogotá, D.C."
11,2024,DANE_2018_2050,Mujer,(10 a 14),253915,3,1.1814977453084692,True,"Bogotá, D.C."
11,2024,DANE_2018_2050,Mujer,(15 a 17),164240,10,6.088650754992694,False,"Bogotá, D.C."
11,2024,DANE_2018_2050,Mujer,(18 a 19),114176,7,6.130885650224215,False,"Bogotá, D.C."
11,2024,DANE_2018_2050,Mujer,(20 a 24),315725,14,4.434238657059149,False,"Bogotá, D.C."
11,2024,DANE_2018_2050,Mujer,(25 a 29),381405,7,1.8353194111246576,False,"Bogotá, D.C."
11,2024,DANE_2018_2050,Mujer,(30 a 34),366885,11,2.9982146994289764,False,"Bogotá, D.C."
11,2024,DANE_2018_2050,Mujer,(35 a 39),319503,5,1.564930532733652,False,"Bogotá, D.C."
11,2024,DANE_2018_2050,Mujer,(40 a 44),297948,9,3.0206613234524147,False,"Bogotá, D.C."
11,2024,DANE_2018_2050,Mujer,(45 a 49),264111,1,0.3786286826372245,True,"Bogotá, D.C."
11,2024,DANE_2018_2050,Mujer,(50 a 54),241735,3,1.2410283988665274,True,"Bogotá, D.C."
11,2024,DANE_2018_2050,Mujer,(55 a 59),234334,4,1.7069652717915456,True,"Bogotá, D.C."
11,2024,DANE_2018_2050,Mujer,(60 a 64),210358,2,0.9507601327261145,True,"Bogotá, D.C."
11,2024,DANE_2018_2050,Mujer,(65 a 69),167442,1,0.5972217245374518,True,"Bogotá, D.C."
11,2024,DANE_2018_2050,Mujer,(70 a 74),123911,2,1.6140617055790045,True,"Bogotá, D.C."
11,2024,DANE_2018_2050,Mujer,(75 a 79),84391,2,2.3699209631358795,True,"Bogotá, D.C."
11,2024,DANE_2018_2050,Mujer,(80 y más),99847,1,1.0015323444870652,True,"Bogotá, D.C."
13,2015,DANE_2005_2017,Hombre,(05 a 09),97316,0,0.0,True,Bolívar
13,2015,DANE_2005_2017,Hombre,(10 a 14),98867,0,0.0,True,Bolívar
13,2015,DANE_2005_2017,Hombre,(15 a 17),57868,2,3.456141563558443,True,Bolívar
13,2015,DANE_2005_2017,Hombre,(18 a 19),36609,1,2.73156873992734,True,Bolívar
13,2015,DANE_2005_2017,Hombre,(20 a 24),87118,5,5.7393420418283245,False,Bolívar
13,2015,DANE_2005_2017,Hombre,(25 a 29),78415,5,6.376331059108589,False,Bolívar
13,2015,DANE_2005_2017,Hombre,(30 a 34),70782,2,2.825577124127603,True,Bolívar
13,2015,DANE_2005_2017,Hombre,(35 a 39),62980,7,11.114639568116862,False,Bolívar
13,2015,DANE_2005_2017,Hombre,(40 a 44),57348,5,8.718699867475763,False,Bolívar
13,2015,DANE_2005_2017,Hombre,(45 a 49),55589,1,1.7989170519347353,True,Bolívar
13,2015,DANE_2005_2017,Hombre,(50 a 54),49772,3,6.027485333119023,True,Bolívar
13,2015,DANE_2005_2017,Hombre,(55 a 59),40665,4,9.836468707733923,True,Bolívar
13,2015,DANE_2005_2017,Hombre,(60 a 64),32157,1,3.1097428242684333,True,Bolívar
13,2015,DANE_2005_2017,Hombre,(65 a 69),23691,2,8.44202439745051,True,Bolívar
13,2015,DANE_2005_2017,Hombre,(70 a 74),16737,1,5.97478640138615,True,Bolívar
13,2015,DANE_2005_2017,Hombre,(75 a 79),11735,0,0.0,True,Bolívar
13,2015,DANE_2005_2017,Hombre,(80 y más),16474,3,18.210513536481727,True,Bolívar
13,2015,DANE_2005_2017,Mujer,(05 a 09),91481,0,0.0,True,Bolívar
13,2015,DANE_2005_2017,Mujer,(10 a 14),93776,1,1.066370926463061,True,Bolívar
13,2015,DANE_2005_2017,Mujer,(15 a 17),55861,0,0.0,True,Bolívar
13,2015,DANE_2005_2017,Mujer,(18 a 19),35729,0,0.0,True,Bolívar
13,2015,DANE_2005_2017,Mujer,(20 a 24),86078,3,3.4852110876182065,True,Bolívar
13,2015,DANE_2005_2017,Mujer,(25 a 29),79276,2,2.522831626217266,True,Bolívar
13,2015,DANE_2005_2017,Mujer,(30 a 34),73255,0,0.0,True,Bolívar
13,2015,DANE_2005_2017,Mujer,(35 a 39),66425,0,0.0,True,Bolívar
13,2015,DANE_2005_2017,Mujer,(40 a 44),61028,0,0.0,True,Bolívar
13,2015,DANE_2005_2017,Mujer,(45 a 49),59214,0,0.0,True,Bolívar
13,2015,DANE_2005_2017,Mujer,(50 a 54),53246,1,1.8780753483829773,True,Bolívar
13,2015,DANE_2005_2017,Mujer,(55 a 59),43778,0,0.0,True,Bolívar
13,2015,DANE_2005_2017,Mujer,(60 a 64),34747,0,0.0,True,Bolívar
13,2015,DANE_2005_2017,Mujer,(65 a 69),25971,0,0.0,True,Bolívar
13,2015,DANE_2005_2017,Mujer,(70 a 74),18559,0,0.0,True,Bolívar
13,2015,DANE_2005_2017,Mujer,(75 a 79),13084,0,0.0,True,Bolívar
13,2015,DANE_2005_2017,Mujer,(80 y más),19984,0,0.0,True,Bolívar
13,2016,DANE_2005_2017,Hombre,(05 a 09),96879,0,0.0,True,Bolívar
13,2016,DANE_2005_2017,Hombre,(10 a 14),98334,1,1.0169422580185896,True,Bolívar
13,2016,DANE_2005_2017,Hombre,(15 a 17),58480,2,3.4199726402188784,True,Bolívar
13,2016,DANE_2005_2017,Hombre,(18 a 19),37160,1,2.691065662002153,True,Bolívar
13,2016,DANE_2005_2017,Hombre,(20 a 24),87352,3,3.4343804377690264,True,Bolívar
13,2016,DANE_2005_2017,Hombre,(25 a 29),79500,10,12.578616352201257,False,Bolívar
13,2016,DANE_2005_2017,Hombre,(30 a 34),71511,11,15.382248884786957,False,Bolívar
13,2016,DANE_2005_2017,Hombre,(35 a 39),64044,5,7.807132596340016,False,Bolívar
13,2016,DANE_2005_2017,Hombre,(40 a 44),57620,5,8.677542519958347,False,Bolívar
13,2016,DANE_2005_2017,Hombre,(45 a 49),55611,2,3.596410782039525,True,Bolívar
13,2016,DANE_2005_2017,Hombre,(50 a 54),50971,5,9.809499519334524,False,Bolívar
13,2016,DANE_2005_2017,Hombre,(55 a 59),41975,1,2.3823704586063132,True,Bolívar
13,2016,DANE_2005_2017,Hombre,(60 a 64),33273,1,3.00543984612148,True,Bolívar
13,2016,DANE_2005_2017,Hombre,(65 a 69),24806,2,8.062565508344756,True,Bolívar
13,2016,DANE_2005_2017,Hombre,(70 a 74),17308,2,11.555350127108852,True,Bolívar
13,2016,DANE_2005_2017,Hombre,(75 a 79),11989,0,0.0,True,Bolívar
13,2016,DANE_2005_2017,Hombre,(80 y más),16892,2,11.839924224484964,True,Bolívar
13,2016,DANE_2005_2017,Mujer,(05 a 09),91100,0,0.0,True,Bolívar
13,2016,DANE_2005_2017,Mujer,(10 a 14),92961,1,1.0757199255601813,True,Bolívar
13,2016,DANE_2005_2017,Mujer,(15 a 17),56242,0,0.0,True,Bolívar
13,2016,DANE_2005_2017,Mujer,(18 a 19),36125,1,2.7681660899653977,True,Bolívar
13,2016,DANE_2005_2017,Mujer,(20 a 24),86263,1,1.1592455629876077,True,Bolívar
13,2016,DANE_2005_2017,Mujer,(25 a 29),80180,0,0.0,True,Bolívar
13,2016,DANE_2005_2017,Mujer,(30 a 34),73946,0,0.0,True,Bolívar
13,2016,DANE_2005_2017,Mujer,(35 a 39),67555,0,0.0,True,Bolívar
13,2016,DANE_2005_2017,Mujer,(40 a 44),61302,1,1.631268147858145,True,Bolívar
13,2016,DANE_2005_2017,Mujer,(45 a 49),59305,0,0.0,True,Bolívar
13,2016,DANE_2005_2017,Mujer,(50 a 54),54520,0,0.0,True,Bolívar
13,2016,DANE_2005_2017,Mujer,(55 a 59),45231,1,2.2108730737768347,True,Bolívar
13,2016,DANE_2005_2017,Mujer,(60 a 64),35997,0,0.0,True,Bolívar
13,2016,DANE_2005_2017,Mujer,(65 a 69),27238,0,0.0,True,Bolívar
13,2016,DANE_2005_2017,Mujer,(70 a 74),19320,0,0.0,True,Bolívar
13,2016,DANE_2005_2017,Mujer,(75 a 79),13452,0,0.0,True,Bolívar
13,2016,DANE_2005_2017,Mujer,(80 y más),20397,0,0.0,True,Bolívar
13,2017,DANE_2005_2017,Hombre,(05 a 09),96753,0,0.0,True,Bolívar
13,2017,DANE_2005_2017,Hombre,(10 a 14),97852,2,2.043903037239913,True,Bolívar
13,2017,DANE_2005_2017,Hombre,(15 a 17),58890,1,1.6980811682798438,True,Bolívar
13,2017,DANE_2005_2017,Hombre,(18 a 19),37776,2,5.294366793731469,True,Bolívar
13,2017,DANE_2005_2017,Hombre,(20 a 24),87873,10,11.380059859114859,False,Bolívar
13,2017,DANE_2005_2017,Hombre,(25 a 29),80773,10,12.380374630136307,False,Bolívar
13,2017,DANE_2005_2017,Hombre,(30 a 34),72396,5,6.906458920382342,False,Bolívar
13,2017,DANE_2005_2017,Hombre,(35 a 39),65275,7,10.723860589812332,False,Bolívar
13,2017,DANE_2005_2017,Hombre,(40 a 44),58221,4,6.870373233025884,True,Bolívar
13,2017,DANE_2005_2017,Hombre,(45 a 49),55582,3,5.3974308229282855,True,Bolívar
13,2017,DANE_2005_2017,Hombre,(50 a 54),52004,6,11.53757403276671,False,Bolívar
13,2017,DANE_2005_2017,Hombre,(55 a 59),43349,4,9.227433158781055,True,Bolívar
13,2017,DANE_2005_2017,Hombre,(60 a 64),34431,1,2.9043594435247306,True,Bolívar
13,2017,DANE_2005_2017,Hombre,(65 a 69),25950,5,19.26782273603083,False,Bolívar
13,2017,DANE_2005_2017,Hombre,(70 a 74),17960,2,11.1358574610245,True,Bolívar
13,2017,DANE_2005_2017,Hombre,(75 a 79),12297,2,16.26412946247052,True,Bolívar
13,2017,DANE_2005_2017,Hombre,(80 y más),17304,1,5.779010633379565,True,Bolívar
13,2017,DANE_2005_2017,Mujer,(05 a 09),91033,0,0.0,True,Bolívar
13,2017,DANE_2005_2017,Mujer,(10 a 14),92305,2,2.166729862954336,True,Bolívar
13,2017,DANE_2005_2017,Mujer,(15 a 17),56396,2,3.546350805021633,True,Bolívar
13,2017,DANE_2005_2017,Mujer,(18 a 19),36595,1,2.7326137450471375,True,Bolívar
13,2017,DANE_2005_2017,Mujer,(20 a 24),86715,1,1.1532030213919162,True,Bolívar
13,2017,DANE_2005_2017,Mujer,(25 a 29),81310,0,0.0,True,Bolívar
13,2017,DANE_2005_2017,Mujer,(30 a 34),74737,2,2.6760506843999625,True,Bolívar
13,2017,DANE_2005_2017,Mujer,(35 a 39),68831,1,1.452833752233732,True,Bolívar
13,2017,DANE_2005_2017,Mujer,(40 a 44),61903,2,3.2308611860491414,True,Bolívar
13,2017,DANE_2005_2017,Mujer,(45 a 49),59277,0,0.0,True,Bolívar
13,2017,DANE_2005_2017,Mujer,(50 a 54),55662,0,0.0,True,Bolívar
13,2017,DANE_2005_2017,Mujer,(55 a 59),46709,1,2.1409150270825754,True,Bolívar
13,2017,DANE_2005_2017,Mujer,(60 a 64),37317,0,0.0,True,Bolívar
13,2017,DANE_2005_2017,Mujer,(65 a 69),28544,0,0.0,True,Bolívar
13,2017,DANE_2005_2017,Mujer,(70 a 74),20136,0,0.0,True,Bolívar
13,2017,DANE_2005_2017,Mujer,(75 a 79),13903,0,0.0,True,Bolívar
13,2017,DANE_2005_2017,Mujer,(80 y más),20813,0,0.0,True,Bolívar
13,2018,DANE_2018_2050,Hombre,(05 a 09),102895,0,0.0,True,Bolívar
13,2018,DANE_2018_2050,Hombre,(10 a 14),104563,1,0.9563612367663514,True,Bolívar
13,2018,DANE_2018_2050,Hombre,(15 a 17),60946,1,1.6407967709119546,True,Bolívar
13,2018,DANE_2018_2050,Hombre,(18 a 19),37819,1,2.6441735635527115,True,Bolívar
13,2018,DANE_2018_2050,Hombre,(20 a 24),87008,7,8.045237219566017,False,Bolívar
13,2018,DANE_2018_2050,Hombre,(25 a 29),79676,11,13.80591395150359,False,Bolívar
13,2018,DANE_2018_2050,Hombre,(30 a 34),69987,8,11.430694271793332,False,Bolívar
13,2018,DANE_2018_2050,Hombre,(35 a 39),65115,4,6.142977808492668,True,Bolívar
13,2018,DANE_2018_2050,Hombre,(40 a 44),57790,3,5.191209551825575,True,Bolívar
13,2018,DANE_2018_2050,Hombre,(45 a 49),54220,6,11.066027296200664,False,Bolívar
13,2018,DANE_2018_2050,Hombre,(50 a 54),51560,2,3.8789759503491075,True,Bolívar
13,2018,DANE_2018_2050,Hombre,(55 a 59),44114,3,6.800562179806864,True,Bolívar
13,2018,DANE_2018_2050,Hombre,(60 a 64),34521,3,8.690362388111584,True,Bolívar
13,2018,DANE_2018_2050,Hombre,(65 a 69),26775,4,14.939309056956116,True,Bolívar
13,2018,DANE_2018_2050,Hombre,(70 a 74),19191,2,10.421551769058413,True,Bolívar
13,2018,DANE_2018_2050,Hombre,(75 a 79),13937,4,28.700581186769032,True,Bolívar
13,2018,DANE_2018_2050,Hombre,(80 y más),16986,2,11.77440244907571,True,Bolívar
13,2018,DANE_2018_2050,Mujer,(05 a 09),97000,0,0.0,True,Bolívar
13,2018,DANE_2018_2050,Mujer,(10 a 14),98217,0,0.0,True,Bolívar
13,2018,DANE_2018_2050,Mujer,(15 a 17),57985,2,3.44916788824696,True,Bolívar
13,2018,DANE_2018_2050,Mujer,(18 a 19),37185,0,0.0,True,Bolívar
13,2018,DANE_2018_2050,Mujer,(20 a 24),87193,1,1.146881056965582,True,Bolívar
13,2018,DANE_2018_2050,Mujer,(25 a 29),80577,1,1.2410489345594897,True,Bolívar
13,2018,DANE_2018_2050,Mujer,(30 a 34),73243,2,2.730636374807149,True,Bolívar
13,2018,DANE_2018_2050,Mujer,(35 a 39),69285,3,4.329941545789132,True,Bolívar
13,2018,DANE_2018_2050,Mujer,(40 a 44),60698,0,0.0,True,Bolívar
13,2018,DANE_2018_2050,Mujer,(45 a 49),56786,0,0.0,True,Bolívar
13,2018,DANE_2018_2050,Mujer,(50 a 54),54528,0,0.0,True,Bolívar
13,2018,DANE_2018_2050,Mujer,(55 a 59),46873,1,2.133424359439336,True,Bolívar
13,2018,DANE_2018_2050,Mujer,(60 a 64),37381,0,0.0,True,Bolívar
13,2018,DANE_2018_2050,Mujer,(65 a 69),29284,0,0.0,True,Bolívar
13,2018,DANE_2018_2050,Mujer,(70 a 74),21338,0,0.0,True,Bolívar
13,2018,DANE_2018_2050,Mujer,(75 a 79),16011,0,0.0,True,Bolívar
13,2018,DANE_2018_2050,Mujer,(80 y más),23052,0,0.0,True,Bolívar
13,2019,DANE_2018_2050,Hombre,(05 a 09),103099,0,0.0,True,Bolívar
13,2019,DANE_2018_2050,Hombre,(10 a 14),105206,1,0.9505161302587304,True,Bolívar
13,2019,DANE_2018_2050,Hombre,(15 a 17),61785,1,1.61851582099215,True,Bolívar
13,2019,DANE_2018_2050,Hombre,(18 a 19),39249,3,7.643506840938622,True,Bolívar
13,2019,DANE_2018_2050,Hombre,(20 a 24),88764,7,7.886079942318958,False,Bolívar
13,2019,DANE_2018_2050,Hombre,(25 a 29),82222,5,6.081097516479774,False,Bolívar
13,2019,DANE_2018_2050,Hombre,(30 a 34),71719,7,9.760314560994994,False,Bolívar
13,2019,DANE_2018_2050,Hombre,(35 a 39),66529,2,3.0062078191465376,True,Bolívar
13,2019,DANE_2018_2050,Hombre,(40 a 44),59471,3,5.044475458626894,True,Bolívar
13,2019,DANE_2018_2050,Hombre,(45 a 49),54538,2,3.667167846272324,True,Bolívar
13,2019,DANE_2018_2050,Hombre,(50 a 54),52155,8,15.338893682293163,False,Bolívar
13,2019,DANE_2018_2050,Hombre,(55 a 59),45726,3,6.5608187901850155,True,Bolívar
13,2019,DANE_2018_2050,Hombre,(60 a 64),35984,5,13.895064473099154,False,Bolívar
13,2019,DANE_2018_2050,Hombre,(65 a 69),27683,2,7.224650507531698,True,Bolívar
13,2019,DANE_2018_2050,Hombre,(70 a 74),20027,3,14.979777300644132,True,Bolívar
13,2019,DANE_2018_2050,Hombre,(75 a 79),14106,3,21.26754572522331,True,Bolívar
13,2019,DANE_2018_2050,Hombre,(80 y más),17112,3,17.53155680224404,True,Bolívar
13,2019,DANE_2018_2050,Mujer,(05 a 09),97613,0,0.0,True,Bolívar
13,2019,DANE_2018_2050,Mujer,(10 a 14),98700,5,5.065856129685916,False,Bolívar
13,2019,DANE_2018_2050,Mujer,(15 a 17),58520,1,1.7088174982911823,True,Bolívar
13,2019,DANE_2018_2050,Mujer,(18 a 19),38143,1,2.621713027292033,True,Bolívar
13,2019,DANE_2018_2050,Mujer,(20 a 24),88993,2,2.2473677704988035,True,Bolívar
13,2019,DANE_2018_2050,Mujer,(25 a 29),83148,0,0.0,True,Bolívar
13,2019,DANE_2018_2050,Mujer,(30 a 34),74556,0,0.0,True,Bolívar
13,2019,DANE_2018_2050,Mujer,(35 a 39),70875,2,2.821869488536155,True,Bolívar
13,2019,DANE_2018_2050,Mujer,(40 a 44),62579,0,0.0,True,Bolívar
13,2019,DANE_2018_2050,Mujer,(45 a 49),57079,3,5.255873438567599,True,Bolívar
13,2019,DANE_2018_2050,Mujer,(50 a 54),55043,0,0.0,True,Bolívar
13,2019,DANE_2018_2050,Mujer,(55 a 59),48661,1,2.0550338053060972,True,Bolívar
13,2019,DANE_2018_2050,Mujer,(60 a 64),38885,0,0.0,True,Bolívar
13,2019,DANE_2018_2050,Mujer,(65 a 69),30441,1,3.2850431983180575,True,Bolívar
13,2019,DANE_2018_2050,Mujer,(70 a 74),22496,0,0.0,True,Bolívar
13,2019,DANE_2018_2050,Mujer,(75 a 79),16147,0,0.0,True,Bolívar
13,2019,DANE_2018_2050,Mujer,(80 y más),23232,0,0.0,True,Bolívar
13,2020,DANE_2018_2050,Hombre,(05 a 09),103663,0,0.0,True,Bolívar
13,2020,DANE_2018_2050,Hombre,(10 a 14),105914,3,2.83248673452046,True,Bolívar
13,2020,DANE_2018_2050,Hombre,(15 a 17),62563,3,4.795166472196026,True,Bolívar
13,2020,DANE_2018_2050,Hombre,(18 a 19),40475,1,2.470660901791229,True,Bolívar
13,2020,DANE_2018_2050,Hombre,(20 a 24),91301,3,3.285834766322384,True,Bolívar
13,2020,DANE_2018_2050,Hombre,(25 a 29),84583,9,10.640436021422744,False,Bolívar
13,2020,DANE_2018_2050,Hombre,(30 a 34),74083,7,9.44886141219983,False,Bolívar
13,2020,DANE_2018_2050,Hombre,(35 a 39),67906,5,7.363119606514888,False,Bolívar
13,2020,DANE_2018_2050,Hombre,(40 a 44),61480,6,9.759271307742354,False,Bolívar
13,2020,DANE_2018_2050,Hombre,(45 a 49),55000,6,10.90909090909091,False,Bolívar
13,2020,DANE_2018_2050,Hombre,(50 a 54),52695,2,3.79542651105418,True,Bolívar
13,2020,DANE_2018_2050,Hombre,(55 a 59),47241,3,6.350415952244872,True,Bolívar
13,2020,DANE_2018_2050,Hombre,(60 a 64),37492,1,2.667235676944415,True,Bolívar
13,2020,DANE_2018_2050,Hombre,(65 a 69),28651,3,10.470838714181005,True,Bolívar
13,2020,DANE_2018_2050,Hombre,(70 a 74),20928,1,4.778287461773701,True,Bolívar
13,2020,DANE_2018_2050,Hombre,(75 a 79),14344,1,6.971556051310653,True,Bolívar
13,2020,DANE_2018_2050,Hombre,(80 y más),17434,3,17.207754961569346,True,Bolívar
13,2020,DANE_2018_2050,Mujer,(05 a 09),98558,0,0.0,True,Bolívar
13,2020,DANE_2018_2050,Mujer,(10 a 14),99265,0,0.0,True,Bolívar
13,2020,DANE_2018_2050,Mujer,(15 a 17),59108,2,3.383636732760371,True,Bolívar
13,2020,DANE_2018_2050,Mujer,(18 a 19),38958,3,7.700600646850454,True,Bolívar
13,2020,DANE_2018_2050,Mujer,(20 a 24),91300,1,1.095290251916758,True,Bolívar
13,2020,DANE_2018_2050,Mujer,(25 a 29),85608,1,1.1681151294271563,True,Bolívar
13,2020,DANE_2018_2050,Mujer,(30 a 34),76491,0,0.0,True,Bolívar
13,2020,DANE_2018_2050,Mujer,(35 a 39),72253,0,0.0,True,Bolívar
13,2020,DANE_2018_2050,Mujer,(40 a 44),64870,2,3.083089255433945,True,Bolívar
13,2020,DANE_2018_2050,Mujer,(45 a 49),57595,1,1.7362618282837052,True,Bolívar
13,2020,DANE_2018_2050,Mujer,(50 a 54),55501,0,0.0,True,Bolívar
13,2020,DANE_2018_2050,Mujer,(55 a 59),50286,0,0.0,True,Bolívar
13,2020,DANE_2018_2050,Mujer,(60 a 64),40568,0,0.0,True,Bolívar
13,2020,DANE_2018_2050,Mujer,(65 a 69),31651,0,0.0,True,Bolívar
13,2020,DANE_2018_2050,Mujer,(70 a 74),23691,1,4.221012198725255,True,Bolívar
13,2020,DANE_2018_2050,Mujer,(75 a 79),16460,0,0.0,True,Bolívar
13,2020,DANE_2018_2050,Mujer,(80 y más),23545,0,0.0,True,Bolívar
13,2021,DANE_2018_2050,Hombre,(05 a 09),103519,0,0.0,True,Bolívar
13,2021,DANE_2018_2050,Hombre,(10 a 14),105785,0,0.0,True,Bolívar
13,2021,DANE_2018_2050,Hombre,(15 a 17),62904,1,1.5897240239094494,True,Bolívar
13,2021,DANE_2018_2050,Hombre,(18 a 19),40888,2,4.891410682840931,True,Bolívar
13,2021,DANE_2018_2050,Hombre,(20 a 24),93564,7,7.4815099824718905,False,Bolívar
13,2021,DANE_2018_2050,Hombre,(25 a 29),85605,8,9.345248525202967,False,Bolívar
13,2021,DANE_2018_2050,Hombre,(30 a 34),76024,5,6.576870461959381,False,Bolívar
13,2021,DANE_2018_2050,Hombre,(35 a 39),68835,3,4.3582479843103075,True,Bolívar
13,2021,DANE_2018_2050,Hombre,(40 a 44),63022,4,6.346989940020944,True,Bolívar
13,2021,DANE_2018_2050,Hombre,(45 a 49),55502,3,5.405210623040611,True,Bolívar
13,2021,DANE_2018_2050,Hombre,(50 a 54),52922,3,5.668720003023317,True,Bolívar
13,2021,DANE_2018_2050,Hombre,(55 a 59),48311,2,4.139843927883919,True,Bolívar
13,2021,DANE_2018_2050,Hombre,(60 a 64),38897,2,5.141784713474046,True,Bolívar
13,2021,DANE_2018_2050,Hombre,(65 a 69),29536,2,6.771397616468039,True,Bolívar
13,2021,DANE_2018_2050,Hombre,(70 a 74),21764,1,4.5947436133063775,True,Bolívar
13,2021,DANE_2018_2050,Hombre,(75 a 79),14562,2,13.73437714599643,True,Bolívar
13,2021,DANE_2018_2050,Hombre,(80 y más),17388,2,11.502185415228894,True,Bolívar
13,2021,DANE_2018_2050,Mujer,(05 a 09),98781,0,0.0,True,Bolívar
13,2021,DANE_2018_2050,Mujer,(10 a 14),99050,3,3.028773346794548,True,Bolívar
13,2021,DANE_2018_2050,Mujer,(15 a 17),59315,0,0.0,True,Bolívar
13,2021,DANE_2018_2050,Mujer,(18 a 19),39107,0,0.0,True,Bolívar
13,2021,DANE_2018_2050,Mujer,(20 a 24),92984,1,1.075453841521122,True,Bolívar
13,2021,DANE_2018_2050,Mujer,(25 a 29),86803,0,0.0,True,Bolívar
13,2021,DANE_2018_2050,Mujer,(30 a 34),78037,0,0.0,True,Bolívar
13,2021,DANE_2018_2050,Mujer,(35 a 39),73024,2,2.7388255915863278,True,Bolívar
13,2021,DANE_2018_2050,Mujer,(40 a 44),66726,1,1.4986661870934868,True,Bolívar
13,2021,DANE_2018_2050,Mujer,(45 a 49),58201,0,0.0,True,Bolívar
13,2021,DANE_2018_2050,Mujer,(50 a 54),55584,0,0.0,True,Bolívar
13,2021,DANE_2018_2050,Mujer,(55 a 59),51470,2,3.8857586943850784,True,Bolívar
13,2021,DANE_2018_2050,Mujer,(60 a 64),42141,1,2.372985928193446,True,Bolívar
13,2021,DANE_2018_2050,Mujer,(65 a 69),32827,0,0.0,True,Bolívar
13,2021,DANE_2018_2050,Mujer,(70 a 74),24726,0,0.0,True,Bolívar
13,2021,DANE_2018_2050,Mujer,(75 a 79),16821,1,5.944949765174485,True,Bolívar
13,2021,DANE_2018_2050,Mujer,(80 y más),23407,0,0.0,True,Bolívar
13,2022,DANE_2018_2050,Hombre,(05 a 09),103213,0,0.0,True,Bolívar
13,2022,DANE_2018_2050,Hombre,(10 a 14),105099,1,0.9514838390469939,True,Bolívar
13,2022,DANE_2018_2050,Hombre,(15 a 17),63053,0,0.0,True,Bolívar
13,2022,DANE_2018_2050,Hombre,(18 a 19),40946,5,12.211205001709567,False,Bolívar
13,2022,DANE_2018_2050,Hombre,(20 a 24),95549,10,10.465834283979948,False,Bolívar
13,2022,DANE_2018_2050,Hombre,(25 a 29),85942,4,4.654301738381699,True,Bolívar
13,2022,DANE_2018_2050,Hombre,(30 a 34),77720,4,5.14668039114771,True,Bolívar
13,2022,DANE_2018_2050,Hombre,(35 a 39),69571,3,4.3121415532333875,True,Bolívar
13,2022,DANE_2018_2050,Hombre,(40 a 44),64187,5,7.789739355321171,False,Bolívar
13,2022,DANE_2018_2050,Hombre,(45 a 49),56355,7,12.42125809599858,False,Bolívar
13,2022,DANE_2018_2050,Hombre,(50 a 54),52916,4,7.559150351500492,True,Bolívar
13,2022,DANE_2018_2050,Hombre,(55 a 59),49028,7,14.277555682467161,False,Bolívar
13,2022,DANE_2018_2050,Hombre,(60 a 64),40294,7,17.372313495805827,False,Bolívar
13,2022,DANE_2018_2050,Hombre,(65 a 69),30500,3,9.836065573770492,True,Bolívar
13,2022,DANE_2018_2050,Hombre,(70 a 74),22488,1,4.446816079686944,True,Bolívar
13,2022,DANE_2018_2050,Hombre,(75 a 79),14865,0,0.0,True,Bolívar
13,2022,DANE_2018_2050,Hombre,(80 y más),17261,2,11.586814205434216,True,Bolívar
13,2022,DANE_2018_2050,Mujer,(05 a 09),98511,0,0.0,True,Bolívar
13,2022,DANE_2018_2050,Mujer,(10 a 14),98631,2,2.0277600348774727,True,Bolívar
13,2022,DANE_2018_2050,Mujer,(15 a 17),59287,2,3.373420817379864,True,Bolívar
13,2022,DANE_2018_2050,Mujer,(18 a 19),39018,1,2.5629196780972885,True,Bolívar
13,2022,DANE_2018_2050,Mujer,(20 a 24),94178,1,1.0618191084966766,True,Bolívar
13,2022,DANE_2018_2050,Mujer,(25 a 29),87252,1,1.1461055333975152,True,Bolívar
13,2022,DANE_2018_2050,Mujer,(30 a 34),79621,2,2.511900126850956,True,Bolívar
13,2022,DANE_2018_2050,Mujer,(35 a 39),73499,0,0.0,True,Bolívar
13,2022,DANE_2018_2050,Mujer,(40 a 44),68192,0,0.0,True,Bolívar
13,2022,DANE_2018_2050,Mujer,(45 a 49),59084,2,3.3850111705368624,True,Bolívar
13,2022,DANE_2018_2050,Mujer,(50 a 54),55544,1,1.8003744778914015,True,Bolívar
13,2022,DANE_2018_2050,Mujer,(55 a 59),52275,0,0.0,True,Bolívar
13,2022,DANE_2018_2050,Mujer,(60 a 64),43658,0,0.0,True,Bolívar
13,2022,DANE_2018_2050,Mujer,(65 a 69),34058,0,0.0,True,Bolívar
13,2022,DANE_2018_2050,Mujer,(70 a 74),25683,0,0.0,True,Bolívar
13,2022,DANE_2018_2050,Mujer,(75 a 79),17395,0,0.0,True,Bolívar
13,2022,DANE_2018_2050,Mujer,(80 y más),23263,1,4.298671710441473,True,Bolívar
13,2023,DANE_2018_2050,Hombre,(05 a 09),102900,0,0.0,True,Bolívar
13,2023,DANE_2018_2050,Hombre,(10 a 14),104382,1,0.9580195819202545,True,Bolívar
13,2023,DANE_2018_2050,Hombre,(15 a 17),62879,3,4.771068242179424,True,Bolívar
13,2023,DANE_2018_2050,Hombre,(18 a 19),41012,2,4.876621476640983,True,Bolívar
13,2023,DANE_2018_2050,Hombre,(20 a 24),97052,10,10.303754688208382,False,Bolívar
13,2023,DANE_2018_2050,Hombre,(25 a 29),86218,6,6.959103667447633,False,Bolívar
13,2023,DANE_2018_2050,Hombre,(30 a 34),79445,8,10.06985965133111,False,Bolívar
13,2023,DANE_2018_2050,Hombre,(35 a 39),70207,7,9.9705157605367,False,Bolívar
13,2023,DANE_2018_2050,Hombre,(40 a 44),65257,4,6.129610616485588,True,Bolívar
13,2023,DANE_2018_2050,Hombre,(45 a 49),57407,4,6.967791384325953,True,Bolívar
13,2023,DANE_2018_2050,Hombre,(50 a 54),52910,7,13.23001323001323,False,Bolívar
13,2023,DANE_2018_2050,Hombre,(55 a 59),49462,3,6.065262221503376,True,Bolívar
13,2023,DANE_2018_2050,Hombre,(60 a 64),41697,4,9.593016284145142,True,Bolívar
13,2023,DANE_2018_2050,Hombre,(65 a 69),31602,3,9.493070058857034,True,Bolívar
13,2023,DANE_2018_2050,Hombre,(70 a 74),23189,4,17.249557980076762,True,Bolívar
13,2023,DANE_2018_2050,Hombre,(75 a 79),15363,1,6.509145349215649,True,Bolívar
13,2023,DANE_2018_2050,Hombre,(80 y más),17299,1,5.780680964217585,True,Bolívar
13,2023,DANE_2018_2050,Mujer,(05 a 09),98017,0,0.0,True,Bolívar
13,2023,DANE_2018_2050,Mujer,(10 a 14),98188,3,3.0553631808367623,True,Bolívar
13,2023,DANE_2018_2050,Mujer,(15 a 17),59118,5,8.457660949287865,False,Bolívar
13,2023,DANE_2018_2050,Mujer,(18 a 19),38966,2,5.132679772109018,True,Bolívar
13,2023,DANE_2018_2050,Mujer,(20 a 24),94809,1,1.0547521859739053,True,Bolívar
13,2023,DANE_2018_2050,Mujer,(25 a 29),87633,0,0.0,True,Bolívar
13,2023,DANE_2018_2050,Mujer,(30 a 34),81213,1,1.2313299594892444,True,Bolívar
13,2023,DANE_2018_2050,Mujer,(35 a 39),73851,2,2.7081556106213864,True,Bolívar
13,2023,DANE_2018_2050,Mujer,(40 a 44),69471,3,4.318348663471088,True,Bolívar
13,2023,DANE_2018_2050,Mujer,(45 a 49),60185,1,1.6615435739802276,True,Bolívar
13,2023,DANE_2018_2050,Mujer,(50 a 54),55462,2,3.6060726263026934,True,Bolívar
13,2023,DANE_2018_2050,Mujer,(55 a 59),52824,1,1.893078903528699,True,Bolívar
13,2023,DANE_2018_2050,Mujer,(60 a 64),45223,1,2.2112641797315526,True,Bolívar
13,2023,DANE_2018_2050,Mujer,(65 a 69),35353,0,0.0,True,Bolívar
13,2023,DANE_2018_2050,Mujer,(70 a 74),26615,1,3.7572797294758593,True,Bolívar
13,2023,DANE_2018_2050,Mujer,(75 a 79),18141,0,0.0,True,Bolívar
13,2023,DANE_2018_2050,Mujer,(80 y más),23287,0,0.0,True,Bolívar
13,2024,DANE_2018_2050,Hombre,(05 a 09),102502,0,0.0,True,Bolívar
13,2024,DANE_2018_2050,Hombre,(10 a 14),103656,2,1.9294589797020916,True,Bolívar
13,2024,DANE_2018_2050,Hombre,(15 a 17),62605,2,3.1946330165322254,True,Bolívar
13,2024,DANE_2018_2050,Hombre,(18 a 19),41082,1,2.434156078087727,True,Bolívar
13,2024,DANE_2018_2050,Hombre,(20 a 24),98185,5,5.092427560217956,False,Bolívar
13,2024,DANE_2018_2050,Hombre,(25 a 29),86788,11,12.674563303682538,False,Bolívar
13,2024,DANE_2018_2050,Hombre,(30 a 34),80932,8,9.884841595413434,False,Bolívar
13,2024,DANE_2018_2050,Hombre,(35 a 39),71142,4,5.622557701498412,True,Bolívar
13,2024,DANE_2018_2050,Hombre,(40 a 44),66103,7,10.589534514318563,False,Bolívar
13,2024,DANE_2018_2050,Hombre,(45 a 49),58664,4,6.818491749624983,True,Bolívar
13,2024,DANE_2018_2050,Hombre,(50 a 54),52961,3,5.664545609033062,True,Bolívar
13,2024,DANE_2018_2050,Hombre,(55 a 59),49852,2,4.011875150445318,True,Bolívar
13,2024,DANE_2018_2050,Hombre,(60 a 64),43107,5,11.599044238754727,False,Bolívar
13,2024,DANE_2018_2050,Hombre,(65 a 69),32862,4,12.172113687541842,True,Bolívar
13,2024,DANE_2018_2050,Hombre,(70 a 74),23945,3,12.52871163082063,True,Bolívar
13,2024,DANE_2018_2050,Hombre,(75 a 79),16039,1,6.234802668495543,True,Bolívar
13,2024,DANE_2018_2050,Hombre,(80 y más),17616,2,11.353315168029065,True,Bolívar
13,2024,DANE_2018_2050,Mujer,(05 a 09),97522,0,0.0,True,Bolívar
13,2024,DANE_2018_2050,Mujer,(10 a 14),97844,4,4.0881403049752665,True,Bolívar
13,2024,DANE_2018_2050,Mujer,(15 a 17),58788,0,0.0,True,Bolívar
13,2024,DANE_2018_2050,Mujer,(18 a 19),38934,0,0.0,True,Bolívar
13,2024,DANE_2018_2050,Mujer,(20 a 24),95144,1,1.0510384259648533,True,Bolívar
13,2024,DANE_2018_2050,Mujer,(25 a 29),88157,1,1.1343398709121226,True,Bolívar
13,2024,DANE_2018_2050,Mujer,(30 a 34),82718,1,1.208926714862545,True,Bolívar
13,2024,DANE_2018_2050,Mujer,(35 a 39),74382,0,0.0,True,Bolívar
13,2024,DANE_2018_2050,Mujer,(40 a 44),70466,1,1.4191241165952375,True,Bolívar
13,2024,DANE_2018_2050,Mujer,(45 a 49),61610,0,0.0,True,Bolívar
13,2024,DANE_2018_2050,Mujer,(50 a 54),55485,1,1.802288906911778,True,Bolívar
13,2024,DANE_2018_2050,Mujer,(55 a 59),53099,0,0.0,True,Bolívar
13,2024,DANE_2018_2050,Mujer,(60 a 64),46788,1,2.1373001624348125,True,Bolívar
13,2024,DANE_2018_2050,Mujer,(65 a 69),36677,0,0.0,True,Bolívar
13,2024,DANE_2018_2050,Mujer,(70 a 74),27602,0,0.0,True,Bolívar
13,2024,DANE_2018_2050,Mujer,(75 a 79),19084,0,0.0,True,Bolívar
13,2024,DANE_2018_2050,Mujer,(80 y más),23595,0,0.0,True,Bolívar
15,2015,DANE_2005_2017,Hombre,(05 a 09),49908,0,0.0,True,Boyacá
15,2015,DANE_2005_2017,Hombre,(10 a 14),51713,3,5.8012492023282345,True,Boyacá
15,2015,DANE_2005_2017,Hombre,(15 a 17),31489,5,15.878560767252056,False,Boyacá
15,2015,DANE_2005_2017,Hombre,(18 a 19),20681,3,14.506068371935593,True,Boyacá
15,2015,DANE_2005_2017,Hombre,(20 a 24),47149,5,10.604678784279624,False,Boyacá
15,2015,DANE_2005_2017,Hombre,(25 a 29),41563,2,4.81197218680076,True,Boyacá
15,2015,DANE_2005_2017,Hombre,(30 a 34),40707,2,4.913159898788906,True,Boyacá
15,2015,DANE_2005_2017,Hombre,(35 a 39),39183,3,7.656381594058648,True,Boyacá
15,2015,DANE_2005_2017,Hombre,(40 a 44),36606,3,8.195377806916898,True,Boyacá
15,2015,DANE_2005_2017,Hombre,(45 a 49),35259,4,11.344621231458635,True,Boyacá
15,2015,DANE_2005_2017,Hombre,(50 a 54),32901,3,9.11826388255676,True,Boyacá
15,2015,DANE_2005_2017,Hombre,(55 a 59),29027,2,6.890136769214869,True,Boyacá
15,2015,DANE_2005_2017,Hombre,(60 a 64),24179,4,16.54328135985773,True,Boyacá
15,2015,DANE_2005_2017,Hombre,(65 a 69),18941,4,21.11820917586189,True,Boyacá
15,2015,DANE_2005_2017,Hombre,(70 a 74),14330,2,13.956734124214934,True,Boyacá
15,2015,DANE_2005_2017,Hombre,(75 a 79),10713,1,9.334453467749462,True,Boyacá
15,2015,DANE_2005_2017,Hombre,(80 y más),15044,1,6.647168306301516,True,Boyacá
15,2015,DANE_2005_2017,Mujer,(05 a 09),46393,0,0.0,True,Boyacá
15,2015,DANE_2005_2017,Mujer,(10 a 14),48228,0,0.0,True,Boyacá
15,2015,DANE_2005_2017,Mujer,(15 a 17),30161,0,0.0,True,Boyacá
15,2015,DANE_2005_2017,Mujer,(18 a 19),20071,2,9.964625579193862,True,Boyacá
15,2015,DANE_2005_2017,Mujer,(20 a 24),46396,3,6.46607466160876,True,Boyacá
15,2015,DANE_2005_2017,Mujer,(25 a 29),42633,1,2.345600825651491,True,Boyacá
15,2015,DANE_2005_2017,Mujer,(30 a 34),42415,0,0.0,True,Boyacá
15,2015,DANE_2005_2017,Mujer,(35 a 39),41213,0,0.0,True,Boyacá
15,2015,DANE_2005_2017,Mujer,(40 a 44),39655,0,0.0,True,Boyacá
15,2015,DANE_2005_2017,Mujer,(45 a 49),38957,1,2.5669327720307007,True,Boyacá
15,2015,DANE_2005_2017,Mujer,(50 a 54),36606,1,2.731792602305633,True,Boyacá
15,2015,DANE_2005_2017,Mujer,(55 a 59),32264,0,0.0,True,Boyacá
15,2015,DANE_2005_2017,Mujer,(60 a 64),26883,0,0.0,True,Boyacá
15,2015,DANE_2005_2017,Mujer,(65 a 69),21517,0,0.0,True,Boyacá
15,2015,DANE_2005_2017,Mujer,(70 a 74),16578,1,6.032090722644468,True,Boyacá
15,2015,DANE_2005_2017,Mujer,(75 a 79),12360,1,8.090614886731391,True,Boyacá
15,2015,DANE_2005_2017,Mujer,(80 y más),18644,0,0.0,True,Boyacá
15,2016,DANE_2005_2017,Hombre,(05 a 09),49610,0,0.0,True,Boyacá
15,2016,DANE_2005_2017,Hombre,(10 a 14),51505,1,1.9415590719347637,True,Boyacá
15,2016,DANE_2005_2017,Hombre,(15 a 17),31313,3,9.58068533835787,True,Boyacá
15,2016,DANE_2005_2017,Hombre,(18 a 19),20602,3,14.561693039510729,True,Boyacá
15,2016,DANE_2005_2017,Hombre,(20 a 24),47528,6,12.624137350614374,False,Boyacá
15,2016,DANE_2005_2017,Hombre,(25 a 29),41573,4,9.621629422942776,True,Boyacá
15,2016,DANE_2005_2017,Hombre,(30 a 34),40670,9,22.129333661175313,False,Boyacá
15,2016,DANE_2005_2017,Hombre,(35 a 39),39682,4,10.080137089864422,True,Boyacá
15,2016,DANE_2005_2017,Hombre,(40 a 44),37044,8,21.595939963286902,False,Boyacá
15,2016,DANE_2005_2017,Hombre,(45 a 49),35556,5,14.062324220947238,False,Boyacá
15,2016,DANE_2005_2017,Hombre,(50 a 54),33317,3,9.00441216195936,True,Boyacá
15,2016,DANE_2005_2017,Hombre,(55 a 59),29724,2,6.728569506122998,True,Boyacá
15,2016,DANE_2005_2017,Hombre,(60 a 64),24909,3,12.043839576056847,True,Boyacá
15,2016,DANE_2005_2017,Hombre,(65 a 69),19608,3,15.29987760097919,True,Boyacá
15,2016,DANE_2005_2017,Hombre,(70 a 74),14611,4,27.376634042844433,True,Boyacá
15,2016,DANE_2005_2017,Hombre,(75 a 79),10700,3,28.037383177570092,True,Boyacá
15,2016,DANE_2005_2017,Hombre,(80 y más),15223,0,0.0,True,Boyacá
15,2016,DANE_2005_2017,Mujer,(05 a 09),46182,0,0.0,True,Boyacá
15,2016,DANE_2005_2017,Mujer,(10 a 14),47862,1,2.089340186369145,True,Boyacá
15,2016,DANE_2005_2017,Mujer,(15 a 17),29620,2,6.7521944632005395,True,Boyacá
15,2016,DANE_2005_2017,Mujer,(18 a 19),19813,0,0.0,True,Boyacá
15,2016,DANE_2005_2017,Mujer,(20 a 24),46452,0,0.0,True,Boyacá
15,2016,DANE_2005_2017,Mujer,(25 a 29),42576,2,4.697482149567832,True,Boyacá
15,2016,DANE_2005_2017,Mujer,(30 a 34),42483,1,2.353882729562413,True,Boyacá
15,2016,DANE_2005_2017,Mujer,(35 a 39),41714,0,0.0,True,Boyacá
15,2016,DANE_2005_2017,Mujer,(40 a 44),39798,1,2.512689079853259,True,Boyacá
15,2016,DANE_2005_2017,Mujer,(45 a 49),39127,1,2.555779896235336,True,Boyacá
15,2016,DANE_2005_2017,Mujer,(50 a 54),37091,1,2.6960718233533743,True,Boyacá
15,2016,DANE_2005_2017,Mujer,(55 a 59),33034,0,0.0,True,Boyacá
15,2016,DANE_2005_2017,Mujer,(60 a 64),27758,0,0.0,True,Boyacá
15,2016,DANE_2005_2017,Mujer,(65 a 69),22251,0,0.0,True,Boyacá
15,2016,DANE_2005_2017,Mujer,(70 a 74),17077,0,0.0,True,Boyacá
15,2016,DANE_2005_2017,Mujer,(75 a 79),12593,0,0.0,True,Boyacá
15,2016,DANE_2005_2017,Mujer,(80 y más),19039,0,0.0,True,Boyacá
15,2017,DANE_2005_2017,Hombre,(05 a 09),49383,0,0.0,True,Boyacá
15,2017,DANE_2005_2017,Hombre,(10 a 14),51317,2,3.8973439600911983,True,Boyacá
15,2017,DANE_2005_2017,Hombre,(15 a 17),31208,1,3.204306588054345,True,Boyacá
15,2017,DANE_2005_2017,Hombre,(18 a 19),20511,4,19.501730778606603,True,Boyacá
15,2017,DANE_2005_2017,Hombre,(20 a 24),47851,4,8.359281937681553,True,Boyacá
15,2017,DANE_2005_2017,Hombre,(25 a 29),41776,8,19.149751053236308,False,Boyacá
15,2017,DANE_2005_2017,Hombre,(30 a 34),40666,7,17.213396940933457,False,Boyacá
15,2017,DANE_2005_2017,Hombre,(35 a 39),40146,5,12.454540925621481,False,Boyacá
15,2017,DANE_2005_2017,Hombre,(40 a 44),37590,5,13.301409949454643,False,Boyacá
15,2017,DANE_2005_2017,Hombre,(45 a 49),35813,9,25.130539189679723,False,Boyacá
15,2017,DANE_2005_2017,Hombre,(50 a 54),33749,8,23.704406056475747,False,Boyacá
15,2017,DANE_2005_2017,Hombre,(55 a 59),30365,5,16.466326362588507,False,Boyacá
15,2017,DANE_2005_2017,Hombre,(60 a 64),25671,3,11.68633867009466,True,Boyacá
15,2017,DANE_2005_2017,Hombre,(65 a 69),20328,4,19.67729240456513,True,Boyacá
15,2017,DANE_2005_2017,Hombre,(70 a 74),14949,0,0.0,True,Boyacá
15,2017,DANE_2005_2017,Hombre,(75 a 79),10739,3,27.935561970388306,True,Boyacá
15,2017,DANE_2005_2017,Hombre,(80 y más),15344,0,0.0,True,Boyacá
15,2017,DANE_2005_2017,Mujer,(05 a 09),46056,0,0.0,True,Boyacá
15,2017,DANE_2005_2017,Mujer,(10 a 14),47603,1,2.1007079385752996,True,Boyacá
15,2017,DANE_2005_2017,Mujer,(15 a 17),29189,2,6.851896262290589,True,Boyacá
15,2017,DANE_2005_2017,Mujer,(18 a 19),19523,0,0.0,True,Boyacá
15,2017,DANE_2005_2017,Mujer,(20 a 24),46390,3,6.4669109721922835,True,Boyacá
15,2017,DANE_2005_2017,Mujer,(25 a 29),42624,0,0.0,True,Boyacá
15,2017,DANE_2005_2017,Mujer,(30 a 34),42573,1,2.348906583985155,True,Boyacá
15,2017,DANE_2005_2017,Mujer,(35 a 39),42230,3,7.1039545346909785,True,Boyacá
15,2017,DANE_2005_2017,Mujer,(40 a 44),40064,1,2.496006389776358,True,Boyacá
15,2017,DANE_2005_2017,Mujer,(45 a 49),39259,2,5.094373264729106,True,Boyacá
15,2017,DANE_2005_2017,Mujer,(50 a 54),37524,0,0.0,True,Boyacá
15,2017,DANE_2005_2017,Mujer,(55 a 59),33789,2,5.919086093107224,True,Boyacá
15,2017,DANE_2005_2017,Mujer,(60 a 64),28629,0,0.0,True,Boyacá
15,2017,DANE_2005_2017,Mujer,(65 a 69),23033,0,0.0,True,Boyacá
15,2017,DANE_2005_2017,Mujer,(70 a 74),17633,0,0.0,True,Boyacá
15,2017,DANE_2005_2017,Mujer,(75 a 79),12879,0,0.0,True,Boyacá
15,2017,DANE_2005_2017,Mujer,(80 y más),19406,0,0.0,True,Boyacá
15,2018,DANE_2018_2050,Hombre,(05 a 09),50334,0,0.0,True,Boyacá
15,2018,DANE_2018_2050,Hombre,(10 a 14),55635,3,5.392289026691831,True,Boyacá
15,2018,DANE_2018_2050,Hombre,(15 a 17),33867,2,5.905453686479464,True,Boyacá
15,2018,DANE_2018_2050,Hombre,(18 a 19),21203,1,4.716313729189266,True,Boyacá
15,2018,DANE_2018_2050,Hombre,(20 a 24),47106,12,25.47446185199338,False,Boyacá
15,2018,DANE_2018_2050,Hombre,(25 a 29),40715,7,17.192680830160874,False,Boyacá
15,2018,DANE_2018_2050,Hombre,(30 a 34),38301,8,20.887183102268867,False,Boyacá
15,2018,DANE_2018_2050,Hombre,(35 a 39),39353,2,5.082204660381674,True,Boyacá
15,2018,DANE_2018_2050,Hombre,(40 a 44),37516,5,13.327646870668516,False,Boyacá
15,2018,DANE_2018_2050,Hombre,(45 a 49),35885,1,2.786679671171799,True,Boyacá
15,2018,DANE_2018_2050,Hombre,(50 a 54),34162,1,2.9272290849481877,True,Boyacá
15,2018,DANE_2018_2050,Hombre,(55 a 59),30592,4,13.07531380753138,True,Boyacá
15,2018,DANE_2018_2050,Hombre,(60 a 64),26183,2,7.63854409349578,True,Boyacá
15,2018,DANE_2018_2050,Hombre,(65 a 69),21727,4,18.410272932296223,True,Boyacá
15,2018,DANE_2018_2050,Hombre,(70 a 74),16352,2,12.23091976516634,True,Boyacá
15,2018,DANE_2018_2050,Hombre,(75 a 79),12479,2,16.026925234393783,True,Boyacá
15,2018,DANE_2018_2050,Hombre,(80 y más),15205,4,26.307135810588623,True,Boyacá
15,2018,DANE_2018_2050,Mujer,(05 a 09),47508,0,0.0,True,Boyacá
15,2018,DANE_2018_2050,Mujer,(10 a 14),52081,0,0.0,True,Boyacá
15,2018,DANE_2018_2050,Mujer,(15 a 17),31830,0,0.0,True,Boyacá
15,2018,DANE_2018_2050,Mujer,(18 a 19),19982,2,10.009008107296566,True,Boyacá
15,2018,DANE_2018_2050,Mujer,(20 a 24),45090,2,4.435573297848746,True,Boyacá
15,2018,DANE_2018_2050,Mujer,(25 a 29),41202,1,2.4270666472501334,True,Boyacá
15,2018,DANE_2018_2050,Mujer,(30 a 34),40504,0,0.0,True,Boyacá
15,2018,DANE_2018_2050,Mujer,(35 a 39),41225,1,2.425712553062462,True,Boyacá
15,2018,DANE_2018_2050,Mujer,(40 a 44),38633,2,5.176921284911863,True,Boyacá
15,2018,DANE_2018_2050,Mujer,(45 a 49),37576,2,5.322546306152864,True,Boyacá
15,2018,DANE_2018_2050,Mujer,(50 a 54),36183,0,0.0,True,Boyacá
15,2018,DANE_2018_2050,Mujer,(55 a 59),32926,0,0.0,True,Boyacá
15,2018,DANE_2018_2050,Mujer,(60 a 64),28857,1,3.4653636899192573,True,Boyacá
15,2018,DANE_2018_2050,Mujer,(65 a 69),24156,0,0.0,True,Boyacá
15,2018,DANE_2018_2050,Mujer,(70 a 74),19351,0,0.0,True,Boyacá
15,2018,DANE_2018_2050,Mujer,(75 a 79),15197,0,0.0,True,Boyacá
15,2018,DANE_2018_2050,Mujer,(80 y más),21220,0,0.0,True,Boyacá
15,2019,DANE_2018_2050,Hombre,(05 a 09),49579,0,0.0,True,Boyacá
15,2019,DANE_2018_2050,Hombre,(10 a 14),54741,3,5.480352934728996,True,Boyacá
15,2019,DANE_2018_2050,Hombre,(15 a 17),33910,1,2.948982601002654,True,Boyacá
15,2019,DANE_2018_2050,Hombre,(18 a 19),21919,7,31.93576349286008,False,Boyacá
15,2019,DANE_2018_2050,Hombre,(20 a 24),49168,13,26.439960950211518,False,Boyacá
15,2019,DANE_2018_2050,Hombre,(25 a 29),42518,6,14.11167035138059,False,Boyacá
15,2019,DANE_2018_2050,Hombre,(30 a 34),38889,5,12.857106122553935,False,Boyacá
15,2019,DANE_2018_2050,Hombre,(35 a 39),39784,9,22.622159662175747,False,Boyacá
15,2019,DANE_2018_2050,Hombre,(40 a 44),38051,4,10.51220730072797,True,Boyacá
15,2019,DANE_2018_2050,Hombre,(45 a 49),36148,3,8.299214341042381,True,Boyacá
15,2019,DANE_2018_2050,Hombre,(50 a 54),34543,2,5.789885070781345,True,Boyacá
15,2019,DANE_2018_2050,Hombre,(55 a 59),31288,1,3.196113525952442,True,Boyacá
15,2019,DANE_2018_2050,Hombre,(60 a 64),26759,6,22.42236256960275,False,Boyacá
15,2019,DANE_2018_2050,Hombre,(65 a 69),22226,2,8.998470260055791,True,Boyacá
15,2019,DANE_2018_2050,Hombre,(70 a 74),16806,3,17.85076758300607,True,Boyacá
15,2019,DANE_2018_2050,Hombre,(75 a 79),12525,1,7.984031936127745,True,Boyacá
15,2019,DANE_2018_2050,Hombre,(80 y más),15464,2,12.933264355923434,True,Boyacá
15,2019,DANE_2018_2050,Mujer,(05 a 09),46820,1,2.135839384878257,True,Boyacá
15,2019,DANE_2018_2050,Mujer,(10 a 14),51292,1,1.9496217733759649,True,Boyacá
15,2019,DANE_2018_2050,Mujer,(15 a 17),31987,1,3.1262700472066776,True,Boyacá
15,2019,DANE_2018_2050,Mujer,(18 a 19),20648,0,0.0,True,Boyacá
15,2019,DANE_2018_2050,Mujer,(20 a 24),46794,1,2.1370261144591187,True,Boyacá
15,2019,DANE_2018_2050,Mujer,(25 a 29),42557,1,2.349789693822403,True,Boyacá
15,2019,DANE_2018_2050,Mujer,(30 a 34),40755,1,2.45368666421298,True,Boyacá
15,2019,DANE_2018_2050,Mujer,(35 a 39),41778,0,0.0,True,Boyacá
15,2019,DANE_2018_2050,Mujer,(40 a 44),39294,0,0.0,True,Boyacá
15,2019,DANE_2018_2050,Mujer,(45 a 49),37695,1,2.652871733651678,True,Boyacá
15,2019,DANE_2018_2050,Mujer,(50 a 54),36428,0,0.0,True,Boyacá
15,2019,DANE_2018_2050,Mujer,(55 a 59),33676,0,0.0,True,Boyacá
15,2019,DANE_2018_2050,Mujer,(60 a 64),29473,0,0.0,True,Boyacá
15,2019,DANE_2018_2050,Mujer,(65 a 69),24839,0,0.0,True,Boyacá
15,2019,DANE_2018_2050,Mujer,(70 a 74),19818,0,0.0,True,Boyacá
15,2019,DANE_2018_2050,Mujer,(75 a 79),15360,1,6.510416666666667,True,Boyacá
15,2019,DANE_2018_2050,Mujer,(80 y más),21841,0,0.0,True,Boyacá
15,2020,DANE_2018_2050,Hombre,(05 a 09),49018,0,0.0,True,Boyacá
15,2020,DANE_2018_2050,Hombre,(10 a 14),53769,3,5.579423087652737,True,Boyacá
15,2020,DANE_2018_2050,Hombre,(15 a 17),33783,4,11.84027469437291,True,Boyacá
15,2020,DANE_2018_2050,Hombre,(18 a 19),22356,2,8.946144211844695,True,Boyacá
15,2020,DANE_2018_2050,Hombre,(20 a 24),51304,8,15.593326056447841,False,Boyacá
15,2020,DANE_2018_2050,Hombre,(25 a 29),44549,5,11.223596489259018,False,Boyacá
15,2020,DANE_2018_2050,Hombre,(30 a 34),39865,5,12.542330364981815,False,Boyacá
15,2020,DANE_2018_2050,Hombre,(35 a 39),40123,11,27.415696732547417,False,Boyacá
15,2020,DANE_2018_2050,Hombre,(40 a 44),38780,3,7.735946364105209,True,Boyacá
15,2020,DANE_2018_2050,Hombre,(45 a 49),36440,3,8.232711306256862,True,Boyacá
15,2020,DANE_2018_2050,Hombre,(50 a 54),34827,5,14.356677290607863,False,Boyacá
15,2020,DANE_2018_2050,Hombre,(55 a 59),31952,6,18.778167250876315,False,Boyacá
15,2020,DANE_2018_2050,Hombre,(60 a 64),27398,5,18.24950726330389,False,Boyacá
15,2020,DANE_2018_2050,Hombre,(65 a 69),22729,1,4.399665625412469,True,Boyacá
15,2020,DANE_2018_2050,Hombre,(70 a 74),17291,0,0.0,True,Boyacá
15,2020,DANE_2018_2050,Hombre,(75 a 79),12555,0,0.0,True,Boyacá
15,2020,DANE_2018_2050,Hombre,(80 y más),15774,2,12.679092177000127,True,Boyacá
15,2020,DANE_2018_2050,Mujer,(05 a 09),46286,1,2.1604804908611674,True,Boyacá
15,2020,DANE_2018_2050,Mujer,(10 a 14),50479,5,9.905109055250698,False,Boyacá
15,2020,DANE_2018_2050,Mujer,(15 a 17),31783,1,3.146336091621307,True,Boyacá
15,2020,DANE_2018_2050,Mujer,(18 a 19),21192,0,0.0,True,Boyacá
15,2020,DANE_2018_2050,Mujer,(20 a 24),48617,1,2.056893679165724,True,Boyacá
15,2020,DANE_2018_2050,Mujer,(25 a 29),44030,0,0.0,True,Boyacá
15,2020,DANE_2018_2050,Mujer,(30 a 34),41281,1,2.4224219374530658,True,Boyacá
15,2020,DANE_2018_2050,Mujer,(35 a 39),42176,0,0.0,True,Boyacá
15,2020,DANE_2018_2050,Mujer,(40 a 44),40184,1,2.4885526577742385,True,Boyacá
15,2020,DANE_2018_2050,Mujer,(45 a 49),37782,0,0.0,True,Boyacá
15,2020,DANE_2018_2050,Mujer,(50 a 54),36722,0,0.0,True,Boyacá
15,2020,DANE_2018_2050,Mujer,(55 a 59),34296,0,0.0,True,Boyacá
15,2020,DANE_2018_2050,Mujer,(60 a 64),30077,2,6.649599361638461,True,Boyacá
15,2020,DANE_2018_2050,Mujer,(65 a 69),25459,0,0.0,True,Boyacá
15,2020,DANE_2018_2050,Mujer,(70 a 74),20317,0,0.0,True,Boyacá
15,2020,DANE_2018_2050,Mujer,(75 a 79),15532,0,0.0,True,Boyacá
15,2020,DANE_2018_2050,Mujer,(80 y más),22373,0,0.0,True,Boyacá
15,2021,DANE_2018_2050,Hombre,(05 a 09),48405,0,0.0,True,Boyacá
15,2021,DANE_2018_2050,Hombre,(10 a 14),52699,2,3.7951384276741496,True,Boyacá
15,2021,DANE_2018_2050,Hombre,(15 a 17),33428,1,2.991504128275697,True,Boyacá
15,2021,DANE_2018_2050,Hombre,(18 a 19),22374,3,13.408420488066506,True,Boyacá
15,2021,DANE_2018_2050,Hombre,(20 a 24),52943,12,22.66588595281718,False,Boyacá
15,2021,DANE_2018_2050,Hombre,(25 a 29),46214,8,17.310771627645302,False,Boyacá
15,2021,DANE_2018_2050,Hombre,(30 a 34),40875,4,9.785932721712538,True,Boyacá
15,2021,DANE_2018_2050,Hombre,(35 a 39),40234,3,7.456380175970572,True,Boyacá
15,2021,DANE_2018_2050,Hombre,(40 a 44),39466,4,10.135306339634116,True,Boyacá
15,2021,DANE_2018_2050,Hombre,(45 a 49),36673,7,19.08761213972132,False,Boyacá
15,2021,DANE_2018_2050,Hombre,(50 a 54),34974,4,11.437067535883799,True,Boyacá
15,2021,DANE_2018_2050,Hombre,(55 a 59),32492,3,9.2330419795642,True,Boyacá
15,2021,DANE_2018_2050,Hombre,(60 a 64),28048,8,28.522532800912717,False,Boyacá
15,2021,DANE_2018_2050,Hombre,(65 a 69),23116,6,25.956047759127873,False,Boyacá
15,2021,DANE_2018_2050,Hombre,(70 a 74),17830,2,11.217049915872126,True,Boyacá
15,2021,DANE_2018_2050,Hombre,(75 a 79),12569,2,15.912164850027846,True,Boyacá
15,2021,DANE_2018_2050,Hombre,(80 y más),15840,0,0.0,True,Boyacá
15,2021,DANE_2018_2050,Mujer,(05 a 09),45708,0,0.0,True,Boyacá
15,2021,DANE_2018_2050,Mujer,(10 a 14),49568,3,6.05229180116204,True,Boyacá
15,2021,DANE_2018_2050,Mujer,(15 a 17),31424,3,9.546843177189409,True,Boyacá
15,2021,DANE_2018_2050,Mujer,(18 a 19),21330,1,4.688232536333802,True,Boyacá
15,2021,DANE_2018_2050,Mujer,(20 a 24),50146,3,5.982531009452399,True,Boyacá
15,2021,DANE_2018_2050,Mujer,(25 a 29),45236,1,2.2106287028030773,True,Boyacá
15,2021,DANE_2018_2050,Mujer,(30 a 34),41851,1,2.3894291653723925,True,Boyacá
15,2021,DANE_2018_2050,Mujer,(35 a 39),42329,1,2.362446549646814,True,Boyacá
15,2021,DANE_2018_2050,Mujer,(40 a 44),41024,1,2.437597503900156,True,Boyacá
15,2021,DANE_2018_2050,Mujer,(45 a 49),37944,0,0.0,True,Boyacá
15,2021,DANE_2018_2050,Mujer,(50 a 54),36941,0,0.0,True,Boyacá
15,2021,DANE_2018_2050,Mujer,(55 a 59),34849,3,8.608568395075899,True,Boyacá
15,2021,DANE_2018_2050,Mujer,(60 a 64),30762,0,0.0,True,Boyacá
15,2021,DANE_2018_2050,Mujer,(65 a 69),26117,0,0.0,True,Boyacá
15,2021,DANE_2018_2050,Mujer,(70 a 74),20796,1,4.8086170417387955,True,Boyacá
15,2021,DANE_2018_2050,Mujer,(75 a 79),15737,0,0.0,True,Boyacá
15,2021,DANE_2018_2050,Mujer,(80 y más),22845,0,0.0,True,Boyacá
15,2022,DANE_2018_2050,Hombre,(05 a 09),47760,0,0.0,True,Boyacá
15,2022,DANE_2018_2050,Hombre,(10 a 14),51562,3,5.8182382374616965,True,Boyacá
15,2022,DANE_2018_2050,Hombre,(15 a 17),32971,8,24.263746929119527,False,Boyacá
15,2022,DANE_2018_2050,Hombre,(18 a 19),22201,3,13.512904824107022,True,Boyacá
15,2022,DANE_2018_2050,Hombre,(20 a 24),54037,7,12.95408701445306,False,Boyacá
15,2022,DANE_2018_2050,Hombre,(25 a 29),47643,9,18.89049807946603,False,Boyacá
15,2022,DANE_2018_2050,Hombre,(30 a 34),41945,1,2.3840743831207534,True,Boyacá
15,2022,DANE_2018_2050,Hombre,(35 a 39),40288,4,9.928514694201747,True,Boyacá
15,2022,DANE_2018_2050,Hombre,(40 a 44),39996,6,15.001500150015003,False,Boyacá
15,2022,DANE_2018_2050,Hombre,(45 a 49),36976,7,18.931198615318046,False,Boyacá
15,2022,DANE_2018_2050,Hombre,(50 a 54),35042,2,5.707436790137549,True,Boyacá
15,2022,DANE_2018_2050,Hombre,(55 a 59),32985,2,6.063362134303471,True,Boyacá
15,2022,DANE_2018_2050,Hombre,(60 a 64),28677,3,10.46134532900931,True,Boyacá
15,2022,DANE_2018_2050,Hombre,(65 a 69),23556,3,12.735608762098828,True,Boyacá
15,2022,DANE_2018_2050,Hombre,(70 a 74),18241,4,21.928622334301846,True,Boyacá
15,2022,DANE_2018_2050,Hombre,(75 a 79),12691,3,23.63879914900323,True,Boyacá
15,2022,DANE_2018_2050,Hombre,(80 y más),15790,7,44.33185560481318,False,Boyacá
15,2022,DANE_2018_2050,Mujer,(05 a 09),45119,0,0.0,True,Boyacá
15,2022,DANE_2018_2050,Mujer,(10 a 14),48627,3,6.169412055031155,True,Boyacá
15,2022,DANE_2018_2050,Mujer,(15 a 17),30999,2,6.451821026484725,True,Boyacá
15,2022,DANE_2018_2050,Mujer,(18 a 19),21141,0,0.0,True,Boyacá
15,2022,DANE_2018_2050,Mujer,(20 a 24),51290,3,5.849093390524469,True,Boyacá
15,2022,DANE_2018_2050,Mujer,(25 a 29),46209,0,0.0,True,Boyacá
15,2022,DANE_2018_2050,Mujer,(30 a 34),42599,1,2.3474729453743044,True,Boyacá
15,2022,DANE_2018_2050,Mujer,(35 a 39),42304,1,2.363842662632375,True,Boyacá
15,2022,DANE_2018_2050,Mujer,(40 a 44),41730,1,2.3963575365444525,True,Boyacá
15,2022,DANE_2018_2050,Mujer,(45 a 49),38244,1,2.614789247986612,True,Boyacá
15,2022,DANE_2018_2050,Mujer,(50 a 54),37022,0,0.0,True,Boyacá
15,2022,DANE_2018_2050,Mujer,(55 a 59),35222,1,2.8391346317642383,True,Boyacá
15,2022,DANE_2018_2050,Mujer,(60 a 64),31454,1,3.1792458828765815,True,Boyacá
15,2022,DANE_2018_2050,Mujer,(65 a 69),26736,2,7.480550568521843,True,Boyacá
15,2022,DANE_2018_2050,Mujer,(70 a 74),21325,2,9.378663540445487,True,Boyacá
15,2022,DANE_2018_2050,Mujer,(75 a 79),16030,0,0.0,True,Boyacá
15,2022,DANE_2018_2050,Mujer,(80 y más),23194,0,0.0,True,Boyacá
15,2023,DANE_2018_2050,Hombre,(05 a 09),47148,0,0.0,True,Boyacá
15,2023,DANE_2018_2050,Hombre,(10 a 14),50544,1,1.9784742006964229,True,Boyacá
15,2023,DANE_2018_2050,Hombre,(15 a 17),32347,4,12.36590719386651,True,Boyacá
15,2023,DANE_2018_2050,Hombre,(18 a 19),21969,6,27.311211252219035,False,Boyacá
15,2023,DANE_2018_2050,Hombre,(20 a 24),54584,8,14.656309541257512,False,Boyacá
15,2023,DANE_2018_2050,Hombre,(25 a 29),48880,8,16.366612111292962,False,Boyacá
15,2023,DANE_2018_2050,Hombre,(30 a 34),43125,8,18.55072463768116,False,Boyacá
15,2023,DANE_2018_2050,Hombre,(35 a 39),40393,8,19.805411828782212,False,Boyacá
15,2023,DANE_2018_2050,Hombre,(40 a 44),40419,8,19.792671763279646,False,Boyacá
15,2023,DANE_2018_2050,Hombre,(45 a 49),37305,7,18.76424071840236,False,Boyacá
15,2023,DANE_2018_2050,Hombre,(50 a 54),35149,4,11.380124612364506,True,Boyacá
15,2023,DANE_2018_2050,Hombre,(55 a 59),33352,1,2.9983209402734468,True,Boyacá
15,2023,DANE_2018_2050,Hombre,(60 a 64),29353,3,10.220420399959119,True,Boyacá
15,2023,DANE_2018_2050,Hombre,(65 a 69),24004,6,24.995834027662056,False,Boyacá
15,2023,DANE_2018_2050,Hombre,(70 a 74),18658,2,10.719262514738986,True,Boyacá
15,2023,DANE_2018_2050,Hombre,(75 a 79),12908,2,15.49426712116517,True,Boyacá
15,2023,DANE_2018_2050,Hombre,(80 y más),15776,0,0.0,True,Boyacá
15,2023,DANE_2018_2050,Mujer,(05 a 09),44512,0,0.0,True,Boyacá
15,2023,DANE_2018_2050,Mujer,(10 a 14),47721,0,0.0,True,Boyacá
15,2023,DANE_2018_2050,Mujer,(15 a 17),30474,1,3.2814858567959573,True,Boyacá
15,2023,DANE_2018_2050,Mujer,(18 a 19),20837,1,4.799155348658636,True,Boyacá
15,2023,DANE_2018_2050,Mujer,(20 a 24),51898,4,7.707426105052218,True,Boyacá
15,2023,DANE_2018_2050,Mujer,(25 a 29),47159,2,4.2409720307894565,True,Boyacá
15,2023,DANE_2018_2050,Mujer,(30 a 34),43460,3,6.902899217671422,True,Boyacá
15,2023,DANE_2018_2050,Mujer,(35 a 39),42231,0,0.0,True,Boyacá
15,2023,DANE_2018_2050,Mujer,(40 a 44),42244,1,2.3672000757504024,True,Boyacá
15,2023,DANE_2018_2050,Mujer,(45 a 49),38731,4,10.327644522475538,True,Boyacá
15,2023,DANE_2018_2050,Mujer,(50 a 54),37061,3,8.094762688540515,True,Boyacá
15,2023,DANE_2018_2050,Mujer,(55 a 59),35543,0,0.0,True,Boyacá
15,2023,DANE_2018_2050,Mujer,(60 a 64),32147,3,9.332130525398949,True,Boyacá
15,2023,DANE_2018_2050,Mujer,(65 a 69),27400,0,0.0,True,Boyacá
15,2023,DANE_2018_2050,Mujer,(70 a 74),21878,1,4.570801718621446,True,Boyacá
15,2023,DANE_2018_2050,Mujer,(75 a 79),16468,0,0.0,True,Boyacá
15,2023,DANE_2018_2050,Mujer,(80 y más),23558,1,4.2448425163426435,True,Boyacá
15,2024,DANE_2018_2050,Hombre,(05 a 09),46548,0,0.0,True,Boyacá
15,2024,DANE_2018_2050,Hombre,(10 a 14),49678,2,4.02592696968477,True,Boyacá
15,2024,DANE_2018_2050,Hombre,(15 a 17),31679,6,18.939991792670224,False,Boyacá
15,2024,DANE_2018_2050,Hombre,(18 a 19),21679,3,13.838276673278289,True,Boyacá
15,2024,DANE_2018_2050,Hombre,(20 a 24),54784,8,14.602803738317755,False,Boyacá
15,2024,DANE_2018_2050,Hombre,(25 a 29),50072,11,21.968365553602812,False,Boyacá
15,2024,DANE_2018_2050,Hombre,(30 a 34),44448,6,13.49892008639309,False,Boyacá
15,2024,DANE_2018_2050,Hombre,(35 a 39),40764,9,22.078304386223138,False,Boyacá
15,2024,DANE_2018_2050,Hombre,(40 a 44),40742,4,9.817878356487164,True,Boyacá
15,2024,DANE_2018_2050,Hombre,(45 a 49),37785,3,7.939658594680428,True,Boyacá
15,2024,DANE_2018_2050,Hombre,(50 a 54),35331,3,8.491126772522714,True,Boyacá
15,2024,DANE_2018_2050,Hombre,(55 a 59),33693,5,14.83987771940759,False,Boyacá
15,2024,DANE_2018_2050,Hombre,(60 a 64),30038,4,13.316465809974032,True,Boyacá
15,2024,DANE_2018_2050,Hombre,(65 a 69),24604,6,24.38627865387742,False,Boyacá
15,2024,DANE_2018_2050,Hombre,(70 a 74),19120,1,5.230125523012552,True,Boyacá
15,2024,DANE_2018_2050,Hombre,(75 a 79),13317,2,15.018397536982803,True,Boyacá
15,2024,DANE_2018_2050,Hombre,(80 y más),16126,2,12.40233163834801,True,Boyacá
15,2024,DANE_2018_2050,Mujer,(05 a 09),43992,0,0.0,True,Boyacá
15,2024,DANE_2018_2050,Mujer,(10 a 14),46894,1,2.132468972576449,True,Boyacá
15,2024,DANE_2018_2050,Mujer,(15 a 17),29867,3,10.04453075300499,True,Boyacá
15,2024,DANE_2018_2050,Mujer,(18 a 19),20542,0,0.0,True,Boyacá
15,2024,DANE_2018_2050,Mujer,(20 a 24),52067,5,9.603011504407782,False,Boyacá
15,2024,DANE_2018_2050,Mujer,(25 a 29),48126,5,10.389394506088186,False,Boyacá
15,2024,DANE_2018_2050,Mujer,(30 a 34),44472,1,2.2486058643640945,True,Boyacá
15,2024,DANE_2018_2050,Mujer,(35 a 39),42279,4,9.460961706757493,True,Boyacá
15,2024,DANE_2018_2050,Mujer,(40 a 44),42653,1,2.3445009729679036,True,Boyacá
15,2024,DANE_2018_2050,Mujer,(45 a 49),39329,2,5.085306008289049,True,Boyacá
15,2024,DANE_2018_2050,Mujer,(50 a 54),37137,0,0.0,True,Boyacá
15,2024,DANE_2018_2050,Mujer,(55 a 59),35772,1,2.7954825002795483,True,Boyacá
15,2024,DANE_2018_2050,Mujer,(60 a 64),32853,0,0.0,True,Boyacá
15,2024,DANE_2018_2050,Mujer,(65 a 69),27970,0,0.0,True,Boyacá
15,2024,DANE_2018_2050,Mujer,(70 a 74),22502,0,0.0,True,Boyacá
15,2024,DANE_2018_2050,Mujer,(75 a 79),16903,0,0.0,True,Boyacá
15,2024,DANE_2018_2050,Mujer,(80 y más),24103,1,4.148861137617724,True,Boyacá
17,2015,DANE_2005_2017,Hombre,(05 a 09),33752,0,0.0,True,Caldas
17,2015,DANE_2005_2017,Hombre,(10 a 14),37238,1,2.6854288629894194,True,Caldas
17,2015,DANE_2005_2017,Hombre,(15 a 17),24203,3,12.395157625087798,True,Caldas
17,2015,DANE_2005_2017,Hombre,(18 a 19),16538,2,12.093360744951022,True,Caldas
17,2015,DANE_2005_2017,Hombre,(20 a 24),40748,7,17.178757239619124,False,Caldas
17,2015,DANE_2005_2017,Hombre,(25 a 29),36090,4,11.083402604599613,True,Caldas
17,2015,DANE_2005_2017,Hombre,(30 a 34),34079,6,17.606150415211715,False,Caldas
17,2015,DANE_2005_2017,Hombre,(35 a 39),31185,3,9.62000962000962,True,Caldas
17,2015,DANE_2005_2017,Hombre,(40 a 44),30002,1,3.333111125924938,True,Caldas
17,2015,DANE_2005_2017,Hombre,(45 a 49),31590,5,15.827793605571383,False,Caldas
17,2015,DANE_2005_2017,Hombre,(50 a 54),31133,4,12.848103298750523,True,Caldas
17,2015,DANE_2005_2017,Hombre,(55 a 59),28327,2,7.060401736858827,True,Caldas
17,2015,DANE_2005_2017,Hombre,(60 a 64),23244,5,21.510927551196005,False,Caldas
17,2015,DANE_2005_2017,Hombre,(65 a 69),17626,5,28.36718484057642,False,Caldas
17,2015,DANE_2005_2017,Hombre,(70 a 74),12389,3,24.215029461619178,True,Caldas
17,2015,DANE_2005_2017,Hombre,(75 a 79),8098,1,12.348728081007655,True,Caldas
17,2015,DANE_2005_2017,Hombre,(80 y más),9731,3,30.82930839584832,True,Caldas
17,2015,DANE_2005_2017,Mujer,(05 a 09),32247,0,0.0,True,Caldas
17,2015,DANE_2005_2017,Mujer,(10 a 14),35689,1,2.80198380453361,True,Caldas
17,2015,DANE_2005_2017,Mujer,(15 a 17),23275,1,4.296455424274972,True,Caldas
17,2015,DANE_2005_2017,Mujer,(18 a 19),16013,1,6.244925997626928,True,Caldas
17,2015,DANE_2005_2017,Mujer,(20 a 24),40358,3,7.433470439565885,True,Caldas
17,2015,DANE_2005_2017,Mujer,(25 a 29),37051,3,8.096947450811045,True,Caldas
17,2015,DANE_2005_2017,Mujer,(30 a 34),35934,2,5.565759447876663,True,Caldas
17,2015,DANE_2005_2017,Mujer,(35 a 39),33813,0,0.0,True,Caldas
17,2015,DANE_2005_2017,Mujer,(40 a 44),33309,0,0.0,True,Caldas
17,2015,DANE_2005_2017,Mujer,(45 a 49),35702,1,2.8009635314548205,True,Caldas
17,2015,DANE_2005_2017,Mujer,(50 a 54),35572,1,2.8111998200832113,True,Caldas
17,2015,DANE_2005_2017,Mujer,(55 a 59),32432,1,3.0833744449926,True,Caldas
17,2015,DANE_2005_2017,Mujer,(60 a 64),26599,0,0.0,True,Caldas
17,2015,DANE_2005_2017,Mujer,(65 a 69),20299,1,4.926351051775949,True,Caldas
17,2015,DANE_2005_2017,Mujer,(70 a 74),14587,0,0.0,True,Caldas
17,2015,DANE_2005_2017,Mujer,(75 a 79),9832,0,0.0,True,Caldas
17,2015,DANE_2005_2017,Mujer,(80 y más),13036,0,0.0,True,Caldas
17,2016,DANE_2005_2017,Hombre,(05 a 09),33227,0,0.0,True,Caldas
17,2016,DANE_2005_2017,Hombre,(10 a 14),36440,3,8.232711306256862,True,Caldas
17,2016,DANE_2005_2017,Hombre,(15 a 17),23687,9,37.99552497150336,False,Caldas
17,2016,DANE_2005_2017,Hombre,(18 a 19),16273,0,0.0,True,Caldas
17,2016,DANE_2005_2017,Hombre,(20 a 24),40436,6,14.83826293401919,False,Caldas
17,2016,DANE_2005_2017,Hombre,(25 a 29),36441,13,35.67410334513323,False,Caldas
17,2016,DANE_2005_2017,Hombre,(30 a 34),33882,2,5.902839265686795,True,Caldas
17,2016,DANE_2005_2017,Hombre,(35 a 39),31968,6,18.76876876876877,False,Caldas
17,2016,DANE_2005_2017,Hombre,(40 a 44),29659,2,6.743315688323949,True,Caldas
17,2016,DANE_2005_2017,Hombre,(45 a 49),31309,1,3.1939697850458337,True,Caldas
17,2016,DANE_2005_2017,Hombre,(50 a 54),31227,2,6.404713869407884,True,Caldas
17,2016,DANE_2005_2017,Hombre,(55 a 59),28733,4,13.921275188807295,True,Caldas
17,2016,DANE_2005_2017,Hombre,(60 a 64),24136,5,20.715942989724894,False,Caldas
17,2016,DANE_2005_2017,Hombre,(65 a 69),18293,1,5.466571912753512,True,Caldas
17,2016,DANE_2005_2017,Hombre,(70 a 74),12983,2,15.404760070861895,True,Caldas
17,2016,DANE_2005_2017,Hombre,(75 a 79),8412,4,47.551117451260104,True,Caldas
17,2016,DANE_2005_2017,Hombre,(80 y más),10043,2,19.914368216668326,True,Caldas
17,2016,DANE_2005_2017,Mujer,(05 a 09),31728,0,0.0,True,Caldas
17,2016,DANE_2005_2017,Mujer,(10 a 14),34909,1,2.8645907932051906,True,Caldas
17,2016,DANE_2005_2017,Mujer,(15 a 17),22815,1,4.383081306158229,True,Caldas
17,2016,DANE_2005_2017,Mujer,(18 a 19),15745,2,12.702445220704986,True,Caldas
17,2016,DANE_2005_2017,Mujer,(20 a 24),39971,0,0.0,True,Caldas
17,2016,DANE_2005_2017,Mujer,(25 a 29),37373,2,5.351456934150322,True,Caldas
17,2016,DANE_2005_2017,Mujer,(30 a 34),35714,0,0.0,True,Caldas
17,2016,DANE_2005_2017,Mujer,(35 a 39),34612,0,0.0,True,Caldas
17,2016,DANE_2005_2017,Mujer,(40 a 44),32805,0,0.0,True,Caldas
17,2016,DANE_2005_2017,Mujer,(45 a 49),35258,0,0.0,True,Caldas
17,2016,DANE_2005_2017,Mujer,(50 a 54),35674,0,0.0,True,Caldas
17,2016,DANE_2005_2017,Mujer,(55 a 59),33017,0,0.0,True,Caldas
17,2016,DANE_2005_2017,Mujer,(60 a 64),27712,0,0.0,True,Caldas
17,2016,DANE_2005_2017,Mujer,(65 a 69),21166,0,0.0,True,Caldas
17,2016,DANE_2005_2017,Mujer,(70 a 74),15353,0,0.0,True,Caldas
17,2016,DANE_2005_2017,Mujer,(75 a 79),10286,0,0.0,True,Caldas
17,2016,DANE_2005_2017,Mujer,(80 y más),13529,0,0.0,True,Caldas
17,2017,DANE_2005_2017,Hombre,(05 a 09),32886,0,0.0,True,Caldas
17,2017,DANE_2005_2017,Hombre,(10 a 14),35711,2,5.600515247402761,True,Caldas
17,2017,DANE_2005_2017,Hombre,(15 a 17),23223,2,8.612151746113767,True,Caldas
17,2017,DANE_2005_2017,Hombre,(18 a 19),15997,3,18.753516284303306,True,Caldas
17,2017,DANE_2005_2017,Hombre,(20 a 24),39988,9,22.506752025607682,False,Caldas
17,2017,DANE_2005_2017,Hombre,(25 a 29),36858,6,16.278691193228063,False,Caldas
17,2017,DANE_2005_2017,Hombre,(30 a 34),33759,9,26.659557451346306,False,Caldas
17,2017,DANE_2005_2017,Hombre,(35 a 39),32697,5,15.291922806373673,False,Caldas
17,2017,DANE_2005_2017,Hombre,(40 a 44),29619,8,27.009689726189272,False,Caldas
17,2017,DANE_2005_2017,Hombre,(45 a 49),30974,3,9.685542713243365,True,Caldas
17,2017,DANE_2005_2017,Hombre,(50 a 54),31278,0,0.0,True,Caldas
17,2017,DANE_2005_2017,Hombre,(55 a 59),29122,4,13.73532037634778,True,Caldas
17,2017,DANE_2005_2017,Hombre,(60 a 64),24955,1,4.007212983370066,True,Caldas
17,2017,DANE_2005_2017,Hombre,(65 a 69),19028,1,5.255413075467732,True,Caldas
17,2017,DANE_2005_2017,Hombre,(70 a 74),13590,1,7.358351729212656,True,Caldas
17,2017,DANE_2005_2017,Hombre,(75 a 79),8766,2,22.815423226100844,True,Caldas
17,2017,DANE_2005_2017,Hombre,(80 y más),10390,0,0.0,True,Caldas
17,2017,DANE_2005_2017,Mujer,(05 a 09),31374,0,0.0,True,Caldas
17,2017,DANE_2005_2017,Mujer,(10 a 14),34186,0,0.0,True,Caldas
17,2017,DANE_2005_2017,Mujer,(15 a 17),22387,0,0.0,True,Caldas
17,2017,DANE_2005_2017,Mujer,(18 a 19),15516,1,6.444960041247745,True,Caldas
17,2017,DANE_2005_2017,Mujer,(20 a 24),39489,2,5.0647015624604315,True,Caldas
17,2017,DANE_2005_2017,Mujer,(25 a 29),37761,1,2.6482349514048886,True,Caldas
17,2017,DANE_2005_2017,Mujer,(30 a 34),35569,1,2.811436925412578,True,Caldas
17,2017,DANE_2005_2017,Mujer,(35 a 39),35370,1,2.827254735651682,True,Caldas
17,2017,DANE_2005_2017,Mujer,(40 a 44),32635,0,0.0,True,Caldas
17,2017,DANE_2005_2017,Mujer,(45 a 49),34743,3,8.634832915983075,True,Caldas
17,2017,DANE_2005_2017,Mujer,(50 a 54),35674,0,0.0,True,Caldas
17,2017,DANE_2005_2017,Mujer,(55 a 59),33543,1,2.981247950392034,True,Caldas
17,2017,DANE_2005_2017,Mujer,(60 a 64),28764,1,3.4765679321373937,True,Caldas
17,2017,DANE_2005_2017,Mujer,(65 a 69),22103,0,0.0,True,Caldas
17,2017,DANE_2005_2017,Mujer,(70 a 74),16150,0,0.0,True,Caldas
17,2017,DANE_2005_2017,Mujer,(75 a 79),10803,0,0.0,True,Caldas
17,2017,DANE_2005_2017,Mujer,(80 y más),14047,0,0.0,True,Caldas
17,2018,DANE_2018_2050,Hombre,(05 a 09),34813,0,0.0,True,Caldas
17,2018,DANE_2018_2050,Hombre,(10 a 14),39240,1,2.5484199796126403,True,Caldas
17,2018,DANE_2018_2050,Hombre,(15 a 17),24921,2,8.025360138036195,True,Caldas
17,2018,DANE_2018_2050,Hombre,(18 a 19),16238,2,12.316787781746521,True,Caldas
17,2018,DANE_2018_2050,Hombre,(20 a 24),39244,10,25.481602283151563,False,Caldas
17,2018,DANE_2018_2050,Hombre,(25 a 29),35633,10,28.06387337580333,False,Caldas
17,2018,DANE_2018_2050,Hombre,(30 a 34),31548,4,12.679092177000127,True,Caldas
17,2018,DANE_2018_2050,Hombre,(35 a 39),31581,4,12.665843386846522,True,Caldas
17,2018,DANE_2018_2050,Hombre,(40 a 44),29120,4,13.736263736263735,True,Caldas
17,2018,DANE_2018_2050,Hombre,(45 a 49),29947,5,16.696163221691656,False,Caldas
17,2018,DANE_2018_2050,Hombre,(50 a 54),30905,6,19.41433425012134,False,Caldas
17,2018,DANE_2018_2050,Hombre,(55 a 59),28776,1,3.475118154017237,True,Caldas
17,2018,DANE_2018_2050,Hombre,(60 a 64),25135,7,27.84961209468868,False,Caldas
17,2018,DANE_2018_2050,Hombre,(65 a 69),20210,5,24.740227610094017,False,Caldas
17,2018,DANE_2018_2050,Hombre,(70 a 74),14783,0,0.0,True,Caldas
17,2018,DANE_2018_2050,Hombre,(75 a 79),10202,1,9.801999607920015,True,Caldas
17,2018,DANE_2018_2050,Hombre,(80 y más),11859,0,0.0,True,Caldas
17,2018,DANE_2018_2050,Mujer,(05 a 09),33372,0,0.0,True,Caldas
17,2018,DANE_2018_2050,Mujer,(10 a 14),37078,0,0.0,True,Caldas
17,2018,DANE_2018_2050,Mujer,(15 a 17),23659,4,16.906885329050255,True,Caldas
17,2018,DANE_2018_2050,Mujer,(18 a 19),16119,2,12.407717600347416,True,Caldas
17,2018,DANE_2018_2050,Mujer,(20 a 24),39152,3,7.662443808745403,True,Caldas
17,2018,DANE_2018_2050,Mujer,(25 a 29),36413,3,8.238815807541261,True,Caldas
17,2018,DANE_2018_2050,Mujer,(30 a 34),33893,3,8.851385241790341,True,Caldas
17,2018,DANE_2018_2050,Mujer,(35 a 39),34597,2,5.780848050408995,True,Caldas
17,2018,DANE_2018_2050,Mujer,(40 a 44),31562,0,0.0,True,Caldas
17,2018,DANE_2018_2050,Mujer,(45 a 49),32690,1,3.059039461609055,True,Caldas
17,2018,DANE_2018_2050,Mujer,(50 a 54),34170,0,0.0,True,Caldas
17,2018,DANE_2018_2050,Mujer,(55 a 59),32428,1,3.0837547798199085,True,Caldas
17,2018,DANE_2018_2050,Mujer,(60 a 64),29061,0,0.0,True,Caldas
17,2018,DANE_2018_2050,Mujer,(65 a 69),23195,0,0.0,True,Caldas
17,2018,DANE_2018_2050,Mujer,(70 a 74),17283,0,0.0,True,Caldas
17,2018,DANE_2018_2050,Mujer,(75 a 79),12581,0,0.0,True,Caldas
17,2018,DANE_2018_2050,Mujer,(80 y más),16429,0,0.0,True,Caldas
17,2019,DANE_2018_2050,Hombre,(05 a 09),34526,0,0.0,True,Caldas
17,2019,DANE_2018_2050,Hombre,(10 a 14),38934,1,2.568449170390918,True,Caldas
17,2019,DANE_2018_2050,Hombre,(15 a 17),24823,5,20.14260967650969,False,Caldas
17,2019,DANE_2018_2050,Hombre,(18 a 19),16651,5,30.028226532940966,False,Caldas
17,2019,DANE_2018_2050,Hombre,(20 a 24),39893,6,15.040232622264558,False,Caldas
17,2019,DANE_2018_2050,Hombre,(25 a 29),37081,7,18.877592297942343,False,Caldas
17,2019,DANE_2018_2050,Hombre,(30 a 34),32524,1,3.074652564260239,True,Caldas
17,2019,DANE_2018_2050,Hombre,(35 a 39),31959,5,15.64504521418067,False,Caldas
17,2019,DANE_2018_2050,Hombre,(40 a 44),29993,5,16.67055646317474,False,Caldas
17,2019,DANE_2018_2050,Hombre,(45 a 49),29724,3,10.092854259184497,True,Caldas
17,2019,DANE_2018_2050,Hombre,(50 a 54),31000,4,12.903225806451614,True,Caldas
17,2019,DANE_2018_2050,Hombre,(55 a 59),29380,4,13.614703880190605,True,Caldas
17,2019,DANE_2018_2050,Hombre,(60 a 64),25530,6,23.501762632197416,False,Caldas
17,2019,DANE_2018_2050,Hombre,(65 a 69),20904,3,14.351320321469576,True,Caldas
17,2019,DANE_2018_2050,Hombre,(70 a 74),15250,3,19.672131147540984,True,Caldas
17,2019,DANE_2018_2050,Hombre,(75 a 79),10365,2,19.29570670525808,True,Caldas
17,2019,DANE_2018_2050,Hombre,(80 y más),12031,5,41.55930512841825,False,Caldas
17,2019,DANE_2018_2050,Mujer,(05 a 09),33106,0,0.0,True,Caldas
17,2019,DANE_2018_2050,Mujer,(10 a 14),36795,0,0.0,True,Caldas
17,2019,DANE_2018_2050,Mujer,(15 a 17),23498,2,8.511362669163333,True,Caldas
17,2019,DANE_2018_2050,Mujer,(18 a 19),16122,0,0.0,True,Caldas
17,2019,DANE_2018_2050,Mujer,(20 a 24),39937,2,5.007887422690739,True,Caldas
17,2019,DANE_2018_2050,Mujer,(25 a 29),37588,5,13.302117697137385,False,Caldas
17,2019,DANE_2018_2050,Mujer,(30 a 34),34523,1,2.8966196448744315,True,Caldas
17,2019,DANE_2018_2050,Mujer,(35 a 39),35018,1,2.855674224684448,True,Caldas
17,2019,DANE_2018_2050,Mujer,(40 a 44),32547,1,3.0724797984453254,True,Caldas
17,2019,DANE_2018_2050,Mujer,(45 a 49),32328,1,3.093293739173472,True,Caldas
17,2019,DANE_2018_2050,Mujer,(50 a 54),34231,1,2.9213286202564928,True,Caldas
17,2019,DANE_2018_2050,Mujer,(55 a 59),33098,1,3.021330593993595,True,Caldas
17,2019,DANE_2018_2050,Mujer,(60 a 64),29789,0,0.0,True,Caldas
17,2019,DANE_2018_2050,Mujer,(65 a 69),24264,1,4.121332014507089,True,Caldas
17,2019,DANE_2018_2050,Mujer,(70 a 74),18068,0,0.0,True,Caldas
17,2019,DANE_2018_2050,Mujer,(75 a 79),12968,0,0.0,True,Caldas
17,2019,DANE_2018_2050,Mujer,(80 y más),16884,0,0.0,True,Caldas
17,2020,DANE_2018_2050,Hombre,(05 a 09),34289,0,0.0,True,Caldas
17,2020,DANE_2018_2050,Hombre,(10 a 14),38580,3,7.776049766718506,True,Caldas
17,2020,DANE_2018_2050,Hombre,(15 a 17),24694,2,8.099133392726978,True,Caldas
17,2020,DANE_2018_2050,Hombre,(18 a 19),16915,1,5.911912503694945,True,Caldas
17,2020,DANE_2018_2050,Hombre,(20 a 24),40612,7,17.236284841918646,False,Caldas
17,2020,DANE_2018_2050,Hombre,(25 a 29),38485,7,18.18890476809146,False,Caldas
17,2020,DANE_2018_2050,Hombre,(30 a 34),33710,6,17.798872738059924,False,Caldas
17,2020,DANE_2018_2050,Hombre,(35 a 39),32264,5,15.497148524671461,False,Caldas
17,2020,DANE_2018_2050,Hombre,(40 a 44),31033,6,19.334257081171657,False,Caldas
17,2020,DANE_2018_2050,Hombre,(45 a 49),29654,1,3.3722263438321978,True,Caldas
17,2020,DANE_2018_2050,Hombre,(50 a 54),31015,2,6.448492664839594,True,Caldas
17,2020,DANE_2018_2050,Hombre,(55 a 59),29936,9,30.06413682522715,False,Caldas
17,2020,DANE_2018_2050,Hombre,(60 a 64),25940,1,3.8550501156515034,True,Caldas
17,2020,DANE_2018_2050,Hombre,(65 a 69),21585,4,18.53138753764188,True,Caldas
17,2020,DANE_2018_2050,Hombre,(70 a 74),15705,1,6.367398917542184,True,Caldas
17,2020,DANE_2018_2050,Hombre,(75 a 79),10601,2,18.866144703329873,True,Caldas
17,2020,DANE_2018_2050,Hombre,(80 y más),12238,2,16.342539630658603,True,Caldas
17,2020,DANE_2018_2050,Mujer,(05 a 09),32897,0,0.0,True,Caldas
17,2020,DANE_2018_2050,Mujer,(10 a 14),36548,1,2.7361278318923064,True,Caldas
17,2020,DANE_2018_2050,Mujer,(15 a 17),23295,1,4.2927666881305,True,Caldas
17,2020,DANE_2018_2050,Mujer,(18 a 19),16092,1,6.214267959234402,True,Caldas
17,2020,DANE_2018_2050,Mujer,(20 a 24),40667,3,7.376988713207268,True,Caldas
17,2020,DANE_2018_2050,Mujer,(25 a 29),38738,1,2.581444576384945,True,Caldas
17,2020,DANE_2018_2050,Mujer,(30 a 34),35477,0,0.0,True,Caldas
17,2020,DANE_2018_2050,Mujer,(35 a 39),35239,0,0.0,True,Caldas
17,2020,DANE_2018_2050,Mujer,(40 a 44),33763,1,2.9618221129638953,True,Caldas
17,2020,DANE_2018_2050,Mujer,(45 a 49),32043,0,0.0,True,Caldas
17,2020,DANE_2018_2050,Mujer,(50 a 54),34260,2,5.837711617046118,True,Caldas
17,2020,DANE_2018_2050,Mujer,(55 a 59),33619,0,0.0,True,Caldas
17,2020,DANE_2018_2050,Mujer,(60 a 64),30481,1,3.2807322594403074,True,Caldas
17,2020,DANE_2018_2050,Mujer,(65 a 69),25343,0,0.0,True,Caldas
17,2020,DANE_2018_2050,Mujer,(70 a 74),18931,0,0.0,True,Caldas
17,2020,DANE_2018_2050,Mujer,(75 a 79),13408,0,0.0,True,Caldas
17,2020,DANE_2018_2050,Mujer,(80 y más),17359,0,0.0,True,Caldas
17,2021,DANE_2018_2050,Hombre,(05 a 09),33998,0,0.0,True,Caldas
17,2021,DANE_2018_2050,Hombre,(10 a 14),38075,1,2.6263952724885096,True,Caldas
17,2021,DANE_2018_2050,Hombre,(15 a 17),24510,2,8.159934720522235,True,Caldas
17,2021,DANE_2018_2050,Hombre,(18 a 19),16853,5,29.668308313059992,False,Caldas
17,2021,DANE_2018_2050,Hombre,(20 a 24),41263,6,14.540871967622325,False,Caldas
17,2021,DANE_2018_2050,Hombre,(25 a 29),39489,12,30.388209374762592,False,Caldas
17,2021,DANE_2018_2050,Hombre,(30 a 34),34853,5,14.345967348578315,False,Caldas
17,2021,DANE_2018_2050,Hombre,(35 a 39),32441,7,21.57763324188527,False,Caldas
17,2021,DANE_2018_2050,Hombre,(40 a 44),31941,11,34.43849597695752,False,Caldas
17,2021,DANE_2018_2050,Hombre,(45 a 49),29631,3,10.124531740407006,True,Caldas
17,2021,DANE_2018_2050,Hombre,(50 a 54),30858,6,19.443904335990666,False,Caldas
17,2021,DANE_2018_2050,Hombre,(55 a 59),30252,5,16.52783287055401,False,Caldas
17,2021,DANE_2018_2050,Hombre,(60 a 64),26383,7,26.53223666755107,False,Caldas
17,2021,DANE_2018_2050,Hombre,(65 a 69),22058,8,36.26802067277178,False,Caldas
17,2021,DANE_2018_2050,Hombre,(70 a 74),16099,1,6.211565935772408,True,Caldas
17,2021,DANE_2018_2050,Hombre,(75 a 79),10816,2,18.49112426035503,True,Caldas
17,2021,DANE_2018_2050,Hombre,(80 y más),12229,1,8.177283506419169,True,Caldas
17,2021,DANE_2018_2050,Mujer,(05 a 09),32571,0,0.0,True,Caldas
17,2021,DANE_2018_2050,Mujer,(10 a 14),36192,1,2.763041556145004,True,Caldas
17,2021,DANE_2018_2050,Mujer,(15 a 17),23079,0,0.0,True,Caldas
17,2021,DANE_2018_2050,Mujer,(18 a 19),15958,0,0.0,True,Caldas
17,2021,DANE_2018_2050,Mujer,(20 a 24),41016,0,0.0,True,Caldas
17,2021,DANE_2018_2050,Mujer,(25 a 29),39627,3,7.570595805889923,True,Caldas
17,2021,DANE_2018_2050,Mujer,(30 a 34),36413,0,0.0,True,Caldas
17,2021,DANE_2018_2050,Mujer,(35 a 39),35350,0,0.0,True,Caldas
17,2021,DANE_2018_2050,Mujer,(40 a 44),34786,1,2.8747197148278043,True,Caldas
17,2021,DANE_2018_2050,Mujer,(45 a 49),31950,0,0.0,True,Caldas
17,2021,DANE_2018_2050,Mujer,(50 a 54),34036,1,2.9380655776236924,True,Caldas
17,2021,DANE_2018_2050,Mujer,(55 a 59),34018,2,5.879240402140043,True,Caldas
17,2021,DANE_2018_2050,Mujer,(60 a 64),30982,1,3.2276805887289397,True,Caldas
17,2021,DANE_2018_2050,Mujer,(65 a 69),26339,0,0.0,True,Caldas
17,2021,DANE_2018_2050,Mujer,(70 a 74),19739,0,0.0,True,Caldas
17,2021,DANE_2018_2050,Mujer,(75 a 79),13849,0,0.0,True,Caldas
17,2021,DANE_2018_2050,Mujer,(80 y más),17573,1,5.690547999772378,True,Caldas
17,2022,DANE_2018_2050,Hombre,(05 a 09),33567,0,0.0,True,Caldas
17,2022,DANE_2018_2050,Hombre,(10 a 14),37482,0,0.0,True,Caldas
17,2022,DANE_2018_2050,Hombre,(15 a 17),24312,4,16.452780519907865,True,Caldas
17,2022,DANE_2018_2050,Hombre,(18 a 19),16642,2,12.017786323759164,True,Caldas
17,2022,DANE_2018_2050,Hombre,(20 a 24),41672,9,21.597235553849107,False,Caldas
17,2022,DANE_2018_2050,Hombre,(25 a 29),40087,5,12.472871504477759,False,Caldas
17,2022,DANE_2018_2050,Hombre,(30 a 34),35919,3,8.352125615969264,True,Caldas
17,2022,DANE_2018_2050,Hombre,(35 a 39),32658,5,15.31018433461939,False,Caldas
17,2022,DANE_2018_2050,Hombre,(40 a 44),32554,3,9.215457393868649,True,Caldas
17,2022,DANE_2018_2050,Hombre,(45 a 49),29786,4,13.429127778150809,True,Caldas
17,2022,DANE_2018_2050,Hombre,(50 a 54),30559,4,13.089433554762918,True,Caldas
17,2022,DANE_2018_2050,Hombre,(55 a 59),30402,10,32.89257285704888,False,Caldas
17,2022,DANE_2018_2050,Hombre,(60 a 64),26810,3,11.189854531891086,True,Caldas
17,2022,DANE_2018_2050,Hombre,(65 a 69),22430,2,8.916629514043692,True,Caldas
17,2022,DANE_2018_2050,Hombre,(70 a 74),16498,3,18.18402230573403,True,Caldas
17,2022,DANE_2018_2050,Hombre,(75 a 79),11035,2,18.124150430448573,True,Caldas
17,2022,DANE_2018_2050,Hombre,(80 y más),12131,2,16.4866870002473,True,Caldas
17,2022,DANE_2018_2050,Mujer,(05 a 09),32214,0,0.0,True,Caldas
17,2022,DANE_2018_2050,Mujer,(10 a 14),35716,1,2.7998656064508904,True,Caldas
17,2022,DANE_2018_2050,Mujer,(15 a 17),22873,2,8.743933895859747,True,Caldas
17,2022,DANE_2018_2050,Mujer,(18 a 19),15737,0,0.0,True,Caldas
17,2022,DANE_2018_2050,Mujer,(20 a 24),41003,4,9.755383752408362,True,Caldas
17,2022,DANE_2018_2050,Mujer,(25 a 29),40192,3,7.4641719745222925,True,Caldas
17,2022,DANE_2018_2050,Mujer,(30 a 34),37287,1,2.6818998578593076,True,Caldas
17,2022,DANE_2018_2050,Mujer,(35 a 39),35386,2,5.651952749675013,True,Caldas
17,2022,DANE_2018_2050,Mujer,(40 a 44),35588,1,2.809935933460717,True,Caldas
17,2022,DANE_2018_2050,Mujer,(45 a 49),32092,0,0.0,True,Caldas
17,2022,DANE_2018_2050,Mujer,(50 a 54),33682,1,2.9689448370049285,True,Caldas
17,2022,DANE_2018_2050,Mujer,(55 a 59),34214,0,0.0,True,Caldas
17,2022,DANE_2018_2050,Mujer,(60 a 64),31497,1,3.1749055465599896,True,Caldas
17,2022,DANE_2018_2050,Mujer,(65 a 69),27169,1,3.6806654643159487,True,Caldas
17,2022,DANE_2018_2050,Mujer,(70 a 74),20541,0,0.0,True,Caldas
17,2022,DANE_2018_2050,Mujer,(75 a 79),14309,0,0.0,True,Caldas
17,2022,DANE_2018_2050,Mujer,(80 y más),17700,1,5.649717514124294,True,Caldas
17,2023,DANE_2018_2050,Hombre,(05 a 09),33057,0,0.0,True,Caldas
17,2023,DANE_2018_2050,Hombre,(10 a 14),36866,1,2.7125264471328596,True,Caldas
17,2023,DANE_2018_2050,Hombre,(15 a 17),24004,5,20.82986168971838,False,Caldas
17,2023,DANE_2018_2050,Hombre,(18 a 19),16442,3,18.24595547986863,True,Caldas
17,2023,DANE_2018_2050,Hombre,(20 a 24),41770,14,33.516878142207325,False,Caldas
17,2023,DANE_2018_2050,Hombre,(25 a 29),40294,5,12.408795354147019,False,Caldas
17,2023,DANE_2018_2050,Hombre,(30 a 34),36929,5,13.539494706057571,False,Caldas
17,2023,DANE_2018_2050,Hombre,(35 a 39),32945,5,15.176809834572774,False,Caldas
17,2023,DANE_2018_2050,Hombre,(40 a 44),32906,2,6.0779189205616,True,Caldas
17,2023,DANE_2018_2050,Hombre,(45 a 49),30120,5,16.600265604249667,False,Caldas
17,2023,DANE_2018_2050,Hombre,(50 a 54),30212,8,26.47954455183371,False,Caldas
17,2023,DANE_2018_2050,Hombre,(55 a 59),30365,2,6.586530545035402,True,Caldas
17,2023,DANE_2018_2050,Hombre,(60 a 64),27278,5,18.329789574015688,False,Caldas
17,2023,DANE_2018_2050,Hombre,(65 a 69),22630,6,26.51347768448962,False,Caldas
17,2023,DANE_2018_2050,Hombre,(70 a 74),16967,9,53.04414451582483,False,Caldas
17,2023,DANE_2018_2050,Hombre,(75 a 79),11266,5,44.381324338718265,False,Caldas
17,2023,DANE_2018_2050,Hombre,(80 y más),12064,2,16.578249336870027,True,Caldas
17,2023,DANE_2018_2050,Mujer,(05 a 09),31742,0,0.0,True,Caldas
17,2023,DANE_2018_2050,Mujer,(10 a 14),35203,1,2.840666988608925,True,Caldas
17,2023,DANE_2018_2050,Mujer,(15 a 17),22588,1,4.427129449265096,True,Caldas
17,2023,DANE_2018_2050,Mujer,(18 a 19),15485,2,12.915724895059736,True,Caldas
17,2023,DANE_2018_2050,Mujer,(20 a 24),40529,4,9.869476177551876,True,Caldas
17,2023,DANE_2018_2050,Mujer,(25 a 29),40570,2,4.929751047572098,True,Caldas
17,2023,DANE_2018_2050,Mujer,(30 a 34),38032,3,7.888094236432478,True,Caldas
17,2023,DANE_2018_2050,Mujer,(35 a 39),35472,2,5.638249887235002,True,Caldas
17,2023,DANE_2018_2050,Mujer,(40 a 44),35997,2,5.556018557101981,True,Caldas
17,2023,DANE_2018_2050,Mujer,(45 a 49),32547,1,3.0724797984453254,True,Caldas
17,2023,DANE_2018_2050,Mujer,(50 a 54),33164,0,0.0,True,Caldas
17,2023,DANE_2018_2050,Mujer,(55 a 59),34261,1,2.9187706138174603,True,Caldas
17,2023,DANE_2018_2050,Mujer,(60 a 64),31996,1,3.1253906738342296,True,Caldas
17,2023,DANE_2018_2050,Mujer,(65 a 69),27905,2,7.1671743415158575,True,Caldas
17,2023,DANE_2018_2050,Mujer,(70 a 74),21350,0,0.0,True,Caldas
17,2023,DANE_2018_2050,Mujer,(75 a 79),14845,0,0.0,True,Caldas
17,2023,DANE_2018_2050,Mujer,(80 y más),17947,0,0.0,True,Caldas
17,2024,DANE_2018_2050,Hombre,(05 a 09),32681,0,0.0,True,Caldas
17,2024,DANE_2018_2050,Hombre,(10 a 14),36349,1,2.75110732069658,True,Caldas
17,2024,DANE_2018_2050,Hombre,(15 a 17),23647,3,12.686598722882396,True,Caldas
17,2024,DANE_2018_2050,Hombre,(18 a 19),16296,6,36.81885125184094,False,Caldas
17,2024,DANE_2018_2050,Hombre,(20 a 24),41769,8,19.152960329430915,False,Caldas
17,2024,DANE_2018_2050,Hombre,(25 a 29),40480,5,12.35177865612648,False,Caldas
17,2024,DANE_2018_2050,Hombre,(30 a 34),37956,5,13.173147855411528,False,Caldas
17,2024,DANE_2018_2050,Hombre,(35 a 39),33559,9,26.818439166840488,False,Caldas
17,2024,DANE_2018_2050,Hombre,(40 a 44),33047,3,9.077979846884741,True,Caldas
17,2024,DANE_2018_2050,Hombre,(45 a 49),30786,3,9.744689144416293,True,Caldas
17,2024,DANE_2018_2050,Hombre,(50 a 54),29865,8,26.787209107651098,False,Caldas
17,2024,DANE_2018_2050,Hombre,(55 a 59),30362,8,26.34872538040972,False,Caldas
17,2024,DANE_2018_2050,Hombre,(60 a 64),27781,5,17.997912242179908,False,Caldas
17,2024,DANE_2018_2050,Hombre,(65 a 69),22975,6,26.115342763873777,False,Caldas
17,2024,DANE_2018_2050,Hombre,(70 a 74),17549,2,11.396660778391931,True,Caldas
17,2024,DANE_2018_2050,Hombre,(75 a 79),11647,2,17.171803897999485,True,Caldas
17,2024,DANE_2018_2050,Hombre,(80 y más),12319,2,16.235084016559785,True,Caldas
17,2024,DANE_2018_2050,Mujer,(05 a 09),31369,0,0.0,True,Caldas
17,2024,DANE_2018_2050,Mujer,(10 a 14),34697,3,8.646280658270166,True,Caldas
17,2024,DANE_2018_2050,Mujer,(15 a 17),22300,1,4.484304932735426,True,Caldas
17,2024,DANE_2018_2050,Mujer,(18 a 19),15302,1,6.535093451836362,True,Caldas
17,2024,DANE_2018_2050,Mujer,(20 a 24),40036,1,2.497752023179139,True,Caldas
17,2024,DANE_2018_2050,Mujer,(25 a 29),40902,1,2.4448682216028557,True,Caldas
17,2024,DANE_2018_2050,Mujer,(30 a 34),38848,1,2.574135090609555,True,Caldas
17,2024,DANE_2018_2050,Mujer,(35 a 39),35794,2,5.58752863608426,True,Caldas
17,2024,DANE_2018_2050,Mujer,(40 a 44),36191,0,0.0,True,Caldas
17,2024,DANE_2018_2050,Mujer,(45 a 49),33327,0,0.0,True,Caldas
17,2024,DANE_2018_2050,Mujer,(50 a 54),32655,1,3.062318174858368,True,Caldas
17,2024,DANE_2018_2050,Mujer,(55 a 59),34209,1,2.923207343096846,True,Caldas
17,2024,DANE_2018_2050,Mujer,(60 a 64),32542,3,9.218855632720791,True,Caldas
17,2024,DANE_2018_2050,Mujer,(65 a 69),28538,0,0.0,True,Caldas
17,2024,DANE_2018_2050,Mujer,(70 a 74),22291,1,4.486115472612265,True,Caldas
17,2024,DANE_2018_2050,Mujer,(75 a 79),15515,0,0.0,True,Caldas
17,2024,DANE_2018_2050,Mujer,(80 y más),18490,0,0.0,True,Caldas
18,2015,DANE_2005_2017,Hombre,(05 a 09),22192,0,0.0,True,Caquetá
18,2015,DANE_2005_2017,Hombre,(10 a 14),21739,0,0.0,True,Caquetá
18,2015,DANE_2005_2017,Hombre,(15 a 17),12593,1,7.940919558484873,True,Caquetá
18,2015,DANE_2005_2017,Hombre,(18 a 19),7945,0,0.0,True,Caquetá
18,2015,DANE_2005_2017,Hombre,(20 a 24),18415,7,38.01248981808308,False,Caquetá
18,2015,DANE_2005_2017,Hombre,(25 a 29),16279,0,0.0,True,Caquetá
18,2015,DANE_2005_2017,Hombre,(30 a 34),14619,0,0.0,True,Caquetá
18,2015,DANE_2005_2017,Hombre,(35 a 39),12541,1,7.973845785822502,True,Caquetá
18,2015,DANE_2005_2017,Hombre,(40 a 44),10969,1,9.116601331023794,True,Caquetá
18,2015,DANE_2005_2017,Hombre,(45 a 49),9993,0,0.0,True,Caquetá
18,2015,DANE_2005_2017,Hombre,(50 a 54),8622,1,11.59823706796567,True,Caquetá
18,2015,DANE_2005_2017,Hombre,(55 a 59),7036,0,0.0,True,Caquetá
18,2015,DANE_2005_2017,Hombre,(60 a 64),5527,0,0.0,True,Caquetá
18,2015,DANE_2005_2017,Hombre,(65 a 69),4288,0,0.0,True,Caquetá
18,2015,DANE_2005_2017,Hombre,(70 a 74),3161,0,0.0,True,Caquetá
18,2015,DANE_2005_2017,Hombre,(75 a 79),2177,0,0.0,True,Caquetá
18,2015,DANE_2005_2017,Hombre,(80 y más),2651,0,0.0,True,Caquetá
18,2015,DANE_2005_2017,Mujer,(05 a 09),20895,0,0.0,True,Caquetá
18,2015,DANE_2005_2017,Mujer,(10 a 14),20155,1,4.9615480029769286,True,Caquetá
18,2015,DANE_2005_2017,Mujer,(15 a 17),11612,0,0.0,True,Caquetá
18,2015,DANE_2005_2017,Mujer,(18 a 19),7412,0,0.0,True,Caquetá
18,2015,DANE_2005_2017,Mujer,(20 a 24),17308,4,23.110700254217704,True,Caquetá
18,2015,DANE_2005_2017,Mujer,(25 a 29),15402,1,6.492663290481755,True,Caquetá
18,2015,DANE_2005_2017,Mujer,(30 a 34),14070,0,0.0,True,Caquetá
18,2015,DANE_2005_2017,Mujer,(35 a 39),12777,0,0.0,True,Caquetá
18,2015,DANE_2005_2017,Mujer,(40 a 44),11679,0,0.0,True,Caquetá
18,2015,DANE_2005_2017,Mujer,(45 a 49),10751,1,9.301460329271697,True,Caquetá
18,2015,DANE_2005_2017,Mujer,(50 a 54),9078,0,0.0,True,Caquetá
18,2015,DANE_2005_2017,Mujer,(55 a 59),7147,0,0.0,True,Caquetá
18,2015,DANE_2005_2017,Mujer,(60 a 64),5364,0,0.0,True,Caquetá
18,2015,DANE_2005_2017,Mujer,(65 a 69),3942,0,0.0,True,Caquetá
18,2015,DANE_2005_2017,Mujer,(70 a 74),2818,0,0.0,True,Caquetá
18,2015,DANE_2005_2017,Mujer,(75 a 79),1884,0,0.0,True,Caquetá
18,2015,DANE_2005_2017,Mujer,(80 y más),2412,0,0.0,True,Caquetá
18,2016,DANE_2005_2017,Hombre,(05 a 09),21941,0,0.0,True,Caquetá
18,2016,DANE_2005_2017,Hombre,(10 a 14),21569,0,0.0,True,Caquetá
18,2016,DANE_2005_2017,Hombre,(15 a 17),12563,1,7.959882193743533,True,Caquetá
18,2016,DANE_2005_2017,Hombre,(18 a 19),7990,0,0.0,True,Caquetá
18,2016,DANE_2005_2017,Hombre,(20 a 24),18472,0,0.0,True,Caquetá
18,2016,DANE_2005_2017,Hombre,(25 a 29),16312,0,0.0,True,Caquetá
18,2016,DANE_2005_2017,Hombre,(30 a 34),14675,1,6.8143100511073245,True,Caquetá
18,2016,DANE_2005_2017,Hombre,(35 a 39),12730,2,15.710919088766692,True,Caquetá
18,2016,DANE_2005_2017,Hombre,(40 a 44),11030,0,0.0,True,Caquetá
18,2016,DANE_2005_2017,Hombre,(45 a 49),10040,1,9.9601593625498,True,Caquetá
18,2016,DANE_2005_2017,Hombre,(50 a 54),8771,0,0.0,True,Caquetá
18,2016,DANE_2005_2017,Hombre,(55 a 59),7230,3,41.49377593360996,True,Caquetá
18,2016,DANE_2005_2017,Hombre,(60 a 64),5643,0,0.0,True,Caquetá
18,2016,DANE_2005_2017,Hombre,(65 a 69),4349,0,0.0,True,Caquetá
18,2016,DANE_2005_2017,Hombre,(70 a 74),3235,0,0.0,True,Caquetá
18,2016,DANE_2005_2017,Hombre,(75 a 79),2207,0,0.0,True,Caquetá
18,2016,DANE_2005_2017,Hombre,(80 y más),2748,0,0.0,True,Caquetá
18,2016,DANE_2005_2017,Mujer,(05 a 09),20709,0,0.0,True,Caquetá
18,2016,DANE_2005_2017,Mujer,(10 a 14),20054,0,0.0,True,Caquetá
18,2016,DANE_2005_2017,Mujer,(15 a 17),11550,2,17.316017316017316,True,Caquetá
18,2016,DANE_2005_2017,Mujer,(18 a 19),7379,0,0.0,True,Caquetá
18,2016,DANE_2005_2017,Mujer,(20 a 24),17236,0,0.0,True,Caquetá
18,2016,DANE_2005_2017,Mujer,(25 a 29),15554,0,0.0,True,Caquetá
18,2016,DANE_2005_2017,Mujer,(30 a 34),14103,0,0.0,True,Caquetá
18,2016,DANE_2005_2017,Mujer,(35 a 39),12878,1,7.7651809287156395,True,Caquetá
18,2016,DANE_2005_2017,Mujer,(40 a 44),11706,0,0.0,True,Caquetá
18,2016,DANE_2005_2017,Mujer,(45 a 49),10847,1,9.21913893242371,True,Caquetá
18,2016,DANE_2005_2017,Mujer,(50 a 54),9344,0,0.0,True,Caquetá
18,2016,DANE_2005_2017,Mujer,(55 a 59),7419,0,0.0,True,Caquetá
18,2016,DANE_2005_2017,Mujer,(60 a 64),5604,0,0.0,True,Caquetá
18,2016,DANE_2005_2017,Mujer,(65 a 69),4099,0,0.0,True,Caquetá
18,2016,DANE_2005_2017,Mujer,(70 a 74),2916,0,0.0,True,Caquetá
18,2016,DANE_2005_2017,Mujer,(75 a 79),1946,0,0.0,True,Caquetá
18,2016,DANE_2005_2017,Mujer,(80 y más),2521,0,0.0,True,Caquetá
18,2017,DANE_2005_2017,Hombre,(05 a 09),21660,0,0.0,True,Caquetá
18,2017,DANE_2005_2017,Hombre,(10 a 14),21405,2,9.343611305769679,True,Caquetá
18,2017,DANE_2005_2017,Hombre,(15 a 17),12506,2,15.992323684631376,True,Caquetá
18,2017,DANE_2005_2017,Hombre,(18 a 19),8025,3,37.38317757009346,True,Caquetá
18,2017,DANE_2005_2017,Hombre,(20 a 24),18505,2,10.807889759524453,True,Caquetá
18,2017,DANE_2005_2017,Hombre,(25 a 29),16403,4,24.385783088459426,True,Caquetá
18,2017,DANE_2005_2017,Hombre,(30 a 34),14680,1,6.811989100817439,True,Caquetá
18,2017,DANE_2005_2017,Hombre,(35 a 39),12913,0,0.0,True,Caquetá
18,2017,DANE_2005_2017,Hombre,(40 a 44),11092,0,0.0,True,Caquetá
18,2017,DANE_2005_2017,Hombre,(45 a 49),10099,2,19.803940984255867,True,Caquetá
18,2017,DANE_2005_2017,Hombre,(50 a 54),8922,1,11.208249271463798,True,Caquetá
18,2017,DANE_2005_2017,Hombre,(55 a 59),7372,3,40.6945198046663,True,Caquetá
18,2017,DANE_2005_2017,Hombre,(60 a 64),5812,0,0.0,True,Caquetá
18,2017,DANE_2005_2017,Hombre,(65 a 69),4420,0,0.0,True,Caquetá
18,2017,DANE_2005_2017,Hombre,(70 a 74),3291,0,0.0,True,Caquetá
18,2017,DANE_2005_2017,Hombre,(75 a 79),2227,0,0.0,True,Caquetá
18,2017,DANE_2005_2017,Hombre,(80 y más),2854,1,35.038542396636295,True,Caquetá
18,2017,DANE_2005_2017,Mujer,(05 a 09),20502,0,0.0,True,Caquetá
18,2017,DANE_2005_2017,Mujer,(10 a 14),19982,0,0.0,True,Caquetá
18,2017,DANE_2005_2017,Mujer,(15 a 17),11491,1,8.702462796971542,True,Caquetá
18,2017,DANE_2005_2017,Mujer,(18 a 19),7350,0,0.0,True,Caquetá
18,2017,DANE_2005_2017,Mujer,(20 a 24),17135,1,5.836008170411438,True,Caquetá
18,2017,DANE_2005_2017,Mujer,(25 a 29),15700,1,6.369426751592356,True,Caquetá
18,2017,DANE_2005_2017,Mujer,(30 a 34),14137,0,0.0,True,Caquetá
18,2017,DANE_2005_2017,Mujer,(35 a 39),12962,0,0.0,True,Caquetá
18,2017,DANE_2005_2017,Mujer,(40 a 44),11737,0,0.0,True,Caquetá
18,2017,DANE_2005_2017,Mujer,(45 a 49),10922,0,0.0,True,Caquetá
18,2017,DANE_2005_2017,Mujer,(50 a 54),9587,0,0.0,True,Caquetá
18,2017,DANE_2005_2017,Mujer,(55 a 59),7686,0,0.0,True,Caquetá
18,2017,DANE_2005_2017,Mujer,(60 a 64),5865,0,0.0,True,Caquetá
18,2017,DANE_2005_2017,Mujer,(65 a 69),4236,0,0.0,True,Caquetá
18,2017,DANE_2005_2017,Mujer,(70 a 74),3056,0,0.0,True,Caquetá
18,2017,DANE_2005_2017,Mujer,(75 a 79),2023,0,0.0,True,Caquetá
18,2017,DANE_2005_2017,Mujer,(80 y más),2616,0,0.0,True,Caquetá
18,2018,DANE_2018_2050,Hombre,(05 a 09),21723,0,0.0,True,Caquetá
18,2018,DANE_2018_2050,Hombre,(10 a 14),23035,0,0.0,True,Caquetá
18,2018,DANE_2018_2050,Hombre,(15 a 17),14064,0,0.0,True,Caquetá
18,2018,DANE_2018_2050,Hombre,(18 a 19),8988,3,33.37783711615487,True,Caquetá
18,2018,DANE_2018_2050,Hombre,(20 a 24),17414,3,17.22751808889399,True,Caquetá
18,2018,DANE_2018_2050,Hombre,(25 a 29),14747,4,27.124160846273817,True,Caquetá
18,2018,DANE_2018_2050,Hombre,(30 a 34),13316,0,0.0,True,Caquetá
18,2018,DANE_2018_2050,Hombre,(35 a 39),12260,0,0.0,True,Caquetá
18,2018,DANE_2018_2050,Hombre,(40 a 44),10727,1,9.322270905192505,True,Caquetá
18,2018,DANE_2018_2050,Hombre,(45 a 49),9797,1,10.207206287639073,True,Caquetá
18,2018,DANE_2018_2050,Hombre,(50 a 54),8796,0,0.0,True,Caquetá
18,2018,DANE_2018_2050,Hombre,(55 a 59),7526,2,26.574541589157587,True,Caquetá
18,2018,DANE_2018_2050,Hombre,(60 a 64),5756,1,17.373175816539263,True,Caquetá
18,2018,DANE_2018_2050,Hombre,(65 a 69),4624,0,0.0,True,Caquetá
18,2018,DANE_2018_2050,Hombre,(70 a 74),3448,0,0.0,True,Caquetá
18,2018,DANE_2018_2050,Hombre,(75 a 79),2533,0,0.0,True,Caquetá
18,2018,DANE_2018_2050,Hombre,(80 y más),2618,1,38.19709702062643,True,Caquetá
18,2018,DANE_2018_2050,Mujer,(05 a 09),20731,0,0.0,True,Caquetá
18,2018,DANE_2018_2050,Mujer,(10 a 14),22270,1,4.49034575662326,True,Caquetá
18,2018,DANE_2018_2050,Mujer,(15 a 17),13435,1,7.443245254931149,True,Caquetá
18,2018,DANE_2018_2050,Mujer,(18 a 19),7813,0,0.0,True,Caquetá
18,2018,DANE_2018_2050,Mujer,(20 a 24),16733,0,0.0,True,Caquetá
18,2018,DANE_2018_2050,Mujer,(25 a 29),14882,0,0.0,True,Caquetá
18,2018,DANE_2018_2050,Mujer,(30 a 34),13378,0,0.0,True,Caquetá
18,2018,DANE_2018_2050,Mujer,(35 a 39),12529,0,0.0,True,Caquetá
18,2018,DANE_2018_2050,Mujer,(40 a 44),11173,0,0.0,True,Caquetá
18,2018,DANE_2018_2050,Mujer,(45 a 49),10325,0,0.0,True,Caquetá
18,2018,DANE_2018_2050,Mujer,(50 a 54),9322,0,0.0,True,Caquetá
18,2018,DANE_2018_2050,Mujer,(55 a 59),7729,0,0.0,True,Caquetá
18,2018,DANE_2018_2050,Mujer,(60 a 64),5937,0,0.0,True,Caquetá
18,2018,DANE_2018_2050,Mujer,(65 a 69),4576,0,0.0,True,Caquetá
18,2018,DANE_2018_2050,Mujer,(70 a 74),3260,0,0.0,True,Caquetá
18,2018,DANE_2018_2050,Mujer,(75 a 79),2347,0,0.0,True,Caquetá
18,2018,DANE_2018_2050,Mujer,(80 y más),2623,0,0.0,True,Caquetá
18,2019,DANE_2018_2050,Hombre,(05 a 09),21159,0,0.0,True,Caquetá
18,2019,DANE_2018_2050,Hombre,(10 a 14),22471,1,4.450180232299408,True,Caquetá
18,2019,DANE_2018_2050,Hombre,(15 a 17),13965,2,14.321518080916576,True,Caquetá
18,2019,DANE_2018_2050,Hombre,(18 a 19),9316,0,0.0,True,Caquetá
18,2019,DANE_2018_2050,Hombre,(20 a 24),18459,1,5.417411560756271,True,Caquetá
18,2019,DANE_2018_2050,Hombre,(25 a 29),15161,2,13.191741969527076,True,Caquetá
18,2019,DANE_2018_2050,Hombre,(30 a 34),13445,1,7.437709185570845,True,Caquetá
18,2019,DANE_2018_2050,Hombre,(35 a 39),12308,0,0.0,True,Caquetá
18,2019,DANE_2018_2050,Hombre,(40 a 44),10867,2,18.40434342504831,True,Caquetá
18,2019,DANE_2018_2050,Hombre,(45 a 49),9855,3,30.441400304414007,True,Caquetá
18,2019,DANE_2018_2050,Hombre,(50 a 54),8885,1,11.254924029262803,True,Caquetá
18,2019,DANE_2018_2050,Hombre,(55 a 59),7748,0,0.0,True,Caquetá
18,2019,DANE_2018_2050,Hombre,(60 a 64),5942,0,0.0,True,Caquetá
18,2019,DANE_2018_2050,Hombre,(65 a 69),4700,0,0.0,True,Caquetá
18,2019,DANE_2018_2050,Hombre,(70 a 74),3556,0,0.0,True,Caquetá
18,2019,DANE_2018_2050,Hombre,(75 a 79),2509,1,39.856516540454365,True,Caquetá
18,2019,DANE_2018_2050,Hombre,(80 y más),2692,0,0.0,True,Caquetá
18,2019,DANE_2018_2050,Mujer,(05 a 09),20296,0,0.0,True,Caquetá
18,2019,DANE_2018_2050,Mujer,(10 a 14),21761,1,4.595377050687009,True,Caquetá
18,2019,DANE_2018_2050,Mujer,(15 a 17),13612,0,0.0,True,Caquetá
18,2019,DANE_2018_2050,Mujer,(18 a 19),8421,1,11.87507421921387,True,Caquetá
18,2019,DANE_2018_2050,Mujer,(20 a 24),17471,1,5.723770820216359,True,Caquetá
18,2019,DANE_2018_2050,Mujer,(25 a 29),15294,1,6.53851183470642,True,Caquetá
18,2019,DANE_2018_2050,Mujer,(30 a 34),13514,0,0.0,True,Caquetá
18,2019,DANE_2018_2050,Mujer,(35 a 39),12738,1,7.850525985241011,True,Caquetá
18,2019,DANE_2018_2050,Mujer,(40 a 44),11417,0,0.0,True,Caquetá
18,2019,DANE_2018_2050,Mujer,(45 a 49),10499,0,0.0,True,Caquetá
18,2019,DANE_2018_2050,Mujer,(50 a 54),9513,0,0.0,True,Caquetá
18,2019,DANE_2018_2050,Mujer,(55 a 59),8030,0,0.0,True,Caquetá
18,2019,DANE_2018_2050,Mujer,(60 a 64),6179,0,0.0,True,Caquetá
18,2019,DANE_2018_2050,Mujer,(65 a 69),4740,0,0.0,True,Caquetá
18,2019,DANE_2018_2050,Mujer,(70 a 74),3373,0,0.0,True,Caquetá
18,2019,DANE_2018_2050,Mujer,(75 a 79),2382,0,0.0,True,Caquetá
18,2019,DANE_2018_2050,Mujer,(80 y más),2700,0,0.0,True,Caquetá
18,2020,DANE_2018_2050,Hombre,(05 a 09),20706,0,0.0,True,Caquetá
18,2020,DANE_2018_2050,Hombre,(10 a 14),21938,3,13.674901996535693,True,Caquetá
18,2020,DANE_2018_2050,Hombre,(15 a 17),13757,3,21.80708003198372,True,Caquetá
18,2020,DANE_2018_2050,Hombre,(18 a 19),9467,1,10.563008344776593,True,Caquetá
18,2020,DANE_2018_2050,Hombre,(20 a 24),19633,4,20.373860337187388,True,Caquetá
18,2020,DANE_2018_2050,Hombre,(25 a 29),15631,1,6.397543343356151,True,Caquetá
18,2020,DANE_2018_2050,Hombre,(30 a 34),13648,0,0.0,True,Caquetá
18,2020,DANE_2018_2050,Hombre,(35 a 39),12376,1,8.080155138978668,True,Caquetá
18,2020,DANE_2018_2050,Hombre,(40 a 44),11038,2,18.11922449719152,True,Caquetá
18,2020,DANE_2018_2050,Hombre,(45 a 49),9911,1,10.089799212995661,True,Caquetá
18,2020,DANE_2018_2050,Hombre,(50 a 54),9000,0,0.0,True,Caquetá
18,2020,DANE_2018_2050,Hombre,(55 a 59),7909,2,25.287646984448095,True,Caquetá
18,2020,DANE_2018_2050,Hombre,(60 a 64),6149,0,0.0,True,Caquetá
18,2020,DANE_2018_2050,Hombre,(65 a 69),4795,0,0.0,True,Caquetá
18,2020,DANE_2018_2050,Hombre,(70 a 74),3641,2,54.929964295523206,True,Caquetá
18,2020,DANE_2018_2050,Hombre,(75 a 79),2503,0,0.0,True,Caquetá
18,2020,DANE_2018_2050,Hombre,(80 y más),2757,0,0.0,True,Caquetá
18,2020,DANE_2018_2050,Mujer,(05 a 09),19913,0,0.0,True,Caquetá
18,2020,DANE_2018_2050,Mujer,(10 a 14),21204,1,4.716091303527636,True,Caquetá
18,2020,DANE_2018_2050,Mujer,(15 a 17),13564,3,22.117369507519903,True,Caquetá
18,2020,DANE_2018_2050,Mujer,(18 a 19),8934,0,0.0,True,Caquetá
18,2020,DANE_2018_2050,Mujer,(20 a 24),18447,1,5.4209356534937925,True,Caquetá
18,2020,DANE_2018_2050,Mujer,(25 a 29),15750,0,0.0,True,Caquetá
18,2020,DANE_2018_2050,Mujer,(30 a 34),13732,0,0.0,True,Caquetá
18,2020,DANE_2018_2050,Mujer,(35 a 39),12903,0,0.0,True,Caquetá
18,2020,DANE_2018_2050,Mujer,(40 a 44),11703,0,0.0,True,Caquetá
18,2020,DANE_2018_2050,Mujer,(45 a 49),10641,0,0.0,True,Caquetá
18,2020,DANE_2018_2050,Mujer,(50 a 54),9695,0,0.0,True,Caquetá
18,2020,DANE_2018_2050,Mujer,(55 a 59),8318,0,0.0,True,Caquetá
18,2020,DANE_2018_2050,Mujer,(60 a 64),6454,0,0.0,True,Caquetá
18,2020,DANE_2018_2050,Mujer,(65 a 69),4887,0,0.0,True,Caquetá
18,2020,DANE_2018_2050,Mujer,(70 a 74),3523,0,0.0,True,Caquetá
18,2020,DANE_2018_2050,Mujer,(75 a 79),2434,0,0.0,True,Caquetá
18,2020,DANE_2018_2050,Mujer,(80 y más),2794,0,0.0,True,Caquetá
18,2021,DANE_2018_2050,Hombre,(05 a 09),20364,0,0.0,True,Caquetá
18,2021,DANE_2018_2050,Hombre,(10 a 14),21426,0,0.0,True,Caquetá
18,2021,DANE_2018_2050,Hombre,(15 a 17),13480,2,14.836795252225519,True,Caquetá
18,2021,DANE_2018_2050,Hombre,(18 a 19),9488,0,0.0,True,Caquetá
18,2021,DANE_2018_2050,Hombre,(20 a 24),20793,0,0.0,True,Caquetá
18,2021,DANE_2018_2050,Hombre,(25 a 29),16155,2,12.380068090374499,True,Caquetá
18,2021,DANE_2018_2050,Hombre,(30 a 34),13846,1,7.2223024700274445,True,Caquetá
18,2021,DANE_2018_2050,Hombre,(35 a 39),12429,1,8.045699573577922,True,Caquetá
18,2021,DANE_2018_2050,Hombre,(40 a 44),11215,0,0.0,True,Caquetá
18,2021,DANE_2018_2050,Hombre,(45 a 49),9974,1,10.026067776218166,True,Caquetá
18,2021,DANE_2018_2050,Hombre,(50 a 54),9129,0,0.0,True,Caquetá
18,2021,DANE_2018_2050,Hombre,(55 a 59),8021,2,24.934546814611643,True,Caquetá
18,2021,DANE_2018_2050,Hombre,(60 a 64),6388,1,15.654351909830932,True,Caquetá
18,2021,DANE_2018_2050,Hombre,(65 a 69),4882,2,40.96681687832856,True,Caquetá
18,2021,DANE_2018_2050,Hombre,(70 a 74),3728,0,0.0,True,Caquetá
18,2021,DANE_2018_2050,Hombre,(75 a 79),2505,0,0.0,True,Caquetá
18,2021,DANE_2018_2050,Hombre,(80 y más),2794,0,0.0,True,Caquetá
18,2021,DANE_2018_2050,Mujer,(05 a 09),19582,0,0.0,True,Caquetá
18,2021,DANE_2018_2050,Mujer,(10 a 14),20681,0,0.0,True,Caquetá
18,2021,DANE_2018_2050,Mujer,(15 a 17),13453,0,0.0,True,Caquetá
18,2021,DANE_2018_2050,Mujer,(18 a 19),9137,0,0.0,True,Caquetá
18,2021,DANE_2018_2050,Mujer,(20 a 24),19612,1,5.098919029165817,True,Caquetá
18,2021,DANE_2018_2050,Mujer,(25 a 29),16172,0,0.0,True,Caquetá
18,2021,DANE_2018_2050,Mujer,(30 a 34),14005,0,0.0,True,Caquetá
18,2021,DANE_2018_2050,Mujer,(35 a 39),13017,0,0.0,True,Caquetá
18,2021,DANE_2018_2050,Mujer,(40 a 44),11985,0,0.0,True,Caquetá
18,2021,DANE_2018_2050,Mujer,(45 a 49),10814,0,0.0,True,Caquetá
18,2021,DANE_2018_2050,Mujer,(50 a 54),9893,0,0.0,True,Caquetá
18,2021,DANE_2018_2050,Mujer,(55 a 59),8574,0,0.0,True,Caquetá
18,2021,DANE_2018_2050,Mujer,(60 a 64),6720,0,0.0,True,Caquetá
18,2021,DANE_2018_2050,Mujer,(65 a 69),5064,0,0.0,True,Caquetá
18,2021,DANE_2018_2050,Mujer,(70 a 74),3663,0,0.0,True,Caquetá
18,2021,DANE_2018_2050,Mujer,(75 a 79),2492,0,0.0,True,Caquetá
18,2021,DANE_2018_2050,Mujer,(80 y más),2839,0,0.0,True,Caquetá
18,2022,DANE_2018_2050,Hombre,(05 a 09),20082,0,0.0,True,Caquetá
18,2022,DANE_2018_2050,Hombre,(10 a 14),20878,1,4.789730817128078,True,Caquetá
18,2022,DANE_2018_2050,Hombre,(15 a 17),13184,2,15.169902912621358,True,Caquetá
18,2022,DANE_2018_2050,Hombre,(18 a 19),9386,1,10.654165778819518,True,Caquetá
18,2022,DANE_2018_2050,Hombre,(20 a 24),21761,3,13.786131152061028,True,Caquetá
18,2022,DANE_2018_2050,Hombre,(25 a 29),16732,1,5.976571838393498,True,Caquetá
18,2022,DANE_2018_2050,Hombre,(30 a 34),14106,4,28.35672763363108,True,Caquetá
18,2022,DANE_2018_2050,Hombre,(35 a 39),12486,1,8.008970046452026,True,Caquetá
18,2022,DANE_2018_2050,Hombre,(40 a 44),11357,1,8.805142203046579,True,Caquetá
18,2022,DANE_2018_2050,Hombre,(45 a 49),10042,0,0.0,True,Caquetá
18,2022,DANE_2018_2050,Hombre,(50 a 54),9214,1,10.853049706967658,True,Caquetá
18,2022,DANE_2018_2050,Hombre,(55 a 59),8101,0,0.0,True,Caquetá
18,2022,DANE_2018_2050,Hombre,(60 a 64),6646,4,60.18657839301836,True,Caquetá
18,2022,DANE_2018_2050,Hombre,(65 a 69),4986,0,0.0,True,Caquetá
18,2022,DANE_2018_2050,Hombre,(70 a 74),3785,1,26.42007926023778,True,Caquetá
18,2022,DANE_2018_2050,Hombre,(75 a 79),2531,0,0.0,True,Caquetá
18,2022,DANE_2018_2050,Hombre,(80 y más),2799,1,35.72704537334762,True,Caquetá
18,2022,DANE_2018_2050,Mujer,(05 a 09),19214,0,0.0,True,Caquetá
18,2022,DANE_2018_2050,Mujer,(10 a 14),20188,0,0.0,True,Caquetá
18,2022,DANE_2018_2050,Mujer,(15 a 17),13242,0,0.0,True,Caquetá
18,2022,DANE_2018_2050,Mujer,(18 a 19),9127,0,0.0,True,Caquetá
18,2022,DANE_2018_2050,Mujer,(20 a 24),20797,1,4.808385824878588,True,Caquetá
18,2022,DANE_2018_2050,Mujer,(25 a 29),16632,1,6.012506012506012,True,Caquetá
18,2022,DANE_2018_2050,Mujer,(30 a 34),14312,0,0.0,True,Caquetá
18,2022,DANE_2018_2050,Mujer,(35 a 39),13097,0,0.0,True,Caquetá
18,2022,DANE_2018_2050,Mujer,(40 a 44),12243,0,0.0,True,Caquetá
18,2022,DANE_2018_2050,Mujer,(45 a 49),10992,0,0.0,True,Caquetá
18,2022,DANE_2018_2050,Mujer,(50 a 54),10076,0,0.0,True,Caquetá
18,2022,DANE_2018_2050,Mujer,(55 a 59),8800,0,0.0,True,Caquetá
18,2022,DANE_2018_2050,Mujer,(60 a 64),7011,0,0.0,True,Caquetá
18,2022,DANE_2018_2050,Mujer,(65 a 69),5233,0,0.0,True,Caquetá
18,2022,DANE_2018_2050,Mujer,(70 a 74),3822,0,0.0,True,Caquetá
18,2022,DANE_2018_2050,Mujer,(75 a 79),2537,0,0.0,True,Caquetá
18,2022,DANE_2018_2050,Mujer,(80 y más),2872,0,0.0,True,Caquetá
18,2023,DANE_2018_2050,Hombre,(05 a 09),19845,0,0.0,True,Caquetá
18,2023,DANE_2018_2050,Hombre,(10 a 14),20368,1,4.9096622152395915,True,Caquetá
18,2023,DANE_2018_2050,Hombre,(15 a 17),12884,1,7.76156473144986,True,Caquetá
18,2023,DANE_2018_2050,Hombre,(18 a 19),9218,5,54.24170101974398,False,Caquetá
18,2023,DANE_2018_2050,Hombre,(20 a 24),22365,7,31.298904538341155,False,Caquetá
18,2023,DANE_2018_2050,Hombre,(25 a 29),17501,4,22.85583680932518,True,Caquetá
18,2023,DANE_2018_2050,Hombre,(30 a 34),14403,5,34.71498993265292,False,Caquetá
18,2023,DANE_2018_2050,Hombre,(35 a 39),12573,0,0.0,True,Caquetá
18,2023,DANE_2018_2050,Hombre,(40 a 44),11449,0,0.0,True,Caquetá
18,2023,DANE_2018_2050,Hombre,(45 a 49),10134,0,0.0,True,Caquetá
18,2023,DANE_2018_2050,Hombre,(50 a 54),9288,2,21.533161068044787,True,Caquetá
18,2023,DANE_2018_2050,Hombre,(55 a 59),8163,1,12.250398137939484,True,Caquetá
18,2023,DANE_2018_2050,Hombre,(60 a 64),6885,4,58.09731299927378,True,Caquetá
18,2023,DANE_2018_2050,Hombre,(65 a 69),5113,1,19.557989438685702,True,Caquetá
18,2023,DANE_2018_2050,Hombre,(70 a 74),3863,0,0.0,True,Caquetá
18,2023,DANE_2018_2050,Hombre,(75 a 79),2593,1,38.565368299267256,True,Caquetá
18,2023,DANE_2018_2050,Hombre,(80 y más),2845,0,0.0,True,Caquetá
18,2023,DANE_2018_2050,Mujer,(05 a 09),18846,0,0.0,True,Caquetá
18,2023,DANE_2018_2050,Mujer,(10 a 14),19734,2,10.134792743488395,True,Caquetá
18,2023,DANE_2018_2050,Mujer,(15 a 17),12943,0,0.0,True,Caquetá
18,2023,DANE_2018_2050,Mujer,(18 a 19),9068,1,11.027790030877812,True,Caquetá
18,2023,DANE_2018_2050,Mujer,(20 a 24),21746,1,4.598546859192496,True,Caquetá
18,2023,DANE_2018_2050,Mujer,(25 a 29),17169,0,0.0,True,Caquetá
18,2023,DANE_2018_2050,Mujer,(30 a 34),14689,2,13.615630744094222,True,Caquetá
18,2023,DANE_2018_2050,Mujer,(35 a 39),13157,0,0.0,True,Caquetá
18,2023,DANE_2018_2050,Mujer,(40 a 44),12470,1,8.019246190858059,True,Caquetá
18,2023,DANE_2018_2050,Mujer,(45 a 49),11197,0,0.0,True,Caquetá
18,2023,DANE_2018_2050,Mujer,(50 a 54),10241,0,0.0,True,Caquetá
18,2023,DANE_2018_2050,Mujer,(55 a 59),8994,0,0.0,True,Caquetá
18,2023,DANE_2018_2050,Mujer,(60 a 64),7299,0,0.0,True,Caquetá
18,2023,DANE_2018_2050,Mujer,(65 a 69),5432,0,0.0,True,Caquetá
18,2023,DANE_2018_2050,Mujer,(70 a 74),3976,0,0.0,True,Caquetá
18,2023,DANE_2018_2050,Mujer,(75 a 79),2602,0,0.0,True,Caquetá
18,2023,DANE_2018_2050,Mujer,(80 y más),2918,1,34.27004797806717,True,Caquetá
18,2024,DANE_2018_2050,Hombre,(05 a 09),19616,0,0.0,True,Caquetá
18,2024,DANE_2018_2050,Hombre,(10 a 14),19879,0,0.0,True,Caquetá
18,2024,DANE_2018_2050,Hombre,(15 a 17),12602,0,0.0,True,Caquetá
18,2024,DANE_2018_2050,Hombre,(18 a 19),9024,4,44.326241134751776,True,Caquetá
18,2024,DANE_2018_2050,Hombre,(20 a 24),22626,8,35.35755325731459,False,Caquetá
18,2024,DANE_2018_2050,Hombre,(25 a 29),18456,3,16.25487646293888,True,Caquetá
18,2024,DANE_2018_2050,Hombre,(30 a 34),14788,2,13.52447930754666,True,Caquetá
18,2024,DANE_2018_2050,Hombre,(35 a 39),12685,4,31.533307055577456,True,Caquetá
18,2024,DANE_2018_2050,Hombre,(40 a 44),11506,0,0.0,True,Caquetá
18,2024,DANE_2018_2050,Hombre,(45 a 49),10273,1,9.734254842791785,True,Caquetá
18,2024,DANE_2018_2050,Hombre,(50 a 54),9336,0,0.0,True,Caquetá
18,2024,DANE_2018_2050,Hombre,(55 a 59),8257,3,36.332808526099065,True,Caquetá
18,2024,DANE_2018_2050,Hombre,(60 a 64),7088,2,28.21670428893905,True,Caquetá
18,2024,DANE_2018_2050,Hombre,(65 a 69),5279,1,18.942981625307823,True,Caquetá
18,2024,DANE_2018_2050,Hombre,(70 a 74),3932,0,0.0,True,Caquetá
18,2024,DANE_2018_2050,Hombre,(75 a 79),2665,0,0.0,True,Caquetá
18,2024,DANE_2018_2050,Hombre,(80 y más),2867,1,34.87966515521451,True,Caquetá
18,2024,DANE_2018_2050,Mujer,(05 a 09),18578,0,0.0,True,Caquetá
18,2024,DANE_2018_2050,Mujer,(10 a 14),19349,1,5.168225748100677,True,Caquetá
18,2024,DANE_2018_2050,Mujer,(15 a 17),12597,2,15.876796062554577,True,Caquetá
18,2024,DANE_2018_2050,Mujer,(18 a 19),8955,0,0.0,True,Caquetá
18,2024,DANE_2018_2050,Mujer,(20 a 24),22484,1,4.447607187333214,True,Caquetá
18,2024,DANE_2018_2050,Mujer,(25 a 29),17822,0,0.0,True,Caquetá
18,2024,DANE_2018_2050,Mujer,(30 a 34),15053,1,6.643194047698133,True,Caquetá
18,2024,DANE_2018_2050,Mujer,(35 a 39),13265,0,0.0,True,Caquetá
18,2024,DANE_2018_2050,Mujer,(40 a 44),12663,0,0.0,True,Caquetá
18,2024,DANE_2018_2050,Mujer,(45 a 49),11440,1,8.741258741258742,True,Caquetá
18,2024,DANE_2018_2050,Mujer,(50 a 54),10399,1,9.616309260505817,True,Caquetá
18,2024,DANE_2018_2050,Mujer,(55 a 59),9169,0,0.0,True,Caquetá
18,2024,DANE_2018_2050,Mujer,(60 a 64),7577,0,0.0,True,Caquetá
18,2024,DANE_2018_2050,Mujer,(65 a 69),5651,0,0.0,True,Caquetá
18,2024,DANE_2018_2050,Mujer,(70 a 74),4130,0,0.0,True,Caquetá
18,2024,DANE_2018_2050,Mujer,(75 a 79),2704,1,36.98224852071006,True,Caquetá
18,2024,DANE_2018_2050,Mujer,(80 y más),2978,0,0.0,True,Caquetá
19,2015,DANE_2005_2017,Hombre,(05 a 09),63137,0,0.0,True,Cauca
19,2015,DANE_2005_2017,Hombre,(10 a 14),67859,0,0.0,True,Cauca
19,2015,DANE_2005_2017,Hombre,(15 a 17),42303,2,4.7277970829492,True,Cauca
19,2015,DANE_2005_2017,Hombre,(18 a 19),27833,5,17.964286997449072,False,Cauca
19,2015,DANE_2005_2017,Hombre,(20 a 24),65193,4,6.135628058227111,True,Cauca
19,2015,DANE_2005_2017,Hombre,(25 a 29),58006,5,8.619797951936006,False,Cauca
19,2015,DANE_2005_2017,Hombre,(30 a 34),54113,5,9.239923863027368,False,Cauca
19,2015,DANE_2005_2017,Hombre,(35 a 39),46977,2,4.257402558698938,True,Cauca
19,2015,DANE_2005_2017,Hombre,(40 a 44),39867,2,5.016680462537939,True,Cauca
19,2015,DANE_2005_2017,Hombre,(45 a 49),36622,3,8.191797280323302,True,Cauca
19,2015,DANE_2005_2017,Hombre,(50 a 54),33405,1,2.99356383774884,True,Cauca
19,2015,DANE_2005_2017,Hombre,(55 a 59),28594,2,6.994474365251452,True,Cauca
19,2015,DANE_2005_2017,Hombre,(60 a 64),23453,0,0.0,True,Cauca
19,2015,DANE_2005_2017,Hombre,(65 a 69),18590,0,0.0,True,Cauca
19,2015,DANE_2005_2017,Hombre,(70 a 74),14050,0,0.0,True,Cauca
19,2015,DANE_2005_2017,Hombre,(75 a 79),10210,0,0.0,True,Cauca
19,2015,DANE_2005_2017,Hombre,(80 y más),13954,4,28.665615594094884,True,Cauca
19,2015,DANE_2005_2017,Mujer,(05 a 09),60259,0,0.0,True,Cauca
19,2015,DANE_2005_2017,Mujer,(10 a 14),65007,0,0.0,True,Cauca
19,2015,DANE_2005_2017,Mujer,(15 a 17),40815,2,4.900159255175793,True,Cauca
19,2015,DANE_2005_2017,Mujer,(18 a 19),27017,1,3.70137320946071,True,Cauca
19,2015,DANE_2005_2017,Mujer,(20 a 24),63911,2,3.1293517547839964,True,Cauca
19,2015,DANE_2005_2017,Mujer,(25 a 29),57930,2,3.452442603141723,True,Cauca
19,2015,DANE_2005_2017,Mujer,(30 a 34),55171,0,0.0,True,Cauca
19,2015,DANE_2005_2017,Mujer,(35 a 39),48879,0,0.0,True,Cauca
19,2015,DANE_2005_2017,Mujer,(40 a 44),42531,0,0.0,True,Cauca
19,2015,DANE_2005_2017,Mujer,(45 a 49),39937,0,0.0,True,Cauca
19,2015,DANE_2005_2017,Mujer,(50 a 54),37023,0,0.0,True,Cauca
19,2015,DANE_2005_2017,Mujer,(55 a 59),31447,1,3.1799535726778387,True,Cauca
19,2015,DANE_2005_2017,Mujer,(60 a 64),25333,0,0.0,True,Cauca
19,2015,DANE_2005_2017,Mujer,(65 a 69),19911,0,0.0,True,Cauca
19,2015,DANE_2005_2017,Mujer,(70 a 74),15082,0,0.0,True,Cauca
19,2015,DANE_2005_2017,Mujer,(75 a 79),10997,0,0.0,True,Cauca
19,2015,DANE_2005_2017,Mujer,(80 y más),16499,0,0.0,True,Cauca
19,2016,DANE_2005_2017,Hombre,(05 a 09),62464,0,0.0,True,Cauca
19,2016,DANE_2005_2017,Hombre,(10 a 14),66900,1,1.4947683109118086,True,Cauca
19,2016,DANE_2005_2017,Hombre,(15 a 17),42079,2,4.75296466170774,True,Cauca
19,2016,DANE_2005_2017,Hombre,(18 a 19),27965,3,10.72769533345253,True,Cauca
19,2016,DANE_2005_2017,Hombre,(20 a 24),66183,10,15.10962029524198,False,Cauca
19,2016,DANE_2005_2017,Hombre,(25 a 29),58531,3,5.1254890570808636,True,Cauca
19,2016,DANE_2005_2017,Hombre,(30 a 34),54502,5,9.17397526696268,False,Cauca
19,2016,DANE_2005_2017,Hombre,(35 a 39),48612,1,2.0571052415041553,True,Cauca
19,2016,DANE_2005_2017,Hombre,(40 a 44),40653,2,4.9196861240252865,True,Cauca
19,2016,DANE_2005_2017,Hombre,(45 a 49),37093,2,5.3918529102526085,True,Cauca
19,2016,DANE_2005_2017,Hombre,(50 a 54),33915,1,2.948547840188707,True,Cauca
19,2016,DANE_2005_2017,Hombre,(55 a 59),29462,3,10.182608105356053,True,Cauca
19,2016,DANE_2005_2017,Hombre,(60 a 64),24127,3,12.434202345919509,True,Cauca
19,2016,DANE_2005_2017,Hombre,(65 a 69),19206,2,10.413412475268146,True,Cauca
19,2016,DANE_2005_2017,Hombre,(70 a 74),14452,1,6.91945751453086,True,Cauca
19,2016,DANE_2005_2017,Hombre,(75 a 79),10343,0,0.0,True,Cauca
19,2016,DANE_2005_2017,Hombre,(80 y más),14372,0,0.0,True,Cauca
19,2016,DANE_2005_2017,Mujer,(05 a 09),59694,0,0.0,True,Cauca
19,2016,DANE_2005_2017,Mujer,(10 a 14),64048,2,3.122658006495129,True,Cauca
19,2016,DANE_2005_2017,Mujer,(15 a 17),40495,1,2.4694406716878627,True,Cauca
19,2016,DANE_2005_2017,Mujer,(18 a 19),27057,1,3.69590124551872,True,Cauca
19,2016,DANE_2005_2017,Mujer,(20 a 24),64755,4,6.177129179213961,True,Cauca
19,2016,DANE_2005_2017,Mujer,(25 a 29),58550,0,0.0,True,Cauca
19,2016,DANE_2005_2017,Mujer,(30 a 34),55656,0,0.0,True,Cauca
19,2016,DANE_2005_2017,Mujer,(35 a 39),50552,1,1.9781611014401015,True,Cauca
19,2016,DANE_2005_2017,Mujer,(40 a 44),43244,1,2.312459531958191,True,Cauca
19,2016,DANE_2005_2017,Mujer,(45 a 49),40333,0,0.0,True,Cauca
19,2016,DANE_2005_2017,Mujer,(50 a 54),37542,0,0.0,True,Cauca
19,2016,DANE_2005_2017,Mujer,(55 a 59),32580,0,0.0,True,Cauca
19,2016,DANE_2005_2017,Mujer,(60 a 64),26206,0,0.0,True,Cauca
19,2016,DANE_2005_2017,Mujer,(65 a 69),20659,0,0.0,True,Cauca
19,2016,DANE_2005_2017,Mujer,(70 a 74),15652,1,6.3889598773319705,True,Cauca
19,2016,DANE_2005_2017,Mujer,(75 a 79),11289,0,0.0,True,Cauca
19,2016,DANE_2005_2017,Mujer,(80 y más),17020,0,0.0,True,Cauca
19,2017,DANE_2005_2017,Hombre,(05 a 09),61961,0,0.0,True,Cauca
19,2017,DANE_2005_2017,Hombre,(10 a 14),65927,2,3.033658440396196,True,Cauca
19,2017,DANE_2005_2017,Hombre,(15 a 17),41723,1,2.396759581046425,True,Cauca
19,2017,DANE_2005_2017,Hombre,(18 a 19),28016,2,7.138777841233581,True,Cauca
19,2017,DANE_2005_2017,Hombre,(20 a 24),67008,9,13.431232091690545,False,Cauca
19,2017,DANE_2005_2017,Hombre,(25 a 29),59225,5,8.442380751371887,False,Cauca
19,2017,DANE_2005_2017,Hombre,(30 a 34),54809,8,14.596142969220384,False,Cauca
19,2017,DANE_2005_2017,Hombre,(35 a 39),50105,3,5.987426404550444,True,Cauca
19,2017,DANE_2005_2017,Hombre,(40 a 44),41687,4,9.595317485067287,True,Cauca
19,2017,DANE_2005_2017,Hombre,(45 a 49),37569,0,0.0,True,Cauca
19,2017,DANE_2005_2017,Hombre,(50 a 54),34410,2,5.812263876780006,True,Cauca
19,2017,DANE_2005_2017,Hombre,(55 a 59),30281,1,3.3024008454146165,True,Cauca
19,2017,DANE_2005_2017,Hombre,(60 a 64),24871,0,0.0,True,Cauca
19,2017,DANE_2005_2017,Hombre,(65 a 69),19843,1,5.039560550320012,True,Cauca
19,2017,DANE_2005_2017,Hombre,(70 a 74),14872,1,6.7240451855836465,True,Cauca
19,2017,DANE_2005_2017,Hombre,(75 a 79),10547,4,37.925476438797766,True,Cauca
19,2017,DANE_2005_2017,Hombre,(80 y más),14744,1,6.782419967444384,True,Cauca
19,2017,DANE_2005_2017,Mujer,(05 a 09),59299,0,0.0,True,Cauca
19,2017,DANE_2005_2017,Mujer,(10 a 14),63126,3,4.7523999619808,True,Cauca
19,2017,DANE_2005_2017,Mujer,(15 a 17),40099,5,12.46913888126886,False,Cauca
19,2017,DANE_2005_2017,Mujer,(18 a 19),27008,1,3.7026066350710902,True,Cauca
19,2017,DANE_2005_2017,Mujer,(20 a 24),65400,2,3.058103975535168,True,Cauca
19,2017,DANE_2005_2017,Mujer,(25 a 29),59358,2,3.3693857609757742,True,Cauca
19,2017,DANE_2005_2017,Mujer,(30 a 34),56054,1,1.7839940057801404,True,Cauca
19,2017,DANE_2005_2017,Mujer,(35 a 39),52109,0,0.0,True,Cauca
19,2017,DANE_2005_2017,Mujer,(40 a 44),44225,0,0.0,True,Cauca
19,2017,DANE_2005_2017,Mujer,(45 a 49),40730,1,2.4551927326295115,True,Cauca
19,2017,DANE_2005_2017,Mujer,(50 a 54),37984,1,2.632687447346251,True,Cauca
19,2017,DANE_2005_2017,Mujer,(55 a 59),33639,0,0.0,True,Cauca
19,2017,DANE_2005_2017,Mujer,(60 a 64),27154,0,0.0,True,Cauca
19,2017,DANE_2005_2017,Mujer,(65 a 69),21444,0,0.0,True,Cauca
19,2017,DANE_2005_2017,Mujer,(70 a 74),16224,0,0.0,True,Cauca
19,2017,DANE_2005_2017,Mujer,(75 a 79),11654,0,0.0,True,Cauca
19,2017,DANE_2005_2017,Mujer,(80 y más),17517,0,0.0,True,Cauca
19,2018,DANE_2018_2050,Hombre,(05 a 09),67422,0,0.0,True,Cauca
19,2018,DANE_2018_2050,Hombre,(10 a 14),70591,2,2.833222365457353,True,Cauca
19,2018,DANE_2018_2050,Hombre,(15 a 17),42322,5,11.814186475119325,False,Cauca
19,2018,DANE_2018_2050,Hombre,(18 a 19),27264,3,11.003521126760564,True,Cauca
19,2018,DANE_2018_2050,Hombre,(20 a 24),64480,11,17.05955334987593,False,Cauca
19,2018,DANE_2018_2050,Hombre,(25 a 29),57504,8,13.912075681691709,False,Cauca
19,2018,DANE_2018_2050,Hombre,(30 a 34),51636,4,7.746533426291735,True,Cauca
19,2018,DANE_2018_2050,Hombre,(35 a 39),48882,1,2.0457428092140257,True,Cauca
19,2018,DANE_2018_2050,Hombre,(40 a 44),41842,2,4.779886238707519,True,Cauca
19,2018,DANE_2018_2050,Hombre,(45 a 49),37264,1,2.6835551738943755,True,Cauca
19,2018,DANE_2018_2050,Hombre,(50 a 54),34039,2,5.875613267134757,True,Cauca
19,2018,DANE_2018_2050,Hombre,(55 a 59),29886,4,13.384193267750787,True,Cauca
19,2018,DANE_2018_2050,Hombre,(60 a 64),25163,2,7.9481778802209595,True,Cauca
19,2018,DANE_2018_2050,Hombre,(65 a 69),20690,1,4.833252779120348,True,Cauca
19,2018,DANE_2018_2050,Hombre,(70 a 74),15640,1,6.39386189258312,True,Cauca
19,2018,DANE_2018_2050,Hombre,(75 a 79),11675,1,8.565310492505354,True,Cauca
19,2018,DANE_2018_2050,Hombre,(80 y más),13794,0,0.0,True,Cauca
19,2018,DANE_2018_2050,Mujer,(05 a 09),64679,0,0.0,True,Cauca
19,2018,DANE_2018_2050,Mujer,(10 a 14),67567,2,2.9600248642088594,True,Cauca
19,2018,DANE_2018_2050,Mujer,(15 a 17),40408,6,14.848544842605426,False,Cauca
19,2018,DANE_2018_2050,Mujer,(18 a 19),26807,1,3.730368933487522,True,Cauca
19,2018,DANE_2018_2050,Mujer,(20 a 24),64435,4,6.207806316442927,True,Cauca
19,2018,DANE_2018_2050,Mujer,(25 a 29),58945,3,5.08949020273136,True,Cauca
19,2018,DANE_2018_2050,Mujer,(30 a 34),53959,0,0.0,True,Cauca
19,2018,DANE_2018_2050,Mujer,(35 a 39),51431,1,1.9443526277925767,True,Cauca
19,2018,DANE_2018_2050,Mujer,(40 a 44),43673,1,2.2897442355688873,True,Cauca
19,2018,DANE_2018_2050,Mujer,(45 a 49),39353,0,0.0,True,Cauca
19,2018,DANE_2018_2050,Mujer,(50 a 54),36654,0,0.0,True,Cauca
19,2018,DANE_2018_2050,Mujer,(55 a 59),32785,1,3.0501753850846423,True,Cauca
19,2018,DANE_2018_2050,Mujer,(60 a 64),27493,0,0.0,True,Cauca
19,2018,DANE_2018_2050,Mujer,(65 a 69),22222,0,0.0,True,Cauca
19,2018,DANE_2018_2050,Mujer,(70 a 74),16948,0,0.0,True,Cauca
19,2018,DANE_2018_2050,Mujer,(75 a 79),13185,0,0.0,True,Cauca
19,2018,DANE_2018_2050,Mujer,(80 y más),18078,0,0.0,True,Cauca
19,2019,DANE_2018_2050,Hombre,(05 a 09),67166,0,0.0,True,Cauca
19,2019,DANE_2018_2050,Hombre,(10 a 14),70629,2,2.831698027722324,True,Cauca
19,2019,DANE_2018_2050,Hombre,(15 a 17),42817,4,9.342083751780834,True,Cauca
19,2019,DANE_2018_2050,Hombre,(18 a 19),27977,7,25.020552596775925,False,Cauca
19,2019,DANE_2018_2050,Hombre,(20 a 24),65881,9,13.66099482400085,False,Cauca
19,2019,DANE_2018_2050,Hombre,(25 a 29),59521,3,5.040237899228844,True,Cauca
19,2019,DANE_2018_2050,Hombre,(30 a 34),52719,7,13.277945332802215,False,Cauca
19,2019,DANE_2018_2050,Hombre,(35 a 39),49813,5,10.037540401100115,False,Cauca
19,2019,DANE_2018_2050,Hombre,(40 a 44),43113,5,11.597430009509893,False,Cauca
19,2019,DANE_2018_2050,Hombre,(45 a 49),37636,4,10.628122010840684,True,Cauca
19,2019,DANE_2018_2050,Hombre,(50 a 54),34572,3,8.677542519958347,True,Cauca
19,2019,DANE_2018_2050,Hombre,(55 a 59),30741,5,16.264923066913894,False,Cauca
19,2019,DANE_2018_2050,Hombre,(60 a 64),25772,1,3.8801800403538724,True,Cauca
19,2019,DANE_2018_2050,Hombre,(65 a 69),21298,0,0.0,True,Cauca
19,2019,DANE_2018_2050,Hombre,(70 a 74),16192,0,0.0,True,Cauca
19,2019,DANE_2018_2050,Hombre,(75 a 79),11721,0,0.0,True,Cauca
19,2019,DANE_2018_2050,Hombre,(80 y más),14222,0,0.0,True,Cauca
19,2019,DANE_2018_2050,Mujer,(05 a 09),64255,0,0.0,True,Cauca
19,2019,DANE_2018_2050,Mujer,(10 a 14),67727,4,5.906064051264636,True,Cauca
19,2019,DANE_2018_2050,Mujer,(15 a 17),40647,5,12.30103082638325,False,Cauca
19,2019,DANE_2018_2050,Mujer,(18 a 19),27162,1,3.6816140195861866,True,Cauca
19,2019,DANE_2018_2050,Mujer,(20 a 24),65590,2,3.049245311785333,True,Cauca
19,2019,DANE_2018_2050,Mujer,(25 a 29),60773,2,3.2909351192141245,True,Cauca
19,2019,DANE_2018_2050,Mujer,(30 a 34),54892,1,1.8217590905778618,True,Cauca
19,2019,DANE_2018_2050,Mujer,(35 a 39),52366,2,3.81927204674789,True,Cauca
19,2019,DANE_2018_2050,Mujer,(40 a 44),44998,3,6.666962976132273,True,Cauca
19,2019,DANE_2018_2050,Mujer,(45 a 49),39682,1,2.5200342724661056,True,Cauca
19,2019,DANE_2018_2050,Mujer,(50 a 54),37084,0,0.0,True,Cauca
19,2019,DANE_2018_2050,Mujer,(55 a 59),33711,0,0.0,True,Cauca
19,2019,DANE_2018_2050,Mujer,(60 a 64),28332,0,0.0,True,Cauca
19,2019,DANE_2018_2050,Mujer,(65 a 69),23119,1,4.325446602361693,True,Cauca
19,2019,DANE_2018_2050,Mujer,(70 a 74),17656,0,0.0,True,Cauca
19,2019,DANE_2018_2050,Mujer,(75 a 79),13209,0,0.0,True,Cauca
19,2019,DANE_2018_2050,Mujer,(80 y más),18567,0,0.0,True,Cauca
19,2020,DANE_2018_2050,Hombre,(05 a 09),66988,0,0.0,True,Cauca
19,2020,DANE_2018_2050,Hombre,(10 a 14),70551,3,4.252243058213208,True,Cauca
19,2020,DANE_2018_2050,Hombre,(15 a 17),43194,3,6.945409084595083,True,Cauca
19,2020,DANE_2018_2050,Hombre,(18 a 19),28506,3,10.524100189433803,True,Cauca
19,2020,DANE_2018_2050,Hombre,(20 a 24),67378,7,10.389147793048176,False,Cauca
19,2020,DANE_2018_2050,Hombre,(25 a 29),61558,6,9.746905357548979,False,Cauca
19,2020,DANE_2018_2050,Hombre,(30 a 34),54115,4,7.391665896701469,True,Cauca
19,2020,DANE_2018_2050,Hombre,(35 a 39),50627,3,5.925691824520513,True,Cauca
19,2020,DANE_2018_2050,Hombre,(40 a 44),44543,2,4.490043328918124,True,Cauca
19,2020,DANE_2018_2050,Hombre,(45 a 49),38113,3,7.871329992391047,True,Cauca
19,2020,DANE_2018_2050,Hombre,(50 a 54),35051,4,11.411942597928732,True,Cauca
19,2020,DANE_2018_2050,Hombre,(55 a 59),31565,2,6.3361317915412645,True,Cauca
19,2020,DANE_2018_2050,Hombre,(60 a 64),26450,0,0.0,True,Cauca
19,2020,DANE_2018_2050,Hombre,(65 a 69),21927,3,13.681762210972773,True,Cauca
19,2020,DANE_2018_2050,Hombre,(70 a 74),16760,2,11.933174224343675,True,Cauca
19,2020,DANE_2018_2050,Hombre,(75 a 79),11843,0,0.0,True,Cauca
19,2020,DANE_2018_2050,Hombre,(80 y más),14612,5,34.218450588557346,False,Cauca
19,2020,DANE_2018_2050,Mujer,(05 a 09),63878,0,0.0,True,Cauca
19,2020,DANE_2018_2050,Mujer,(10 a 14),67631,3,4.435835637503512,True,Cauca
19,2020,DANE_2018_2050,Mujer,(15 a 17),41042,2,4.873056868573657,True,Cauca
19,2020,DANE_2018_2050,Mujer,(18 a 19),27338,1,3.6579120637939866,True,Cauca
19,2020,DANE_2018_2050,Mujer,(20 a 24),66790,8,11.977840994160802,False,Cauca
19,2020,DANE_2018_2050,Mujer,(25 a 29),62505,3,4.799616030717543,True,Cauca
19,2020,DANE_2018_2050,Mujer,(30 a 34),56158,2,3.561380391039567,True,Cauca
19,2020,DANE_2018_2050,Mujer,(35 a 39),53056,1,1.884800965018094,True,Cauca
19,2020,DANE_2018_2050,Mujer,(40 a 44),46597,0,0.0,True,Cauca
19,2020,DANE_2018_2050,Mujer,(45 a 49),40043,0,0.0,True,Cauca
19,2020,DANE_2018_2050,Mujer,(50 a 54),37526,0,0.0,True,Cauca
19,2020,DANE_2018_2050,Mujer,(55 a 59),34492,0,0.0,True,Cauca
19,2020,DANE_2018_2050,Mujer,(60 a 64),29239,1,3.420089606347686,True,Cauca
19,2020,DANE_2018_2050,Mujer,(65 a 69),23998,1,4.167013917826485,True,Cauca
19,2020,DANE_2018_2050,Mujer,(70 a 74),18385,1,5.4392167527875985,True,Cauca
19,2020,DANE_2018_2050,Mujer,(75 a 79),13358,0,0.0,True,Cauca
19,2020,DANE_2018_2050,Mujer,(80 y más),19083,0,0.0,True,Cauca
19,2021,DANE_2018_2050,Hombre,(05 a 09),66784,0,0.0,True,Cauca
19,2021,DANE_2018_2050,Hombre,(10 a 14),70300,3,4.267425320056899,True,Cauca
19,2021,DANE_2018_2050,Hombre,(15 a 17),43441,7,16.1138095347713,False,Cauca
19,2021,DANE_2018_2050,Hombre,(18 a 19),28862,5,17.3238167833137,False,Cauca
19,2021,DANE_2018_2050,Hombre,(20 a 24),68833,14,20.33908154518908,False,Cauca
19,2021,DANE_2018_2050,Hombre,(25 a 29),63258,7,11.065794049764456,False,Cauca
19,2021,DANE_2018_2050,Hombre,(30 a 34),55620,4,7.191657677094571,True,Cauca
19,2021,DANE_2018_2050,Hombre,(35 a 39),51240,3,5.85480093676815,True,Cauca
19,2021,DANE_2018_2050,Hombre,(40 a 44),45950,5,10.881392818280741,False,Cauca
19,2021,DANE_2018_2050,Hombre,(45 a 49),38673,3,7.757350089209526,True,Cauca
19,2021,DANE_2018_2050,Hombre,(50 a 54),35475,1,2.818886539816772,True,Cauca
19,2021,DANE_2018_2050,Hombre,(55 a 59),32217,3,9.311853990129435,True,Cauca
19,2021,DANE_2018_2050,Hombre,(60 a 64),27216,4,14.697236919459142,True,Cauca
19,2021,DANE_2018_2050,Hombre,(65 a 69),22450,2,8.908685968819599,True,Cauca
19,2021,DANE_2018_2050,Hombre,(70 a 74),17307,3,17.33402669440111,True,Cauca
19,2021,DANE_2018_2050,Hombre,(75 a 79),11973,0,0.0,True,Cauca
19,2021,DANE_2018_2050,Hombre,(80 y más),14778,1,6.766815536608472,True,Cauca
19,2021,DANE_2018_2050,Mujer,(05 a 09),63494,0,0.0,True,Cauca
19,2021,DANE_2018_2050,Mujer,(10 a 14),67332,0,0.0,True,Cauca
19,2021,DANE_2018_2050,Mujer,(15 a 17),41466,5,12.058071673178025,False,Cauca
19,2021,DANE_2018_2050,Mujer,(18 a 19),27445,1,3.6436509382401163,True,Cauca
19,2021,DANE_2018_2050,Mujer,(20 a 24),67852,3,4.421387726227672,True,Cauca
19,2021,DANE_2018_2050,Mujer,(25 a 29),63959,2,3.12700323644835,True,Cauca
19,2021,DANE_2018_2050,Mujer,(30 a 34),57513,3,5.2162119868551455,True,Cauca
19,2021,DANE_2018_2050,Mujer,(35 a 39),53621,3,5.594822923854459,True,Cauca
19,2021,DANE_2018_2050,Mujer,(40 a 44),48152,0,0.0,True,Cauca
19,2021,DANE_2018_2050,Mujer,(45 a 49),40570,0,0.0,True,Cauca
19,2021,DANE_2018_2050,Mujer,(50 a 54),37868,0,0.0,True,Cauca
19,2021,DANE_2018_2050,Mujer,(55 a 59),35208,1,2.8402635764598956,True,Cauca
19,2021,DANE_2018_2050,Mujer,(60 a 64),30167,0,0.0,True,Cauca
19,2021,DANE_2018_2050,Mujer,(65 a 69),24843,0,0.0,True,Cauca
19,2021,DANE_2018_2050,Mujer,(70 a 74),19097,1,5.236424569304079,True,Cauca
19,2021,DANE_2018_2050,Mujer,(75 a 79),13604,0,0.0,True,Cauca
19,2021,DANE_2018_2050,Mujer,(80 y más),19307,0,0.0,True,Cauca
19,2022,DANE_2018_2050,Hombre,(05 a 09),66446,1,1.5049814887276887,True,Cauca
19,2022,DANE_2018_2050,Hombre,(10 a 14),69810,2,2.864919066036385,True,Cauca
19,2022,DANE_2018_2050,Hombre,(15 a 17),43627,5,11.460792628418181,False,Cauca
19,2022,DANE_2018_2050,Hombre,(18 a 19),29090,4,13.750429700928155,True,Cauca
19,2022,DANE_2018_2050,Hombre,(20 a 24),70086,10,14.268184801529548,False,Cauca
19,2022,DANE_2018_2050,Hombre,(25 a 29),64617,12,18.57096429732114,False,Cauca
19,2022,DANE_2018_2050,Hombre,(30 a 34),57178,5,8.744622057434679,False,Cauca
19,2022,DANE_2018_2050,Hombre,(35 a 39),51737,8,15.462821578367514,False,Cauca
19,2022,DANE_2018_2050,Hombre,(40 a 44),47112,7,14.858210222448633,False,Cauca
19,2022,DANE_2018_2050,Hombre,(45 a 49),39434,6,15.215296444692397,False,Cauca
19,2022,DANE_2018_2050,Hombre,(50 a 54),35806,3,8.37848405295202,True,Cauca
19,2022,DANE_2018_2050,Hombre,(55 a 59),32781,1,3.0505475732894056,True,Cauca
19,2022,DANE_2018_2050,Hombre,(60 a 64),27984,1,3.57347055460263,True,Cauca
19,2022,DANE_2018_2050,Hombre,(65 a 69),22980,1,4.351610095735422,True,Cauca
19,2022,DANE_2018_2050,Hombre,(70 a 74),17801,1,5.617661929105107,True,Cauca
19,2022,DANE_2018_2050,Hombre,(75 a 79),12195,2,16.400164001640018,True,Cauca
19,2022,DANE_2018_2050,Hombre,(80 y más),14834,1,6.741270055278414,True,Cauca
19,2022,DANE_2018_2050,Mujer,(05 a 09),63067,0,0.0,True,Cauca
19,2022,DANE_2018_2050,Mujer,(10 a 14),66823,4,5.985962916959729,True,Cauca
19,2022,DANE_2018_2050,Mujer,(15 a 17),41782,4,9.57350055047628,True,Cauca
19,2022,DANE_2018_2050,Mujer,(18 a 19),27610,1,3.621876131836291,True,Cauca
19,2022,DANE_2018_2050,Mujer,(20 a 24),68511,6,8.75771773875728,False,Cauca
19,2022,DANE_2018_2050,Mujer,(25 a 29),65063,4,6.1478874321811166,True,Cauca
19,2022,DANE_2018_2050,Mujer,(30 a 34),59002,0,0.0,True,Cauca
19,2022,DANE_2018_2050,Mujer,(35 a 39),54065,1,1.8496254508462036,True,Cauca
19,2022,DANE_2018_2050,Mujer,(40 a 44),49509,2,4.0396695550303985,True,Cauca
19,2022,DANE_2018_2050,Mujer,(45 a 49),41265,0,0.0,True,Cauca
19,2022,DANE_2018_2050,Mujer,(50 a 54),38181,1,2.6191037426992483,True,Cauca
19,2022,DANE_2018_2050,Mujer,(55 a 59),35747,1,2.7974375472067585,True,Cauca
19,2022,DANE_2018_2050,Mujer,(60 a 64),31109,0,0.0,True,Cauca
19,2022,DANE_2018_2050,Mujer,(65 a 69),25628,0,0.0,True,Cauca
19,2022,DANE_2018_2050,Mujer,(70 a 74),19807,0,0.0,True,Cauca
19,2022,DANE_2018_2050,Mujer,(75 a 79),13967,0,0.0,True,Cauca
19,2022,DANE_2018_2050,Mujer,(80 y más),19445,0,0.0,True,Cauca
19,2023,DANE_2018_2050,Hombre,(05 a 09),66052,0,0.0,True,Cauca
19,2023,DANE_2018_2050,Hombre,(10 a 14),69278,1,1.443459684171021,True,Cauca
19,2023,DANE_2018_2050,Hombre,(15 a 17),43634,2,4.583581610670578,True,Cauca
19,2023,DANE_2018_2050,Hombre,(18 a 19),29188,5,17.13032753186241,False,Cauca
19,2023,DANE_2018_2050,Hombre,(20 a 24),71112,12,16.874789065136685,False,Cauca
19,2023,DANE_2018_2050,Hombre,(25 a 29),65665,4,6.091525165613341,True,Cauca
19,2023,DANE_2018_2050,Hombre,(30 a 34),58788,5,8.505137102810098,False,Cauca
19,2023,DANE_2018_2050,Hombre,(35 a 39),52257,4,7.654476912184014,True,Cauca
19,2023,DANE_2018_2050,Hombre,(40 a 44),48051,5,10.405610705292293,False,Cauca
19,2023,DANE_2018_2050,Hombre,(45 a 49),40325,4,9.919404835709857,True,Cauca
19,2023,DANE_2018_2050,Hombre,(50 a 54),36107,4,11.07818428559559,True,Cauca
19,2023,DANE_2018_2050,Hombre,(55 a 59),33228,5,15.047550258817862,False,Cauca
19,2023,DANE_2018_2050,Hombre,(60 a 64),28815,3,10.41124414367517,True,Cauca
19,2023,DANE_2018_2050,Hombre,(65 a 69),23507,2,8.508103969030502,True,Cauca
19,2023,DANE_2018_2050,Hombre,(70 a 74),18302,5,27.319418642771282,False,Cauca
19,2023,DANE_2018_2050,Hombre,(75 a 79),12533,1,7.978935609989628,True,Cauca
19,2023,DANE_2018_2050,Hombre,(80 y más),14979,0,0.0,True,Cauca
19,2023,DANE_2018_2050,Mujer,(05 a 09),62490,0,0.0,True,Cauca
19,2023,DANE_2018_2050,Mujer,(10 a 14),66286,3,4.525842561023444,True,Cauca
19,2023,DANE_2018_2050,Mujer,(15 a 17),41775,5,11.968880909634949,False,Cauca
19,2023,DANE_2018_2050,Mujer,(18 a 19),27811,0,0.0,True,Cauca
19,2023,DANE_2018_2050,Mujer,(20 a 24),68790,5,7.268498328245384,False,Cauca
19,2023,DANE_2018_2050,Mujer,(25 a 29),65944,2,3.032876379958753,True,Cauca
19,2023,DANE_2018_2050,Mujer,(30 a 34),60460,3,4.961958319550115,True,Cauca
19,2023,DANE_2018_2050,Mujer,(35 a 39),54563,1,1.8327438007440942,True,Cauca
19,2023,DANE_2018_2050,Mujer,(40 a 44),50553,0,0.0,True,Cauca
19,2023,DANE_2018_2050,Mujer,(45 a 49),42210,2,4.738213693437574,True,Cauca
19,2023,DANE_2018_2050,Mujer,(50 a 54),38395,0,0.0,True,Cauca
19,2023,DANE_2018_2050,Mujer,(55 a 59),36233,2,5.519829989236332,True,Cauca
19,2023,DANE_2018_2050,Mujer,(60 a 64),32039,0,0.0,True,Cauca
19,2023,DANE_2018_2050,Mujer,(65 a 69),26379,1,3.790894271958755,True,Cauca
19,2023,DANE_2018_2050,Mujer,(70 a 74),20587,0,0.0,True,Cauca
19,2023,DANE_2018_2050,Mujer,(75 a 79),14494,0,0.0,True,Cauca
19,2023,DANE_2018_2050,Mujer,(80 y más),19623,0,0.0,True,Cauca
19,2024,DANE_2018_2050,Hombre,(05 a 09),65871,0,0.0,True,Cauca
19,2024,DANE_2018_2050,Hombre,(10 a 14),68893,4,5.806105119533189,True,Cauca
19,2024,DANE_2018_2050,Hombre,(15 a 17),43461,3,6.90274038793401,True,Cauca
19,2024,DANE_2018_2050,Hombre,(18 a 19),29272,4,13.664935774801858,True,Cauca
19,2024,DANE_2018_2050,Hombre,(20 a 24),72018,5,6.942708767252632,False,Cauca
19,2024,DANE_2018_2050,Hombre,(25 a 29),66705,10,14.991379956524998,False,Cauca
19,2024,DANE_2018_2050,Hombre,(30 a 34),60499,10,16.52919882973272,False,Cauca
19,2024,DANE_2018_2050,Hombre,(35 a 39),53105,7,13.18143301007438,False,Cauca
19,2024,DANE_2018_2050,Hombre,(40 a 44),48816,5,10.242543428384137,False,Cauca
19,2024,DANE_2018_2050,Hombre,(45 a 49),41468,2,4.822996045143243,True,Cauca
19,2024,DANE_2018_2050,Hombre,(50 a 54),36422,3,8.236779968151117,True,Cauca
19,2024,DANE_2018_2050,Hombre,(55 a 59),33749,3,8.889152271178405,True,Cauca
19,2024,DANE_2018_2050,Hombre,(60 a 64),29660,2,6.743088334457181,True,Cauca
19,2024,DANE_2018_2050,Hombre,(65 a 69),24121,2,8.29153020189876,True,Cauca
19,2024,DANE_2018_2050,Hombre,(70 a 74),18879,1,5.2968907251443405,True,Cauca
19,2024,DANE_2018_2050,Hombre,(75 a 79),12996,1,7.694675284702985,True,Cauca
19,2024,DANE_2018_2050,Hombre,(80 y más),15225,1,6.568144499178982,True,Cauca
19,2024,DANE_2018_2050,Mujer,(05 a 09),62312,0,0.0,True,Cauca
19,2024,DANE_2018_2050,Mujer,(10 a 14),65731,1,1.5213521778156427,True,Cauca
19,2024,DANE_2018_2050,Mujer,(15 a 17),41572,6,14.432791301837776,False,Cauca
19,2024,DANE_2018_2050,Mujer,(18 a 19),28042,2,7.132158904500392,True,Cauca
19,2024,DANE_2018_2050,Mujer,(20 a 24),69123,7,10.12687528029744,False,Cauca
19,2024,DANE_2018_2050,Mujer,(25 a 29),66748,0,0.0,True,Cauca
19,2024,DANE_2018_2050,Mujer,(30 a 34),62034,2,3.2240384305380916,True,Cauca
19,2024,DANE_2018_2050,Mujer,(35 a 39),55291,2,3.61722522652873,True,Cauca
19,2024,DANE_2018_2050,Mujer,(40 a 44),51339,0,0.0,True,Cauca
19,2024,DANE_2018_2050,Mujer,(45 a 49),43426,1,2.302767927048312,True,Cauca
19,2024,DANE_2018_2050,Mujer,(50 a 54),38681,1,2.585248571650164,True,Cauca
19,2024,DANE_2018_2050,Mujer,(55 a 59),36610,0,0.0,True,Cauca
19,2024,DANE_2018_2050,Mujer,(60 a 64),32960,1,3.0339805825242716,True,Cauca
19,2024,DANE_2018_2050,Mujer,(65 a 69),27183,0,0.0,True,Cauca
19,2024,DANE_2018_2050,Mujer,(70 a 74),21422,0,0.0,True,Cauca
19,2024,DANE_2018_2050,Mujer,(75 a 79),15114,0,0.0,True,Cauca
19,2024,DANE_2018_2050,Mujer,(80 y más),20009,0,0.0,True,Cauca
20,2015,DANE_2005_2017,Hombre,(05 a 09),60496,0,0.0,True,Cesar
20,2015,DANE_2005_2017,Hombre,(10 a 14),58651,3,5.115002301751036,True,Cesar
20,2015,DANE_2005_2017,Hombre,(15 a 17),33545,2,5.962140408406618,True,Cesar
20,2015,DANE_2005_2017,Hombre,(18 a 19),21277,0,0.0,True,Cesar
20,2015,DANE_2005_2017,Hombre,(20 a 24),49877,2,4.009864266094593,True,Cesar
20,2015,DANE_2005_2017,Hombre,(25 a 29),44051,4,9.08038410024744,True,Cesar
20,2015,DANE_2005_2017,Hombre,(30 a 34),39481,4,10.13145563688863,True,Cesar
20,2015,DANE_2005_2017,Hombre,(35 a 39),35272,3,8.505330006804265,True,Cesar
20,2015,DANE_2005_2017,Hombre,(40 a 44),31179,1,3.2072869559639505,True,Cesar
20,2015,DANE_2005_2017,Hombre,(45 a 49),28091,2,7.119718059164857,True,Cesar
20,2015,DANE_2005_2017,Hombre,(50 a 54),24090,2,8.302200083022,True,Cesar
20,2015,DANE_2005_2017,Hombre,(55 a 59),19018,3,15.774529393206436,True,Cesar
20,2015,DANE_2005_2017,Hombre,(60 a 64),15422,2,12.968486577616392,True,Cesar
20,2015,DANE_2005_2017,Hombre,(65 a 69),12022,2,16.636167027116954,True,Cesar
20,2015,DANE_2005_2017,Hombre,(70 a 74),8305,0,0.0,True,Cesar
20,2015,DANE_2005_2017,Hombre,(75 a 79),5545,1,18.034265103697024,True,Cesar
20,2015,DANE_2005_2017,Hombre,(80 y más),6534,0,0.0,True,Cesar
20,2015,DANE_2005_2017,Mujer,(05 a 09),57386,0,0.0,True,Cesar
20,2015,DANE_2005_2017,Mujer,(10 a 14),56108,1,1.7822770371426535,True,Cesar
20,2015,DANE_2005_2017,Mujer,(15 a 17),32553,1,3.071913494915983,True,Cesar
20,2015,DANE_2005_2017,Mujer,(18 a 19),20840,1,4.798464491362764,True,Cesar
20,2015,DANE_2005_2017,Mujer,(20 a 24),49840,0,0.0,True,Cesar
20,2015,DANE_2005_2017,Mujer,(25 a 29),45609,2,4.385099432129623,True,Cesar
20,2015,DANE_2005_2017,Mujer,(30 a 34),41558,1,2.4062755666778957,True,Cesar
20,2015,DANE_2005_2017,Mujer,(35 a 39),37870,3,7.921837866385002,True,Cesar
20,2015,DANE_2005_2017,Mujer,(40 a 44),34308,0,0.0,True,Cesar
20,2015,DANE_2005_2017,Mujer,(45 a 49),30921,0,0.0,True,Cesar
20,2015,DANE_2005_2017,Mujer,(50 a 54),26216,1,3.8144644491913335,True,Cesar
20,2015,DANE_2005_2017,Mujer,(55 a 59),20833,0,0.0,True,Cesar
20,2015,DANE_2005_2017,Mujer,(60 a 64),16604,0,0.0,True,Cesar
20,2015,DANE_2005_2017,Mujer,(65 a 69),12189,0,0.0,True,Cesar
20,2015,DANE_2005_2017,Mujer,(70 a 74),8083,0,0.0,True,Cesar
20,2015,DANE_2005_2017,Mujer,(75 a 79),5208,0,0.0,True,Cesar
20,2015,DANE_2005_2017,Mujer,(80 y más),6662,0,0.0,True,Cesar
20,2016,DANE_2005_2017,Hombre,(05 a 09),60925,0,0.0,True,Cesar
20,2016,DANE_2005_2017,Hombre,(10 a 14),59302,0,0.0,True,Cesar
20,2016,DANE_2005_2017,Hombre,(15 a 17),34038,1,2.9378929431811507,True,Cesar
20,2016,DANE_2005_2017,Hombre,(18 a 19),21647,2,9.239155541183536,True,Cesar
20,2016,DANE_2005_2017,Hombre,(20 a 24),50483,7,13.866053919141098,False,Cesar
20,2016,DANE_2005_2017,Hombre,(25 a 29),45268,4,8.836264027569143,True,Cesar
20,2016,DANE_2005_2017,Hombre,(30 a 34),40375,5,12.38390092879257,False,Cesar
20,2016,DANE_2005_2017,Hombre,(35 a 39),36261,6,16.54670306941342,False,Cesar
20,2016,DANE_2005_2017,Hombre,(40 a 44),31898,4,12.539971158066336,True,Cesar
20,2016,DANE_2005_2017,Hombre,(45 a 49),28795,3,10.418475429762111,True,Cesar
20,2016,DANE_2005_2017,Hombre,(50 a 54),24851,2,8.047965876624684,True,Cesar
20,2016,DANE_2005_2017,Hombre,(55 a 59),19910,2,10.045203415369162,True,Cesar
20,2016,DANE_2005_2017,Hombre,(60 a 64),15707,1,6.366588145412873,True,Cesar
20,2016,DANE_2005_2017,Hombre,(65 a 69),12605,1,7.933359777865927,True,Cesar
20,2016,DANE_2005_2017,Hombre,(70 a 74),8643,1,11.570056693277797,True,Cesar
20,2016,DANE_2005_2017,Hombre,(75 a 79),5698,0,0.0,True,Cesar
20,2016,DANE_2005_2017,Hombre,(80 y más),6826,2,29.29973630237328,True,Cesar
20,2016,DANE_2005_2017,Mujer,(05 a 09),57807,0,0.0,True,Cesar
20,2016,DANE_2005_2017,Mujer,(10 a 14),56657,1,1.7650069717775385,True,Cesar
20,2016,DANE_2005_2017,Mujer,(15 a 17),32926,0,0.0,True,Cesar
20,2016,DANE_2005_2017,Mujer,(18 a 19),21168,0,0.0,True,Cesar
20,2016,DANE_2005_2017,Mujer,(20 a 24),50341,1,1.9864523946683619,True,Cesar
20,2016,DANE_2005_2017,Mujer,(25 a 29),46825,1,2.1356113187399894,True,Cesar
20,2016,DANE_2005_2017,Mujer,(30 a 34),42522,1,2.351723813555336,True,Cesar
20,2016,DANE_2005_2017,Mujer,(35 a 39),38822,1,2.575859048992839,True,Cesar
20,2016,DANE_2005_2017,Mujer,(40 a 44),34942,1,2.8618854101081794,True,Cesar
20,2016,DANE_2005_2017,Mujer,(45 a 49),31779,1,3.1467321186947355,True,Cesar
20,2016,DANE_2005_2017,Mujer,(50 a 54),27165,0,0.0,True,Cesar
20,2016,DANE_2005_2017,Mujer,(55 a 59),21840,0,0.0,True,Cesar
20,2016,DANE_2005_2017,Mujer,(60 a 64),17169,0,0.0,True,Cesar
20,2016,DANE_2005_2017,Mujer,(65 a 69),13059,0,0.0,True,Cesar
20,2016,DANE_2005_2017,Mujer,(70 a 74),8558,1,11.684973124561814,True,Cesar
20,2016,DANE_2005_2017,Mujer,(75 a 79),5505,0,0.0,True,Cesar
20,2016,DANE_2005_2017,Mujer,(80 y más),6929,0,0.0,True,Cesar
20,2017,DANE_2005_2017,Hombre,(05 a 09),61515,0,0.0,True,Cesar
20,2017,DANE_2005_2017,Hombre,(10 a 14),60086,2,3.3285623939020734,True,Cesar
20,2017,DANE_2005_2017,Hombre,(15 a 17),34583,2,5.7831882716941845,True,Cesar
20,2017,DANE_2005_2017,Hombre,(18 a 19),22085,1,4.527960153950645,True,Cesar
20,2017,DANE_2005_2017,Hombre,(20 a 24),51353,7,13.631141315989328,False,Cesar
20,2017,DANE_2005_2017,Hombre,(25 a 29),46731,3,6.419721384091931,True,Cesar
20,2017,DANE_2005_2017,Hombre,(30 a 34),41472,7,16.878858024691358,False,Cesar
20,2017,DANE_2005_2017,Hombre,(35 a 39),37437,5,13.355771028661485,False,Cesar
20,2017,DANE_2005_2017,Hombre,(40 a 44),32812,4,12.190661952944046,True,Cesar
20,2017,DANE_2005_2017,Hombre,(45 a 49),29537,3,10.156752547652097,True,Cesar
20,2017,DANE_2005_2017,Hombre,(50 a 54),25636,1,3.900764549851771,True,Cesar
20,2017,DANE_2005_2017,Hombre,(55 a 59),20887,5,23.93833484942787,False,Cesar
20,2017,DANE_2005_2017,Hombre,(60 a 64),16115,0,0.0,True,Cesar
20,2017,DANE_2005_2017,Hombre,(65 a 69),13121,1,7.621370322383965,True,Cesar
20,2017,DANE_2005_2017,Hombre,(70 a 74),9036,1,11.066843736166446,True,Cesar
20,2017,DANE_2005_2017,Hombre,(75 a 79),5900,2,33.898305084745765,True,Cesar
20,2017,DANE_2005_2017,Hombre,(80 y más),7105,2,28.149190710767066,True,Cesar
20,2017,DANE_2005_2017,Mujer,(05 a 09),58380,0,0.0,True,Cesar
20,2017,DANE_2005_2017,Mujer,(10 a 14),57340,0,0.0,True,Cesar
20,2017,DANE_2005_2017,Mujer,(15 a 17),33403,2,5.987486153938269,True,Cesar
20,2017,DANE_2005_2017,Mujer,(18 a 19),21562,0,0.0,True,Cesar
20,2017,DANE_2005_2017,Mujer,(20 a 24),51125,1,1.9559902200488997,True,Cesar
20,2017,DANE_2005_2017,Mujer,(25 a 29),48236,0,0.0,True,Cesar
20,2017,DANE_2005_2017,Mujer,(30 a 34),43690,1,2.288853284504463,True,Cesar
20,2017,DANE_2005_2017,Mujer,(35 a 39),39930,0,0.0,True,Cesar
20,2017,DANE_2005_2017,Mujer,(40 a 44),35830,1,2.790957298353335,True,Cesar
20,2017,DANE_2005_2017,Mujer,(45 a 49),32611,0,0.0,True,Cesar
20,2017,DANE_2005_2017,Mujer,(50 a 54),28152,1,3.552145495879511,True,Cesar
20,2017,DANE_2005_2017,Mujer,(55 a 59),22900,2,8.73362445414847,True,Cesar
20,2017,DANE_2005_2017,Mujer,(60 a 64),17839,2,11.211390773025393,True,Cesar
20,2017,DANE_2005_2017,Mujer,(65 a 69),13875,0,0.0,True,Cesar
20,2017,DANE_2005_2017,Mujer,(70 a 74),9149,0,0.0,True,Cesar
20,2017,DANE_2005_2017,Mujer,(75 a 79),5828,0,0.0,True,Cesar
20,2017,DANE_2005_2017,Mujer,(80 y más),7225,0,0.0,True,Cesar
20,2018,DANE_2018_2050,Hombre,(05 a 09),67756,1,1.4758840545486747,True,Cesar
20,2018,DANE_2018_2050,Hombre,(10 a 14),68542,4,5.835837880423682,True,Cesar
20,2018,DANE_2018_2050,Hombre,(15 a 17),37224,3,8.059316569954868,True,Cesar
20,2018,DANE_2018_2050,Hombre,(18 a 19),22338,0,0.0,True,Cesar
20,2018,DANE_2018_2050,Hombre,(20 a 24),49560,4,8.071025020177563,True,Cesar
20,2018,DANE_2018_2050,Hombre,(25 a 29),45370,5,11.020498126515319,False,Cesar
20,2018,DANE_2018_2050,Hombre,(30 a 34),40281,4,9.930240063553535,True,Cesar
20,2018,DANE_2018_2050,Hombre,(35 a 39),37158,6,16.147263038914904,False,Cesar
20,2018,DANE_2018_2050,Hombre,(40 a 44),32384,3,9.263833992094861,True,Cesar
20,2018,DANE_2018_2050,Hombre,(45 a 49),29015,4,13.785972772703776,True,Cesar
20,2018,DANE_2018_2050,Hombre,(50 a 54),25374,5,19.705210057539215,False,Cesar
20,2018,DANE_2018_2050,Hombre,(55 a 59),21155,3,14.181044670290712,True,Cesar
20,2018,DANE_2018_2050,Hombre,(60 a 64),16126,3,18.603497457522014,True,Cesar
20,2018,DANE_2018_2050,Hombre,(65 a 69),13051,4,30.648992414374376,True,Cesar
20,2018,DANE_2018_2050,Hombre,(70 a 74),9442,5,52.95488244016098,False,Cesar
20,2018,DANE_2018_2050,Hombre,(75 a 79),6634,3,45.221585770274345,True,Cesar
20,2018,DANE_2018_2050,Hombre,(80 y más),7352,2,27.20348204570185,True,Cesar
20,2018,DANE_2018_2050,Mujer,(05 a 09),64266,0,0.0,True,Cesar
20,2018,DANE_2018_2050,Mujer,(10 a 14),64923,2,3.0805723703464105,True,Cesar
20,2018,DANE_2018_2050,Mujer,(15 a 17),36265,1,2.757479663587481,True,Cesar
20,2018,DANE_2018_2050,Mujer,(18 a 19),22700,1,4.405286343612335,True,Cesar
20,2018,DANE_2018_2050,Mujer,(20 a 24),51646,1,1.936258374317469,True,Cesar
20,2018,DANE_2018_2050,Mujer,(25 a 29),47264,1,2.115775220040623,True,Cesar
20,2018,DANE_2018_2050,Mujer,(30 a 34),42951,0,0.0,True,Cesar
20,2018,DANE_2018_2050,Mujer,(35 a 39),40050,0,0.0,True,Cesar
20,2018,DANE_2018_2050,Mujer,(40 a 44),34996,2,5.7149388501543035,True,Cesar
20,2018,DANE_2018_2050,Mujer,(45 a 49),31057,1,3.219886016035032,True,Cesar
20,2018,DANE_2018_2050,Mujer,(50 a 54),27494,1,3.6371571979340946,True,Cesar
20,2018,DANE_2018_2050,Mujer,(55 a 59),22807,0,0.0,True,Cesar
20,2018,DANE_2018_2050,Mujer,(60 a 64),17695,1,5.651313930488838,True,Cesar
20,2018,DANE_2018_2050,Mujer,(65 a 69),14024,0,0.0,True,Cesar
20,2018,DANE_2018_2050,Mujer,(70 a 74),9618,0,0.0,True,Cesar
20,2018,DANE_2018_2050,Mujer,(75 a 79),6840,0,0.0,True,Cesar
20,2018,DANE_2018_2050,Mujer,(80 y más),8337,0,0.0,True,Cesar
20,2019,DANE_2018_2050,Hombre,(05 a 09),68853,0,0.0,True,Cesar
20,2019,DANE_2018_2050,Hombre,(10 a 14),70504,3,4.255077726086463,True,Cesar
20,2019,DANE_2018_2050,Hombre,(15 a 17),39131,2,5.1110372850169945,True,Cesar
20,2019,DANE_2018_2050,Hombre,(18 a 19),24159,3,12.417732522041476,True,Cesar
20,2019,DANE_2018_2050,Hombre,(20 a 24),52874,4,7.565154896546507,True,Cesar
20,2019,DANE_2018_2050,Hombre,(25 a 29),48374,6,12.403357175342126,False,Cesar
20,2019,DANE_2018_2050,Hombre,(30 a 34),42570,4,9.396288466055907,True,Cesar
20,2019,DANE_2018_2050,Hombre,(35 a 39),38899,5,12.853800868916938,False,Cesar
20,2019,DANE_2018_2050,Hombre,(40 a 44),34154,3,8.78374421736839,True,Cesar
20,2019,DANE_2018_2050,Hombre,(45 a 49),29935,2,6.681142475363287,True,Cesar
20,2019,DANE_2018_2050,Hombre,(50 a 54),26305,6,22.80935183425204,False,Cesar
20,2019,DANE_2018_2050,Hombre,(55 a 59),22087,3,13.582650427853489,True,Cesar
20,2019,DANE_2018_2050,Hombre,(60 a 64),17035,2,11.740534194305841,True,Cesar
20,2019,DANE_2018_2050,Hombre,(65 a 69),13454,4,29.73093503790694,True,Cesar
20,2019,DANE_2018_2050,Hombre,(70 a 74),9976,4,40.0962309542903,True,Cesar
20,2019,DANE_2018_2050,Hombre,(75 a 79),6744,2,29.65599051008304,True,Cesar
20,2019,DANE_2018_2050,Hombre,(80 y más),7558,3,39.693040486901296,True,Cesar
20,2019,DANE_2018_2050,Mujer,(05 a 09),65496,0,0.0,True,Cesar
20,2019,DANE_2018_2050,Mujer,(10 a 14),66486,0,0.0,True,Cesar
20,2019,DANE_2018_2050,Mujer,(15 a 17),37964,0,0.0,True,Cesar
20,2019,DANE_2018_2050,Mujer,(18 a 19),24084,0,0.0,True,Cesar
20,2019,DANE_2018_2050,Mujer,(20 a 24),55176,1,1.812382195157315,True,Cesar
20,2019,DANE_2018_2050,Mujer,(25 a 29),50483,1,1.9808648455915854,True,Cesar
20,2019,DANE_2018_2050,Mujer,(30 a 34),45011,2,4.44335829019573,True,Cesar
20,2019,DANE_2018_2050,Mujer,(35 a 39),41799,0,0.0,True,Cesar
20,2019,DANE_2018_2050,Mujer,(40 a 44),36868,0,0.0,True,Cesar
20,2019,DANE_2018_2050,Mujer,(45 a 49),32158,0,0.0,True,Cesar
20,2019,DANE_2018_2050,Mujer,(50 a 54),28420,1,3.518648838845883,True,Cesar
20,2019,DANE_2018_2050,Mujer,(55 a 59),23919,1,4.180776788327271,True,Cesar
20,2019,DANE_2018_2050,Mujer,(60 a 64),18741,0,0.0,True,Cesar
20,2019,DANE_2018_2050,Mujer,(65 a 69),14646,0,0.0,True,Cesar
20,2019,DANE_2018_2050,Mujer,(70 a 74),10324,0,0.0,True,Cesar
20,2019,DANE_2018_2050,Mujer,(75 a 79),6955,0,0.0,True,Cesar
20,2019,DANE_2018_2050,Mujer,(80 y más),8593,0,0.0,True,Cesar
20,2020,DANE_2018_2050,Hombre,(05 a 09),70425,0,0.0,True,Cesar
20,2020,DANE_2018_2050,Hombre,(10 a 14),72179,4,5.541778079496806,True,Cesar
20,2020,DANE_2018_2050,Hombre,(15 a 17),41183,2,4.856372775174223,True,Cesar
20,2020,DANE_2018_2050,Hombre,(18 a 19),25773,3,11.640088464672331,True,Cesar
20,2020,DANE_2018_2050,Hombre,(20 a 24),56846,5,8.795693628399535,False,Cesar
20,2020,DANE_2018_2050,Hombre,(25 a 29),51682,7,13.544367478038774,False,Cesar
20,2020,DANE_2018_2050,Hombre,(30 a 34),45360,4,8.818342151675486,True,Cesar
20,2020,DANE_2018_2050,Hombre,(35 a 39),40812,6,14.701558365186708,False,Cesar
20,2020,DANE_2018_2050,Hombre,(40 a 44),36166,5,13.825139633910302,False,Cesar
20,2020,DANE_2018_2050,Hombre,(45 a 49),31044,3,9.663703131039814,True,Cesar
20,2020,DANE_2018_2050,Hombre,(50 a 54),27300,4,14.652014652014651,True,Cesar
20,2020,DANE_2018_2050,Hombre,(55 a 59),23004,1,4.347070074769605,True,Cesar
20,2020,DANE_2018_2050,Hombre,(60 a 64),18016,5,27.75310834813499,False,Cesar
20,2020,DANE_2018_2050,Hombre,(65 a 69),13901,3,21.581181209984894,True,Cesar
20,2020,DANE_2018_2050,Hombre,(70 a 74),10546,2,18.964536317087045,True,Cesar
20,2020,DANE_2018_2050,Hombre,(75 a 79),6906,1,14.480162177816391,True,Cesar
20,2020,DANE_2018_2050,Hombre,(80 y más),7777,2,25.716857400025717,True,Cesar
20,2020,DANE_2018_2050,Mujer,(05 a 09),67076,0,0.0,True,Cesar
20,2020,DANE_2018_2050,Mujer,(10 a 14),68022,3,4.410337831877922,True,Cesar
20,2020,DANE_2018_2050,Mujer,(15 a 17),39602,3,7.575374981061562,True,Cesar
20,2020,DANE_2018_2050,Mujer,(18 a 19),25506,0,0.0,True,Cesar
20,2020,DANE_2018_2050,Mujer,(20 a 24),59269,1,1.6872226627748061,True,Cesar
20,2020,DANE_2018_2050,Mujer,(25 a 29),53941,3,5.561632153649358,True,Cesar
20,2020,DANE_2018_2050,Mujer,(30 a 34),47610,0,0.0,True,Cesar
20,2020,DANE_2018_2050,Mujer,(35 a 39),43622,2,4.584842510659759,True,Cesar
20,2020,DANE_2018_2050,Mujer,(40 a 44),39024,0,0.0,True,Cesar
20,2020,DANE_2018_2050,Mujer,(45 a 49),33402,0,0.0,True,Cesar
20,2020,DANE_2018_2050,Mujer,(50 a 54),29472,0,0.0,True,Cesar
20,2020,DANE_2018_2050,Mujer,(55 a 59),25009,0,0.0,True,Cesar
20,2020,DANE_2018_2050,Mujer,(60 a 64),19868,0,0.0,True,Cesar
20,2020,DANE_2018_2050,Mujer,(65 a 69),15271,0,0.0,True,Cesar
20,2020,DANE_2018_2050,Mujer,(70 a 74),11122,0,0.0,True,Cesar
20,2020,DANE_2018_2050,Mujer,(75 a 79),7150,0,0.0,True,Cesar
20,2020,DANE_2018_2050,Mujer,(80 y más),8903,0,0.0,True,Cesar
20,2021,DANE_2018_2050,Hombre,(05 a 09),71251,0,0.0,True,Cesar
20,2021,DANE_2018_2050,Hombre,(10 a 14),72893,1,1.3718738424814454,True,Cesar
20,2021,DANE_2018_2050,Hombre,(15 a 17),42634,2,4.69109161701928,True,Cesar
20,2021,DANE_2018_2050,Hombre,(18 a 19),26784,2,7.467144563918757,True,Cesar
20,2021,DANE_2018_2050,Hombre,(20 a 24),60185,10,16.615435739802276,False,Cesar
20,2021,DANE_2018_2050,Hombre,(25 a 29),53864,3,5.569582652606565,True,Cesar
20,2021,DANE_2018_2050,Hombre,(30 a 34),47551,6,12.618031166536982,False,Cesar
20,2021,DANE_2018_2050,Hombre,(35 a 39),42208,3,7.107657316148598,True,Cesar
20,2021,DANE_2018_2050,Hombre,(40 a 44),37756,2,5.297171310520182,True,Cesar
20,2021,DANE_2018_2050,Hombre,(45 a 49),32011,4,12.495704601543219,True,Cesar
20,2021,DANE_2018_2050,Hombre,(50 a 54),28126,4,14.221716561188936,True,Cesar
20,2021,DANE_2018_2050,Hombre,(55 a 59),23712,2,8.434547908232119,True,Cesar
20,2021,DANE_2018_2050,Hombre,(60 a 64),18923,7,36.99202029276542,False,Cesar
20,2021,DANE_2018_2050,Hombre,(65 a 69),14314,5,34.93083694285315,False,Cesar
20,2021,DANE_2018_2050,Hombre,(70 a 74),10993,4,36.38679159465114,True,Cesar
20,2021,DANE_2018_2050,Hombre,(75 a 79),7050,2,28.368794326241133,True,Cesar
20,2021,DANE_2018_2050,Hombre,(80 y más),7798,0,0.0,True,Cesar
20,2021,DANE_2018_2050,Mujer,(05 a 09),67954,0,0.0,True,Cesar
20,2021,DANE_2018_2050,Mujer,(10 a 14),68720,0,0.0,True,Cesar
20,2021,DANE_2018_2050,Mujer,(15 a 17),40670,1,2.4588148512417014,True,Cesar
20,2021,DANE_2018_2050,Mujer,(18 a 19),26417,1,3.785441193171064,True,Cesar
20,2021,DANE_2018_2050,Mujer,(20 a 24),62295,1,1.6052652700858816,True,Cesar
20,2021,DANE_2018_2050,Mujer,(25 a 29),56347,0,0.0,True,Cesar
20,2021,DANE_2018_2050,Mujer,(30 a 34),49639,1,2.0145450150083604,True,Cesar
20,2021,DANE_2018_2050,Mujer,(35 a 39),45022,0,0.0,True,Cesar
20,2021,DANE_2018_2050,Mujer,(40 a 44),40703,0,0.0,True,Cesar
20,2021,DANE_2018_2050,Mujer,(45 a 49),34605,1,2.889755815633579,True,Cesar
20,2021,DANE_2018_2050,Mujer,(50 a 54),30279,1,3.3026189768486414,True,Cesar
20,2021,DANE_2018_2050,Mujer,(55 a 59),25936,1,3.8556446637877855,True,Cesar
20,2021,DANE_2018_2050,Mujer,(60 a 64),20883,1,4.788584015706555,True,Cesar
20,2021,DANE_2018_2050,Mujer,(65 a 69),15898,0,0.0,True,Cesar
20,2021,DANE_2018_2050,Mujer,(70 a 74),11794,1,8.478887569950823,True,Cesar
20,2021,DANE_2018_2050,Mujer,(75 a 79),7342,0,0.0,True,Cesar
20,2021,DANE_2018_2050,Mujer,(80 y más),9009,0,0.0,True,Cesar
20,2022,DANE_2018_2050,Hombre,(05 a 09),71831,0,0.0,True,Cesar
20,2022,DANE_2018_2050,Hombre,(10 a 14),72998,3,4.109701635661251,True,Cesar
20,2022,DANE_2018_2050,Hombre,(15 a 17),43764,2,4.569966182250251,True,Cesar
20,2022,DANE_2018_2050,Hombre,(18 a 19),27676,1,3.6132389073565547,True,Cesar
20,2022,DANE_2018_2050,Hombre,(20 a 24),63015,13,20.630008728080615,False,Cesar
20,2022,DANE_2018_2050,Hombre,(25 a 29),55534,8,14.405589368675045,False,Cesar
20,2022,DANE_2018_2050,Hombre,(30 a 34),49480,7,14.147130153597415,False,Cesar
20,2022,DANE_2018_2050,Hombre,(35 a 39),43408,7,16.126059712495394,False,Cesar
20,2022,DANE_2018_2050,Hombre,(40 a 44),39038,3,7.684819919053231,True,Cesar
20,2022,DANE_2018_2050,Hombre,(45 a 49),33038,5,15.134088019855925,False,Cesar
20,2022,DANE_2018_2050,Hombre,(50 a 54),28802,6,20.83188667453649,False,Cesar
20,2022,DANE_2018_2050,Hombre,(55 a 59),24343,1,4.107957112927741,True,Cesar
20,2022,DANE_2018_2050,Hombre,(60 a 64),19748,3,15.191411788535548,True,Cesar
20,2022,DANE_2018_2050,Hombre,(65 a 69),14799,2,13.514426650449353,True,Cesar
20,2022,DANE_2018_2050,Hombre,(70 a 74),11363,4,35.20197131039338,True,Cesar
20,2022,DANE_2018_2050,Hombre,(75 a 79),7223,1,13.844662882458813,True,Cesar
20,2022,DANE_2018_2050,Hombre,(80 y más),7807,5,64.0450877417702,False,Cesar
20,2022,DANE_2018_2050,Mujer,(05 a 09),68473,0,0.0,True,Cesar
20,2022,DANE_2018_2050,Mujer,(10 a 14),68938,3,4.351736342800778,True,Cesar
20,2022,DANE_2018_2050,Mujer,(15 a 17),41470,4,9.645526886906197,True,Cesar
20,2022,DANE_2018_2050,Mujer,(18 a 19),27041,1,3.698088088458267,True,Cesar
20,2022,DANE_2018_2050,Mujer,(20 a 24),64711,1,1.545332323716215,True,Cesar
20,2022,DANE_2018_2050,Mujer,(25 a 29),58248,1,1.7167971432495537,True,Cesar
20,2022,DANE_2018_2050,Mujer,(30 a 34),51558,2,3.8791264207300515,True,Cesar
20,2022,DANE_2018_2050,Mujer,(35 a 39),46169,4,8.663822045095193,True,Cesar
20,2022,DANE_2018_2050,Mujer,(40 a 44),42147,2,4.745296225116853,True,Cesar
20,2022,DANE_2018_2050,Mujer,(45 a 49),35808,1,2.7926720285969617,True,Cesar
20,2022,DANE_2018_2050,Mujer,(50 a 54),31024,1,3.2233109850438373,True,Cesar
20,2022,DANE_2018_2050,Mujer,(55 a 59),26745,0,0.0,True,Cesar
20,2022,DANE_2018_2050,Mujer,(60 a 64),21847,0,0.0,True,Cesar
20,2022,DANE_2018_2050,Mujer,(65 a 69),16573,1,6.033910577445242,True,Cesar
20,2022,DANE_2018_2050,Mujer,(70 a 74),12392,0,0.0,True,Cesar
20,2022,DANE_2018_2050,Mujer,(75 a 79),7643,0,0.0,True,Cesar
20,2022,DANE_2018_2050,Mujer,(80 y más),9091,0,0.0,True,Cesar
20,2023,DANE_2018_2050,Hombre,(05 a 09),72464,0,0.0,True,Cesar
20,2023,DANE_2018_2050,Hombre,(10 a 14),73125,2,2.735042735042735,True,Cesar
20,2023,DANE_2018_2050,Hombre,(15 a 17),44396,2,4.504910352283989,True,Cesar
20,2023,DANE_2018_2050,Hombre,(18 a 19),28540,3,10.51156271899089,True,Cesar
20,2023,DANE_2018_2050,Hombre,(20 a 24),65755,5,7.603984487871645,False,Cesar
20,2023,DANE_2018_2050,Hombre,(25 a 29),57181,10,17.488326542033192,False,Cesar
20,2023,DANE_2018_2050,Hombre,(30 a 34),51453,7,13.604648902882243,False,Cesar
20,2023,DANE_2018_2050,Hombre,(35 a 39),44642,2,4.480086017651539,True,Cesar
20,2023,DANE_2018_2050,Hombre,(40 a 44),40272,1,2.483114819229241,True,Cesar
20,2023,DANE_2018_2050,Hombre,(45 a 49),34170,5,14.63271875914545,False,Cesar
20,2023,DANE_2018_2050,Hombre,(50 a 54),29467,5,16.968133844639766,False,Cesar
20,2023,DANE_2018_2050,Hombre,(55 a 59),24987,0,0.0,True,Cesar
20,2023,DANE_2018_2050,Hombre,(60 a 64),20555,8,38.919970810021894,False,Cesar
20,2023,DANE_2018_2050,Hombre,(65 a 69),15410,5,32.44646333549643,False,Cesar
20,2023,DANE_2018_2050,Hombre,(70 a 74),11676,6,51.38746145940391,False,Cesar
20,2023,DANE_2018_2050,Hombre,(75 a 79),7524,2,26.581605528973952,True,Cesar
20,2023,DANE_2018_2050,Hombre,(80 y más),7846,8,101.96278358399185,False,Cesar
20,2023,DANE_2018_2050,Mujer,(05 a 09),68863,0,0.0,True,Cesar
20,2023,DANE_2018_2050,Mujer,(10 a 14),69161,4,5.783606367750611,True,Cesar
20,2023,DANE_2018_2050,Mujer,(15 a 17),42007,2,4.761111243364201,True,Cesar
20,2023,DANE_2018_2050,Mujer,(18 a 19),27531,1,3.6322690784933345,True,Cesar
20,2023,DANE_2018_2050,Mujer,(20 a 24),66668,4,5.9998800023999515,True,Cesar
20,2023,DANE_2018_2050,Mujer,(25 a 29),60294,1,1.6585398215411151,True,Cesar
20,2023,DANE_2018_2050,Mujer,(30 a 34),53575,3,5.599626691553897,True,Cesar
20,2023,DANE_2018_2050,Mujer,(35 a 39),47319,2,4.226632008284199,True,Cesar
20,2023,DANE_2018_2050,Mujer,(40 a 44),43476,1,2.3001196062195235,True,Cesar
20,2023,DANE_2018_2050,Mujer,(45 a 49),37188,0,0.0,True,Cesar
20,2023,DANE_2018_2050,Mujer,(50 a 54),31758,0,0.0,True,Cesar
20,2023,DANE_2018_2050,Mujer,(55 a 59),27480,2,7.27802037845706,True,Cesar
20,2023,DANE_2018_2050,Mujer,(60 a 64),22822,0,0.0,True,Cesar
20,2023,DANE_2018_2050,Mujer,(65 a 69),17388,0,0.0,True,Cesar
20,2023,DANE_2018_2050,Mujer,(70 a 74),12920,4,30.959752321981426,True,Cesar
20,2023,DANE_2018_2050,Mujer,(75 a 79),8077,0,0.0,True,Cesar
20,2023,DANE_2018_2050,Mujer,(80 y más),9224,0,0.0,True,Cesar
20,2024,DANE_2018_2050,Hombre,(05 a 09),72501,0,0.0,True,Cesar
20,2024,DANE_2018_2050,Hombre,(10 a 14),73256,2,2.7301517964398823,True,Cesar
20,2024,DANE_2018_2050,Hombre,(15 a 17),44727,2,4.471571981129967,True,Cesar
20,2024,DANE_2018_2050,Hombre,(18 a 19),29288,2,6.828735318219065,True,Cesar
20,2024,DANE_2018_2050,Hombre,(20 a 24),68220,6,8.795074758135444,False,Cesar
20,2024,DANE_2018_2050,Hombre,(25 a 29),59125,6,10.14799154334038,False,Cesar
20,2024,DANE_2018_2050,Hombre,(30 a 34),53306,4,7.503845720931977,True,Cesar
20,2024,DANE_2018_2050,Hombre,(35 a 39),46055,4,8.685267614808382,True,Cesar
20,2024,DANE_2018_2050,Hombre,(40 a 44),41411,4,9.65926927627925,True,Cesar
20,2024,DANE_2018_2050,Hombre,(45 a 49),35503,1,2.816663380559389,True,Cesar
20,2024,DANE_2018_2050,Hombre,(50 a 54),30087,4,13.294778475753647,True,Cesar
20,2024,DANE_2018_2050,Hombre,(55 a 59),25676,4,15.578750584203146,True,Cesar
20,2024,DANE_2018_2050,Hombre,(60 a 64),21330,4,18.75293014533521,True,Cesar
20,2024,DANE_2018_2050,Hombre,(65 a 69),16168,4,24.740227610094017,True,Cesar
20,2024,DANE_2018_2050,Hombre,(70 a 74),11987,3,25.027112705430884,True,Cesar
20,2024,DANE_2018_2050,Hombre,(75 a 79),7922,3,37.86922494319616,True,Cesar
20,2024,DANE_2018_2050,Hombre,(80 y más),7996,0,0.0,True,Cesar
20,2024,DANE_2018_2050,Mujer,(05 a 09),68754,0,0.0,True,Cesar
20,2024,DANE_2018_2050,Mujer,(10 a 14),69466,2,2.879106325396597,True,Cesar
20,2024,DANE_2018_2050,Mujer,(15 a 17),42203,1,2.3694997985925172,True,Cesar
20,2024,DANE_2018_2050,Mujer,(18 a 19),28014,0,0.0,True,Cesar
20,2024,DANE_2018_2050,Mujer,(20 a 24),68335,1,1.463378941977025,True,Cesar
20,2024,DANE_2018_2050,Mujer,(25 a 29),62395,0,0.0,True,Cesar
20,2024,DANE_2018_2050,Mujer,(30 a 34),55672,3,5.388705273746228,True,Cesar
20,2024,DANE_2018_2050,Mujer,(35 a 39),48543,1,2.0600292524153843,True,Cesar
20,2024,DANE_2018_2050,Mujer,(40 a 44),44648,1,2.2397419817237054,True,Cesar
20,2024,DANE_2018_2050,Mujer,(45 a 49),38639,2,5.176117394342503,True,Cesar
20,2024,DANE_2018_2050,Mujer,(50 a 54),32563,0,0.0,True,Cesar
20,2024,DANE_2018_2050,Mujer,(55 a 59),28149,2,7.105048136701127,True,Cesar
20,2024,DANE_2018_2050,Mujer,(60 a 64),23750,1,4.2105263157894735,True,Cesar
20,2024,DANE_2018_2050,Mujer,(65 a 69),18267,0,0.0,True,Cesar
20,2024,DANE_2018_2050,Mujer,(70 a 74),13417,0,0.0,True,Cesar
20,2024,DANE_2018_2050,Mujer,(75 a 79),8606,0,0.0,True,Cesar
20,2024,DANE_2018_2050,Mujer,(80 y más),9396,0,0.0,True,Cesar
23,2015,DANE_2005_2017,Hombre,(05 a 09),81842,0,0.0,True,Córdoba
23,2015,DANE_2005_2017,Hombre,(10 a 14),81788,0,0.0,True,Córdoba
23,2015,DANE_2005_2017,Hombre,(15 a 17),48541,2,4.12022826064564,True,Córdoba
23,2015,DANE_2005_2017,Hombre,(18 a 19),31607,1,3.1638561078242162,True,Córdoba
23,2015,DANE_2005_2017,Hombre,(20 a 24),74329,4,5.381479637826421,True,Córdoba
23,2015,DANE_2005_2017,Hombre,(25 a 29),64841,5,7.71117040144353,False,Córdoba
23,2015,DANE_2005_2017,Hombre,(30 a 34),59540,4,6.718172657037286,True,Córdoba
23,2015,DANE_2005_2017,Hombre,(35 a 39),55290,2,3.6172906493036714,True,Córdoba
23,2015,DANE_2005_2017,Hombre,(40 a 44),51991,1,1.9234098209305457,True,Córdoba
23,2015,DANE_2005_2017,Hombre,(45 a 49),49828,2,4.013807497792405,True,Córdoba
23,2015,DANE_2005_2017,Hombre,(50 a 54),44347,3,6.764831893927436,True,Córdoba
23,2015,DANE_2005_2017,Hombre,(55 a 59),36916,1,2.708852530068263,True,Córdoba
23,2015,DANE_2005_2017,Hombre,(60 a 64),28346,2,7.055669230226487,True,Córdoba
23,2015,DANE_2005_2017,Hombre,(65 a 69),22694,2,8.812902088657795,True,Córdoba
23,2015,DANE_2005_2017,Hombre,(70 a 74),17615,1,5.676979846721544,True,Córdoba
23,2015,DANE_2005_2017,Hombre,(75 a 79),12221,1,8.182636445462729,True,Córdoba
23,2015,DANE_2005_2017,Hombre,(80 y más),16283,0,0.0,True,Córdoba
23,2015,DANE_2005_2017,Mujer,(05 a 09),78754,0,0.0,True,Córdoba
23,2015,DANE_2005_2017,Mujer,(10 a 14),79535,2,2.514616206701452,True,Córdoba
23,2015,DANE_2005_2017,Mujer,(15 a 17),47942,0,0.0,True,Córdoba
23,2015,DANE_2005_2017,Mujer,(18 a 19),31295,1,3.1953986259785907,True,Córdoba
23,2015,DANE_2005_2017,Mujer,(20 a 24),73992,0,0.0,True,Córdoba
23,2015,DANE_2005_2017,Mujer,(25 a 29),66802,0,0.0,True,Córdoba
23,2015,DANE_2005_2017,Mujer,(30 a 34),62701,0,0.0,True,Córdoba
23,2015,DANE_2005_2017,Mujer,(35 a 39),58501,0,0.0,True,Córdoba
23,2015,DANE_2005_2017,Mujer,(40 a 44),54597,0,0.0,True,Córdoba
23,2015,DANE_2005_2017,Mujer,(45 a 49),51605,2,3.8755934502470692,True,Córdoba
23,2015,DANE_2005_2017,Mujer,(50 a 54),45833,0,0.0,True,Córdoba
23,2015,DANE_2005_2017,Mujer,(55 a 59),38111,0,0.0,True,Córdoba
23,2015,DANE_2005_2017,Mujer,(60 a 64),29112,0,0.0,True,Córdoba
23,2015,DANE_2005_2017,Mujer,(65 a 69),22999,1,4.348015131092656,True,Córdoba
23,2015,DANE_2005_2017,Mujer,(70 a 74),17472,1,5.7234432234432235,True,Córdoba
23,2015,DANE_2005_2017,Mujer,(75 a 79),11818,0,0.0,True,Córdoba
23,2015,DANE_2005_2017,Mujer,(80 y más),16064,0,0.0,True,Córdoba
23,2016,DANE_2005_2017,Hombre,(05 a 09),81924,0,0.0,True,Córdoba
23,2016,DANE_2005_2017,Hombre,(10 a 14),81733,2,2.446992035040926,True,Córdoba
23,2016,DANE_2005_2017,Hombre,(15 a 17),48573,1,2.058756922570152,True,Córdoba
23,2016,DANE_2005_2017,Hombre,(18 a 19),31636,2,6.321911746112024,True,Córdoba
23,2016,DANE_2005_2017,Hombre,(20 a 24),74631,3,4.01977730433734,True,Córdoba
23,2016,DANE_2005_2017,Hombre,(25 a 29),65639,4,6.093938055119669,True,Córdoba
23,2016,DANE_2005_2017,Hombre,(30 a 34),59905,2,3.3386194808446708,True,Córdoba
23,2016,DANE_2005_2017,Hombre,(35 a 39),55946,4,7.149751546133771,True,Córdoba
23,2016,DANE_2005_2017,Hombre,(40 a 44),52150,2,3.835091083413231,True,Córdoba
23,2016,DANE_2005_2017,Hombre,(45 a 49),50307,0,0.0,True,Córdoba
23,2016,DANE_2005_2017,Hombre,(50 a 54),45434,2,4.401989699344104,True,Córdoba
23,2016,DANE_2005_2017,Hombre,(55 a 59),38101,7,18.37222120154327,False,Córdoba
23,2016,DANE_2005_2017,Hombre,(60 a 64),29777,2,6.716593343855997,True,Córdoba
23,2016,DANE_2005_2017,Hombre,(65 a 69),22950,1,4.357298474945534,True,Córdoba
23,2016,DANE_2005_2017,Hombre,(70 a 74),18256,1,5.4776511831726555,True,Córdoba
23,2016,DANE_2005_2017,Hombre,(75 a 79),12553,1,7.966223213574445,True,Córdoba
23,2016,DANE_2005_2017,Hombre,(80 y más),16844,1,5.936832106388032,True,Córdoba
23,2016,DANE_2005_2017,Mujer,(05 a 09),78672,0,0.0,True,Córdoba
23,2016,DANE_2005_2017,Mujer,(10 a 14),79211,2,2.524901844440797,True,Córdoba
23,2016,DANE_2005_2017,Mujer,(15 a 17),47758,2,4.187780057791365,True,Córdoba
23,2016,DANE_2005_2017,Mujer,(18 a 19),31307,0,0.0,True,Córdoba
23,2016,DANE_2005_2017,Mujer,(20 a 24),74303,0,0.0,True,Córdoba
23,2016,DANE_2005_2017,Mujer,(25 a 29),67445,0,0.0,True,Córdoba
23,2016,DANE_2005_2017,Mujer,(30 a 34),63155,0,0.0,True,Córdoba
23,2016,DANE_2005_2017,Mujer,(35 a 39),59315,0,0.0,True,Córdoba
23,2016,DANE_2005_2017,Mujer,(40 a 44),54904,0,0.0,True,Córdoba
23,2016,DANE_2005_2017,Mujer,(45 a 49),52284,0,0.0,True,Córdoba
23,2016,DANE_2005_2017,Mujer,(50 a 54),46928,1,2.130923968632799,True,Córdoba
23,2016,DANE_2005_2017,Mujer,(55 a 59),39474,0,0.0,True,Córdoba
23,2016,DANE_2005_2017,Mujer,(60 a 64),30708,1,3.2564803959880164,True,Córdoba
23,2016,DANE_2005_2017,Mujer,(65 a 69),23495,0,0.0,True,Córdoba
23,2016,DANE_2005_2017,Mujer,(70 a 74),18338,0,0.0,True,Córdoba
23,2016,DANE_2005_2017,Mujer,(75 a 79),12335,0,0.0,True,Córdoba
23,2016,DANE_2005_2017,Mujer,(80 y más),16709,0,0.0,True,Córdoba
23,2017,DANE_2005_2017,Hombre,(05 a 09),82123,0,0.0,True,Córdoba
23,2017,DANE_2005_2017,Hombre,(10 a 14),81732,1,1.2235109871286642,True,Córdoba
23,2017,DANE_2005_2017,Hombre,(15 a 17),48597,1,2.0577401897236456,True,Córdoba
23,2017,DANE_2005_2017,Hombre,(18 a 19),31710,0,0.0,True,Córdoba
23,2017,DANE_2005_2017,Hombre,(20 a 24),74795,10,13.36987766561936,False,Córdoba
23,2017,DANE_2005_2017,Hombre,(25 a 29),66512,9,13.531392831368775,False,Córdoba
23,2017,DANE_2005_2017,Hombre,(30 a 34),60293,9,14.927105965866684,False,Córdoba
23,2017,DANE_2005_2017,Hombre,(35 a 39),56649,5,8.826281134706703,False,Córdoba
23,2017,DANE_2005_2017,Hombre,(40 a 44),52451,1,1.9065413433490304,True,Córdoba
23,2017,DANE_2005_2017,Hombre,(45 a 49),50640,0,0.0,True,Córdoba
23,2017,DANE_2005_2017,Hombre,(50 a 54),46434,4,8.614377395873714,True,Córdoba
23,2017,DANE_2005_2017,Hombre,(55 a 59),39312,6,15.262515262515263,False,Córdoba
23,2017,DANE_2005_2017,Hombre,(60 a 64),31223,2,6.4055343817057935,True,Córdoba
23,2017,DANE_2005_2017,Hombre,(65 a 69),23379,3,12.832028743744385,True,Córdoba
23,2017,DANE_2005_2017,Hombre,(70 a 74),18854,0,0.0,True,Córdoba
23,2017,DANE_2005_2017,Hombre,(75 a 79),12932,1,7.732755954222085,True,Córdoba
23,2017,DANE_2005_2017,Hombre,(80 y más),17398,2,11.495574203931486,True,Córdoba
23,2017,DANE_2005_2017,Mujer,(05 a 09),78674,0,0.0,True,Córdoba
23,2017,DANE_2005_2017,Mujer,(10 a 14),78965,0,0.0,True,Córdoba
23,2017,DANE_2005_2017,Mujer,(15 a 17),47551,1,2.10300519442283,True,Córdoba
23,2017,DANE_2005_2017,Mujer,(18 a 19),31285,0,0.0,True,Córdoba
23,2017,DANE_2005_2017,Mujer,(20 a 24),74554,0,0.0,True,Córdoba
23,2017,DANE_2005_2017,Mujer,(25 a 29),68192,0,0.0,True,Córdoba
23,2017,DANE_2005_2017,Mujer,(30 a 34),63640,0,0.0,True,Córdoba
23,2017,DANE_2005_2017,Mujer,(35 a 39),60148,1,1.662565671344018,True,Córdoba
23,2017,DANE_2005_2017,Mujer,(40 a 44),55357,0,0.0,True,Córdoba
23,2017,DANE_2005_2017,Mujer,(45 a 49),52814,0,0.0,True,Córdoba
23,2017,DANE_2005_2017,Mujer,(50 a 54),47935,1,2.0861583394179615,True,Córdoba
23,2017,DANE_2005_2017,Mujer,(55 a 59),40820,0,0.0,True,Córdoba
23,2017,DANE_2005_2017,Mujer,(60 a 64),32324,0,0.0,True,Córdoba
23,2017,DANE_2005_2017,Mujer,(65 a 69),24148,0,0.0,True,Córdoba
23,2017,DANE_2005_2017,Mujer,(70 a 74),19163,0,0.0,True,Córdoba
23,2017,DANE_2005_2017,Mujer,(75 a 79),12928,0,0.0,True,Córdoba
23,2017,DANE_2005_2017,Mujer,(80 y más),17363,0,0.0,True,Córdoba
23,2018,DANE_2018_2050,Hombre,(05 a 09),90295,0,0.0,True,Córdoba
23,2018,DANE_2018_2050,Hombre,(10 a 14),93851,1,1.0655187478023675,True,Córdoba
23,2018,DANE_2018_2050,Hombre,(15 a 17),55776,6,10.757314974182444,False,Córdoba
23,2018,DANE_2018_2050,Hombre,(18 a 19),32710,1,3.057169061449098,True,Córdoba
23,2018,DANE_2018_2050,Hombre,(20 a 24),70006,5,7.14224495043282,False,Córdoba
23,2018,DANE_2018_2050,Hombre,(25 a 29),61727,5,8.10018306413725,False,Córdoba
23,2018,DANE_2018_2050,Hombre,(30 a 34),55813,2,3.5833945496568895,True,Córdoba
23,2018,DANE_2018_2050,Hombre,(35 a 39),54124,0,0.0,True,Córdoba
23,2018,DANE_2018_2050,Hombre,(40 a 44),49824,0,0.0,True,Córdoba
23,2018,DANE_2018_2050,Hombre,(45 a 49),48159,1,2.076455075894433,True,Córdoba
23,2018,DANE_2018_2050,Hombre,(50 a 54),45461,1,2.1996876443545017,True,Córdoba
23,2018,DANE_2018_2050,Hombre,(55 a 59),38458,0,0.0,True,Córdoba
23,2018,DANE_2018_2050,Hombre,(60 a 64),30758,1,3.2511866831393457,True,Córdoba
23,2018,DANE_2018_2050,Hombre,(65 a 69),23892,6,25.113008538422907,False,Córdoba
23,2018,DANE_2018_2050,Hombre,(70 a 74),18555,1,5.3893829156561575,True,Córdoba
23,2018,DANE_2018_2050,Hombre,(75 a 79),14013,5,35.681153214871905,False,Córdoba
23,2018,DANE_2018_2050,Hombre,(80 y más),16822,0,0.0,True,Córdoba
23,2018,DANE_2018_2050,Mujer,(05 a 09),85675,0,0.0,True,Córdoba
23,2018,DANE_2018_2050,Mujer,(10 a 14),88949,2,2.248479465761279,True,Córdoba
23,2018,DANE_2018_2050,Mujer,(15 a 17),52779,1,1.894692965005021,True,Córdoba
23,2018,DANE_2018_2050,Mujer,(18 a 19),32364,2,6.179705846001731,True,Córdoba
23,2018,DANE_2018_2050,Mujer,(20 a 24),72507,0,0.0,True,Córdoba
23,2018,DANE_2018_2050,Mujer,(25 a 29),65454,0,0.0,True,Córdoba
23,2018,DANE_2018_2050,Mujer,(30 a 34),60936,0,0.0,True,Córdoba
23,2018,DANE_2018_2050,Mujer,(35 a 39),58226,0,0.0,True,Córdoba
23,2018,DANE_2018_2050,Mujer,(40 a 44),52746,0,0.0,True,Córdoba
23,2018,DANE_2018_2050,Mujer,(45 a 49),49630,0,0.0,True,Córdoba
23,2018,DANE_2018_2050,Mujer,(50 a 54),45860,0,0.0,True,Córdoba
23,2018,DANE_2018_2050,Mujer,(55 a 59),39748,0,0.0,True,Córdoba
23,2018,DANE_2018_2050,Mujer,(60 a 64),31805,0,0.0,True,Córdoba
23,2018,DANE_2018_2050,Mujer,(65 a 69),24850,0,0.0,True,Córdoba
23,2018,DANE_2018_2050,Mujer,(70 a 74),18961,0,0.0,True,Córdoba
23,2018,DANE_2018_2050,Mujer,(75 a 79),14205,0,0.0,True,Córdoba
23,2018,DANE_2018_2050,Mujer,(80 y más),18457,0,0.0,True,Córdoba
23,2019,DANE_2018_2050,Hombre,(05 a 09),90362,0,0.0,True,Córdoba
23,2019,DANE_2018_2050,Hombre,(10 a 14),93887,3,3.195330556946116,True,Córdoba
23,2019,DANE_2018_2050,Hombre,(15 a 17),56980,2,3.5100035100035103,True,Córdoba
23,2019,DANE_2018_2050,Hombre,(18 a 19),35109,1,2.848272522714973,True,Córdoba
23,2019,DANE_2018_2050,Hombre,(20 a 24),73003,4,5.479226881087079,True,Córdoba
23,2019,DANE_2018_2050,Hombre,(25 a 29),63937,6,9.384237608896257,False,Córdoba
23,2019,DANE_2018_2050,Hombre,(30 a 34),56835,0,0.0,True,Córdoba
23,2019,DANE_2018_2050,Hombre,(35 a 39),54855,1,1.8229878771306172,True,Córdoba
23,2019,DANE_2018_2050,Hombre,(40 a 44),51168,3,5.863039399624766,True,Córdoba
23,2019,DANE_2018_2050,Hombre,(45 a 49),48336,3,6.206554121151936,True,Córdoba
23,2019,DANE_2018_2050,Hombre,(50 a 54),46273,6,12.966524755256845,False,Córdoba
23,2019,DANE_2018_2050,Hombre,(55 a 59),39823,6,15.066670014815559,False,Córdoba
23,2019,DANE_2018_2050,Hombre,(60 a 64),32007,2,6.248633111506858,True,Córdoba
23,2019,DANE_2018_2050,Hombre,(65 a 69),24663,0,0.0,True,Córdoba
23,2019,DANE_2018_2050,Hombre,(70 a 74),19219,1,5.203184348821479,True,Córdoba
23,2019,DANE_2018_2050,Hombre,(75 a 79),13966,0,0.0,True,Córdoba
23,2019,DANE_2018_2050,Hombre,(80 y más),17457,0,0.0,True,Córdoba
23,2019,DANE_2018_2050,Mujer,(05 a 09),85845,0,0.0,True,Córdoba
23,2019,DANE_2018_2050,Mujer,(10 a 14),88996,1,1.1236460065620928,True,Córdoba
23,2019,DANE_2018_2050,Mujer,(15 a 17),53754,0,0.0,True,Córdoba
23,2019,DANE_2018_2050,Mujer,(18 a 19),33928,0,0.0,True,Córdoba
23,2019,DANE_2018_2050,Mujer,(20 a 24),74819,1,1.3365588954677288,True,Córdoba
23,2019,DANE_2018_2050,Mujer,(25 a 29),67499,2,2.9630068593608794,True,Córdoba
23,2019,DANE_2018_2050,Mujer,(30 a 34),61886,0,0.0,True,Córdoba
23,2019,DANE_2018_2050,Mujer,(35 a 39),59471,0,0.0,True,Córdoba
23,2019,DANE_2018_2050,Mujer,(40 a 44),54167,1,1.8461424852770136,True,Córdoba
23,2019,DANE_2018_2050,Mujer,(45 a 49),50116,0,0.0,True,Córdoba
23,2019,DANE_2018_2050,Mujer,(50 a 54),46788,1,2.1373001624348125,True,Córdoba
23,2019,DANE_2018_2050,Mujer,(55 a 59),41104,1,2.4328532502919424,True,Córdoba
23,2019,DANE_2018_2050,Mujer,(60 a 64),33201,0,0.0,True,Córdoba
23,2019,DANE_2018_2050,Mujer,(65 a 69),25708,0,0.0,True,Córdoba
23,2019,DANE_2018_2050,Mujer,(70 a 74),19859,0,0.0,True,Córdoba
23,2019,DANE_2018_2050,Mujer,(75 a 79),14416,0,0.0,True,Córdoba
23,2019,DANE_2018_2050,Mujer,(80 y más),19265,0,0.0,True,Córdoba
23,2020,DANE_2018_2050,Hombre,(05 a 09),90632,0,0.0,True,Córdoba
23,2020,DANE_2018_2050,Hombre,(10 a 14),93928,1,1.0646452601993017,True,Córdoba
23,2020,DANE_2018_2050,Hombre,(15 a 17),57500,5,8.695652173913045,False,Córdoba
23,2020,DANE_2018_2050,Hombre,(18 a 19),37123,1,2.6937478113299034,True,Córdoba
23,2020,DANE_2018_2050,Hombre,(20 a 24),76954,3,3.898432830002339,True,Córdoba
23,2020,DANE_2018_2050,Hombre,(25 a 29),66174,2,3.022335056064315,True,Córdoba
23,2020,DANE_2018_2050,Hombre,(30 a 34),58346,1,1.713913550200528,True,Córdoba
23,2020,DANE_2018_2050,Hombre,(35 a 39),55554,2,3.600100802822479,True,Córdoba
23,2020,DANE_2018_2050,Hombre,(40 a 44),52675,1,1.8984337921214998,True,Córdoba
23,2020,DANE_2018_2050,Hombre,(45 a 49),48569,3,6.176779427206654,True,Córdoba
23,2020,DANE_2018_2050,Hombre,(50 a 54),46950,3,6.389776357827476,True,Córdoba
23,2020,DANE_2018_2050,Hombre,(55 a 59),41241,1,2.4247714652893966,True,Córdoba
23,2020,DANE_2018_2050,Hombre,(60 a 64),33265,4,12.024650533593867,True,Córdoba
23,2020,DANE_2018_2050,Hombre,(65 a 69),25571,0,0.0,True,Córdoba
23,2020,DANE_2018_2050,Hombre,(70 a 74),19767,2,10.117873223048514,True,Córdoba
23,2020,DANE_2018_2050,Hombre,(75 a 79),14125,5,35.39823008849557,False,Córdoba
23,2020,DANE_2018_2050,Hombre,(80 y más),18039,1,5.543544542380398,True,Córdoba
23,2020,DANE_2018_2050,Mujer,(05 a 09),86217,0,0.0,True,Córdoba
23,2020,DANE_2018_2050,Mujer,(10 a 14),88978,3,3.371619950999123,True,Córdoba
23,2020,DANE_2018_2050,Mujer,(15 a 17),54341,0,0.0,True,Córdoba
23,2020,DANE_2018_2050,Mujer,(18 a 19),35354,1,2.8285342535498104,True,Córdoba
23,2020,DANE_2018_2050,Mujer,(20 a 24),77760,2,2.5720164609053495,True,Córdoba
23,2020,DANE_2018_2050,Mujer,(25 a 29),69572,0,0.0,True,Córdoba
23,2020,DANE_2018_2050,Mujer,(30 a 34),63116,0,0.0,True,Córdoba
23,2020,DANE_2018_2050,Mujer,(35 a 39),60508,0,0.0,True,Córdoba
23,2020,DANE_2018_2050,Mujer,(40 a 44),55848,0,0.0,True,Córdoba
23,2020,DANE_2018_2050,Mujer,(45 a 49),50698,0,0.0,True,Córdoba
23,2020,DANE_2018_2050,Mujer,(50 a 54),47724,0,0.0,True,Córdoba
23,2020,DANE_2018_2050,Mujer,(55 a 59),42317,0,0.0,True,Córdoba
23,2020,DANE_2018_2050,Mujer,(60 a 64),34662,1,2.885003750504876,True,Córdoba
23,2020,DANE_2018_2050,Mujer,(65 a 69),26694,0,0.0,True,Córdoba
23,2020,DANE_2018_2050,Mujer,(70 a 74),20743,0,0.0,True,Córdoba
23,2020,DANE_2018_2050,Mujer,(75 a 79),14745,0,0.0,True,Córdoba
23,2020,DANE_2018_2050,Mujer,(80 y más),20094,0,0.0,True,Córdoba
23,2021,DANE_2018_2050,Hombre,(05 a 09),90750,0,0.0,True,Córdoba
23,2021,DANE_2018_2050,Hombre,(10 a 14),93542,0,0.0,True,Córdoba
23,2021,DANE_2018_2050,Hombre,(15 a 17),57617,3,5.206796605168614,True,Córdoba
23,2021,DANE_2018_2050,Hombre,(18 a 19),38015,1,2.630540576088386,True,Córdoba
23,2021,DANE_2018_2050,Hombre,(20 a 24),81459,8,9.820891491425135,False,Córdoba
23,2021,DANE_2018_2050,Hombre,(25 a 29),67929,0,0.0,True,Córdoba
23,2021,DANE_2018_2050,Hombre,(30 a 34),59748,2,3.34739238133494,True,Córdoba
23,2021,DANE_2018_2050,Hombre,(35 a 39),56133,0,0.0,True,Córdoba
23,2021,DANE_2018_2050,Hombre,(40 a 44),53857,3,5.570306552537274,True,Córdoba
23,2021,DANE_2018_2050,Hombre,(45 a 49),48871,1,2.046203269832825,True,Córdoba
23,2021,DANE_2018_2050,Hombre,(50 a 54),47343,2,4.224489364848024,True,Córdoba
23,2021,DANE_2018_2050,Hombre,(55 a 59),42415,1,2.357656489449487,True,Córdoba
23,2021,DANE_2018_2050,Hombre,(60 a 64),34435,1,2.9040220705677364,True,Córdoba
23,2021,DANE_2018_2050,Hombre,(65 a 69),26490,3,11.325028312570781,True,Córdoba
23,2021,DANE_2018_2050,Hombre,(70 a 74),20222,0,0.0,True,Córdoba
23,2021,DANE_2018_2050,Hombre,(75 a 79),14354,0,0.0,True,Córdoba
23,2021,DANE_2018_2050,Hombre,(80 y más),18340,2,10.905125408942203,True,Córdoba
23,2021,DANE_2018_2050,Mujer,(05 a 09),86204,0,0.0,True,Córdoba
23,2021,DANE_2018_2050,Mujer,(10 a 14),88686,0,0.0,True,Córdoba
23,2021,DANE_2018_2050,Mujer,(15 a 17),54550,2,3.666361136571952,True,Córdoba
23,2021,DANE_2018_2050,Mujer,(18 a 19),36106,1,2.7696227773777213,True,Córdoba
23,2021,DANE_2018_2050,Mujer,(20 a 24),80899,3,3.70832766783273,True,Córdoba
23,2021,DANE_2018_2050,Mujer,(25 a 29),71128,2,2.8118321898549095,True,Córdoba
23,2021,DANE_2018_2050,Mujer,(30 a 34),64250,1,1.5564202334630348,True,Córdoba
23,2021,DANE_2018_2050,Mujer,(35 a 39),61344,0,0.0,True,Córdoba
23,2021,DANE_2018_2050,Mujer,(40 a 44),57256,1,1.7465418471426575,True,Córdoba
23,2021,DANE_2018_2050,Mujer,(45 a 49),51424,1,1.9446172993154947,True,Córdoba
23,2021,DANE_2018_2050,Mujer,(50 a 54),48477,0,0.0,True,Córdoba
23,2021,DANE_2018_2050,Mujer,(55 a 59),43358,0,0.0,True,Córdoba
23,2021,DANE_2018_2050,Mujer,(60 a 64),36034,1,2.7751567963589943,True,Córdoba
23,2021,DANE_2018_2050,Mujer,(65 a 69),27774,0,0.0,True,Córdoba
23,2021,DANE_2018_2050,Mujer,(70 a 74),21513,0,0.0,True,Córdoba
23,2021,DANE_2018_2050,Mujer,(75 a 79),15209,0,0.0,True,Córdoba
23,2021,DANE_2018_2050,Mujer,(80 y más),20728,0,0.0,True,Córdoba
23,2022,DANE_2018_2050,Hombre,(05 a 09),90719,0,0.0,True,Córdoba
23,2022,DANE_2018_2050,Hombre,(10 a 14),93038,1,1.074829639502139,True,Córdoba
23,2022,DANE_2018_2050,Hombre,(15 a 17),57377,2,3.485717273471949,True,Córdoba
23,2022,DANE_2018_2050,Hombre,(18 a 19),38250,3,7.843137254901961,True,Córdoba
23,2022,DANE_2018_2050,Hombre,(20 a 24),86034,2,2.324662342794709,True,Córdoba
23,2022,DANE_2018_2050,Hombre,(25 a 29),69553,0,0.0,True,Córdoba
23,2022,DANE_2018_2050,Hombre,(30 a 34),61182,5,8.172338269425648,False,Córdoba
23,2022,DANE_2018_2050,Hombre,(35 a 39),56641,1,1.7655055525149626,True,Córdoba
23,2022,DANE_2018_2050,Hombre,(40 a 44),54698,2,3.65644082050532,True,Córdoba
23,2022,DANE_2018_2050,Hombre,(45 a 49),49450,7,14.155712841253793,False,Córdoba
23,2022,DANE_2018_2050,Hombre,(50 a 54),47539,2,4.207072088180231,True,Córdoba
23,2022,DANE_2018_2050,Hombre,(55 a 59),43441,2,4.603945581363228,True,Córdoba
23,2022,DANE_2018_2050,Hombre,(60 a 64),35538,4,11.255557431481794,True,Córdoba
23,2022,DANE_2018_2050,Hombre,(65 a 69),27444,2,7.287567409998542,True,Córdoba
23,2022,DANE_2018_2050,Hombre,(70 a 74),20707,5,24.146423914618246,False,Córdoba
23,2022,DANE_2018_2050,Hombre,(75 a 79),14736,2,13.572204125950055,True,Córdoba
23,2022,DANE_2018_2050,Hombre,(80 y más),18498,1,5.405989836739107,True,Córdoba
23,2022,DANE_2018_2050,Mujer,(05 a 09),86106,0,0.0,True,Córdoba
23,2022,DANE_2018_2050,Mujer,(10 a 14),88235,0,0.0,True,Córdoba
23,2022,DANE_2018_2050,Mujer,(15 a 17),54552,1,1.8331133597301656,True,Córdoba
23,2022,DANE_2018_2050,Mujer,(18 a 19),36316,1,2.75360722546536,True,Córdoba
23,2022,DANE_2018_2050,Mujer,(20 a 24),83993,1,1.1905754050932815,True,Córdoba
23,2022,DANE_2018_2050,Mujer,(25 a 29),72423,1,1.3807768250417685,True,Córdoba
23,2022,DANE_2018_2050,Mujer,(30 a 34),65480,1,1.5271838729383018,True,Córdoba
23,2022,DANE_2018_2050,Mujer,(35 a 39),62033,0,0.0,True,Córdoba
23,2022,DANE_2018_2050,Mujer,(40 a 44),58511,1,1.7090803438669653,True,Córdoba
23,2022,DANE_2018_2050,Mujer,(45 a 49),52289,0,0.0,True,Córdoba
23,2022,DANE_2018_2050,Mujer,(50 a 54),49012,2,4.080633314290378,True,Córdoba
23,2022,DANE_2018_2050,Mujer,(55 a 59),44274,1,2.258661968649772,True,Córdoba
23,2022,DANE_2018_2050,Mujer,(60 a 64),37325,0,0.0,True,Córdoba
23,2022,DANE_2018_2050,Mujer,(65 a 69),28961,0,0.0,True,Córdoba
23,2022,DANE_2018_2050,Mujer,(70 a 74),22275,0,0.0,True,Córdoba
23,2022,DANE_2018_2050,Mujer,(75 a 79),15756,0,0.0,True,Córdoba
23,2022,DANE_2018_2050,Mujer,(80 y más),21265,0,0.0,True,Córdoba
23,2023,DANE_2018_2050,Hombre,(05 a 09),90633,0,0.0,True,Córdoba
23,2023,DANE_2018_2050,Hombre,(10 a 14),92523,2,2.1616246771073135,True,Córdoba
23,2023,DANE_2018_2050,Hombre,(15 a 17),57079,2,3.5039156257117328,True,Córdoba
23,2023,DANE_2018_2050,Hombre,(18 a 19),38330,2,5.217845030002609,True,Córdoba
23,2023,DANE_2018_2050,Hombre,(20 a 24),89884,11,12.237995638823373,False,Córdoba
23,2023,DANE_2018_2050,Hombre,(25 a 29),71458,7,9.795964062806123,False,Córdoba
23,2023,DANE_2018_2050,Hombre,(30 a 34),62841,5,7.956588851227702,False,Córdoba
23,2023,DANE_2018_2050,Hombre,(35 a 39),57138,4,7.000595050579299,True,Córdoba
23,2023,DANE_2018_2050,Hombre,(40 a 44),55431,3,5.4121340044379505,True,Córdoba
23,2023,DANE_2018_2050,Hombre,(45 a 49),50289,8,15.90805146254648,False,Córdoba
23,2023,DANE_2018_2050,Hombre,(50 a 54),47656,6,12.590229981534328,False,Córdoba
23,2023,DANE_2018_2050,Hombre,(55 a 59),44275,8,18.068887634105028,False,Córdoba
23,2023,DANE_2018_2050,Hombre,(60 a 64),36700,6,16.348773841961854,False,Córdoba
23,2023,DANE_2018_2050,Hombre,(65 a 69),28515,4,14.02770471681571,True,Córdoba
23,2023,DANE_2018_2050,Hombre,(70 a 74),21291,1,4.69682025268893,True,Córdoba
23,2023,DANE_2018_2050,Hombre,(75 a 79),15237,3,19.688915140775745,True,Córdoba
23,2023,DANE_2018_2050,Hombre,(80 y más),18796,5,26.601404554160457,False,Córdoba
23,2023,DANE_2018_2050,Mujer,(05 a 09),85945,0,0.0,True,Córdoba
23,2023,DANE_2018_2050,Mujer,(10 a 14),87853,3,3.4147951692031007,True,Córdoba
23,2023,DANE_2018_2050,Mujer,(15 a 17),54233,0,0.0,True,Córdoba
23,2023,DANE_2018_2050,Mujer,(18 a 19),36414,1,2.746196517822815,True,Córdoba
23,2023,DANE_2018_2050,Mujer,(20 a 24),86490,3,3.4686090877558096,True,Córdoba
23,2023,DANE_2018_2050,Mujer,(25 a 29),73896,2,2.7065064414853306,True,Córdoba
23,2023,DANE_2018_2050,Mujer,(30 a 34),66932,1,1.4940536664076973,True,Córdoba
23,2023,DANE_2018_2050,Mujer,(35 a 39),62603,1,1.5973675382968868,True,Córdoba
23,2023,DANE_2018_2050,Mujer,(40 a 44),59702,0,0.0,True,Córdoba
23,2023,DANE_2018_2050,Mujer,(45 a 49),53317,2,3.751148789316728,True,Córdoba
23,2023,DANE_2018_2050,Mujer,(50 a 54),49383,0,0.0,True,Córdoba
23,2023,DANE_2018_2050,Mujer,(55 a 59),45176,1,2.213564724632548,True,Córdoba
23,2023,DANE_2018_2050,Mujer,(60 a 64),38595,2,5.182018396165306,True,Córdoba
23,2023,DANE_2018_2050,Mujer,(65 a 69),30257,2,6.610040651750007,True,Córdoba
23,2023,DANE_2018_2050,Mujer,(70 a 74),23038,0,0.0,True,Córdoba
23,2023,DANE_2018_2050,Mujer,(75 a 79),16510,1,6.0569351907934585,True,Córdoba
23,2023,DANE_2018_2050,Mujer,(80 y más),21872,0,0.0,True,Córdoba
23,2024,DANE_2018_2050,Hombre,(05 a 09),90608,0,0.0,True,Córdoba
23,2024,DANE_2018_2050,Hombre,(10 a 14),92097,4,4.34324679414096,True,Córdoba
23,2024,DANE_2018_2050,Hombre,(15 a 17),56793,1,1.760780377863469,True,Córdoba
23,2024,DANE_2018_2050,Hombre,(18 a 19),38206,5,13.086949693765376,False,Córdoba
23,2024,DANE_2018_2050,Hombre,(20 a 24),92868,8,8.614377395873714,False,Córdoba
23,2024,DANE_2018_2050,Hombre,(25 a 29),73853,2,2.7080822715394093,True,Córdoba
23,2024,DANE_2018_2050,Hombre,(30 a 34),64631,2,3.094490260091906,True,Córdoba
23,2024,DANE_2018_2050,Hombre,(35 a 39),57867,4,6.912402578326162,True,Córdoba
23,2024,DANE_2018_2050,Hombre,(40 a 44),55914,4,7.153843402367922,True,Córdoba
23,2024,DANE_2018_2050,Hombre,(45 a 49),51424,3,5.833851897946484,True,Córdoba
23,2024,DANE_2018_2050,Hombre,(50 a 54),47670,4,8.391021606880637,True,Córdoba
23,2024,DANE_2018_2050,Hombre,(55 a 59),44925,4,8.903728436282693,True,Córdoba
23,2024,DANE_2018_2050,Hombre,(60 a 64),37930,4,10.545742156604271,True,Córdoba
23,2024,DANE_2018_2050,Hombre,(65 a 69),29616,6,20.25931928687196,False,Córdoba
23,2024,DANE_2018_2050,Hombre,(70 a 74),21955,4,18.219084491004327,True,Córdoba
23,2024,DANE_2018_2050,Hombre,(75 a 79),15762,4,25.377490166222557,True,Córdoba
23,2024,DANE_2018_2050,Hombre,(80 y más),19137,3,15.676438313215238,True,Córdoba
23,2024,DANE_2018_2050,Mujer,(05 a 09),85986,0,0.0,True,Córdoba
23,2024,DANE_2018_2050,Mujer,(10 a 14),87534,1,1.1424132337148993,True,Córdoba
23,2024,DANE_2018_2050,Mujer,(15 a 17),53790,4,7.436326454731363,True,Córdoba
23,2024,DANE_2018_2050,Mujer,(18 a 19),36446,1,2.7437853262360754,True,Córdoba
23,2024,DANE_2018_2050,Mujer,(20 a 24),88430,3,3.3925138527648984,True,Córdoba
23,2024,DANE_2018_2050,Mujer,(25 a 29),75637,0,0.0,True,Córdoba
23,2024,DANE_2018_2050,Mujer,(30 a 34),68531,0,0.0,True,Córdoba
23,2024,DANE_2018_2050,Mujer,(35 a 39),63240,1,1.5812776723592663,True,Córdoba
23,2024,DANE_2018_2050,Mujer,(40 a 44),60684,0,0.0,True,Córdoba
23,2024,DANE_2018_2050,Mujer,(45 a 49),54547,0,0.0,True,Córdoba
23,2024,DANE_2018_2050,Mujer,(50 a 54),49705,0,0.0,True,Córdoba
23,2024,DANE_2018_2050,Mujer,(55 a 59),45971,4,8.701137673750843,True,Córdoba
23,2024,DANE_2018_2050,Mujer,(60 a 64),39838,0,0.0,True,Córdoba
23,2024,DANE_2018_2050,Mujer,(65 a 69),31539,1,3.17067757379752,True,Córdoba
23,2024,DANE_2018_2050,Mujer,(70 a 74),23801,1,4.201504138481576,True,Córdoba
23,2024,DANE_2018_2050,Mujer,(75 a 79),17277,1,5.788041905423396,True,Córdoba
23,2024,DANE_2018_2050,Mujer,(80 y más),22497,0,0.0,True,Córdoba
25,2015,DANE_2005_2017,Hombre,(05 a 09),101372,0,0.0,True,Cundinamarca
25,2015,DANE_2005_2017,Hombre,(10 a 14),113049,6,5.30743306000053,False,Cundinamarca
25,2015,DANE_2005_2017,Hombre,(15 a 17),72105,11,15.255530129672007,False,Cundinamarca
25,2015,DANE_2005_2017,Hombre,(18 a 19),47634,7,14.695385648906244,False,Cundinamarca
25,2015,DANE_2005_2017,Hombre,(20 a 24),110882,18,16.23347342219657,False,Cundinamarca
25,2015,DANE_2005_2017,Hombre,(25 a 29),98214,8,8.145478241391247,False,Cundinamarca
25,2015,DANE_2005_2017,Hombre,(30 a 34),92902,7,7.53482164000775,False,Cundinamarca
25,2015,DANE_2005_2017,Hombre,(35 a 39),84109,10,11.889334078398269,False,Cundinamarca
25,2015,DANE_2005_2017,Hombre,(40 a 44),78618,9,11.447760054949248,False,Cundinamarca
25,2015,DANE_2005_2017,Hombre,(45 a 49),78610,8,10.176822287240809,False,Cundinamarca
25,2015,DANE_2005_2017,Hombre,(50 a 54),72464,5,6.899977920070656,False,Cundinamarca
25,2015,DANE_2005_2017,Hombre,(55 a 59),60934,8,13.128959201759281,False,Cundinamarca
25,2015,DANE_2005_2017,Hombre,(60 a 64),48322,8,16.55560614212988,False,Cundinamarca
25,2015,DANE_2005_2017,Hombre,(65 a 69),36627,6,16.38135801457941,False,Cundinamarca
25,2015,DANE_2005_2017,Hombre,(70 a 74),26404,4,15.149219815179519,True,Cundinamarca
25,2015,DANE_2005_2017,Hombre,(75 a 79),18278,2,10.9421162052741,True,Cundinamarca
25,2015,DANE_2005_2017,Hombre,(80 y más),22631,1,4.418717688126906,True,Cundinamarca
25,2015,DANE_2005_2017,Mujer,(05 a 09),96542,0,0.0,True,Cundinamarca
25,2015,DANE_2005_2017,Mujer,(10 a 14),107100,2,1.8674136321195145,True,Cundinamarca
25,2015,DANE_2005_2017,Mujer,(15 a 17),68367,2,2.9253879795807918,True,Cundinamarca
25,2015,DANE_2005_2017,Mujer,(18 a 19),45454,0,0.0,True,Cundinamarca
25,2015,DANE_2005_2017,Mujer,(20 a 24),107620,3,2.7875859505668092,True,Cundinamarca
25,2015,DANE_2005_2017,Mujer,(25 a 29),98410,3,3.0484706838735898,True,Cundinamarca
25,2015,DANE_2005_2017,Mujer,(30 a 34),96004,0,0.0,True,Cundinamarca
25,2015,DANE_2005_2017,Mujer,(35 a 39),90055,1,1.1104325134639943,True,Cundinamarca
25,2015,DANE_2005_2017,Mujer,(40 a 44),86040,2,2.3245002324500232,True,Cundinamarca
25,2015,DANE_2005_2017,Mujer,(45 a 49),85733,1,1.1664120000466565,True,Cundinamarca
25,2015,DANE_2005_2017,Mujer,(50 a 54),78643,2,2.5431379779509937,True,Cundinamarca
25,2015,DANE_2005_2017,Mujer,(55 a 59),65465,1,1.5275337966852518,True,Cundinamarca
25,2015,DANE_2005_2017,Mujer,(60 a 64),51279,1,1.9501160319038984,True,Cundinamarca
25,2015,DANE_2005_2017,Mujer,(65 a 69),39405,0,0.0,True,Cundinamarca
25,2015,DANE_2005_2017,Mujer,(70 a 74),28885,1,3.462004500605851,True,Cundinamarca
25,2015,DANE_2005_2017,Mujer,(75 a 79),20043,0,0.0,True,Cundinamarca
25,2015,DANE_2005_2017,Mujer,(80 y más),26481,0,0.0,True,Cundinamarca
25,2016,DANE_2005_2017,Hombre,(05 a 09),103689,0,0.0,True,Cundinamarca
25,2016,DANE_2005_2017,Hombre,(10 a 14),114113,6,5.2579460709997985,False,Cundinamarca
25,2016,DANE_2005_2017,Hombre,(15 a 17),73329,7,9.546018628373496,False,Cundinamarca
25,2016,DANE_2005_2017,Hombre,(18 a 19),49112,10,20.361622414073953,False,Cundinamarca
25,2016,DANE_2005_2017,Hombre,(20 a 24),116453,19,16.315595132800357,False,Cundinamarca
25,2016,DANE_2005_2017,Hombre,(25 a 29),103754,11,10.602000886712801,False,Cundinamarca
25,2016,DANE_2005_2017,Hombre,(30 a 34),98086,16,16.312215810615175,False,Cundinamarca
25,2016,DANE_2005_2017,Hombre,(35 a 39),90497,9,9.945081052410577,False,Cundinamarca
25,2016,DANE_2005_2017,Hombre,(40 a 44),81720,6,7.342143906020558,False,Cundinamarca
25,2016,DANE_2005_2017,Hombre,(45 a 49),81001,5,6.172763299218528,False,Cundinamarca
25,2016,DANE_2005_2017,Hombre,(50 a 54),75735,4,5.28157390902489,True,Cundinamarca
25,2016,DANE_2005_2017,Hombre,(55 a 59),64357,11,17.092157807231537,False,Cundinamarca
25,2016,DANE_2005_2017,Hombre,(60 a 64),51340,3,5.84339696143358,True,Cundinamarca
25,2016,DANE_2005_2017,Hombre,(65 a 69),39001,6,15.384220917412375,False,Cundinamarca
25,2016,DANE_2005_2017,Hombre,(70 a 74),27966,3,10.727311735679038,True,Cundinamarca
25,2016,DANE_2005_2017,Hombre,(75 a 79),18884,5,26.47744122008049,False,Cundinamarca
25,2016,DANE_2005_2017,Hombre,(80 y más),23585,4,16.959932160271357,True,Cundinamarca
25,2016,DANE_2005_2017,Mujer,(05 a 09),98785,0,0.0,True,Cundinamarca
25,2016,DANE_2005_2017,Mujer,(10 a 14),108242,2,1.8477116091720405,True,Cundinamarca
25,2016,DANE_2005_2017,Mujer,(15 a 17),69566,5,7.187419141534658,False,Cundinamarca
25,2016,DANE_2005_2017,Mujer,(18 a 19),46811,5,10.681250133515627,False,Cundinamarca
25,2016,DANE_2005_2017,Mujer,(20 a 24),112892,3,2.6574070793324593,True,Cundinamarca
25,2016,DANE_2005_2017,Mujer,(25 a 29),104016,3,2.8841716658975542,True,Cundinamarca
25,2016,DANE_2005_2017,Mujer,(30 a 34),101251,3,2.9629336994202524,True,Cundinamarca
25,2016,DANE_2005_2017,Mujer,(35 a 39),96094,2,2.0812953982558744,True,Cundinamarca
25,2016,DANE_2005_2017,Mujer,(40 a 44),88944,1,1.1243029321820472,True,Cundinamarca
25,2016,DANE_2005_2017,Mujer,(45 a 49),88344,1,1.1319387847505207,True,Cundinamarca
25,2016,DANE_2005_2017,Mujer,(50 a 54),82308,1,1.2149487291636294,True,Cundinamarca
25,2016,DANE_2005_2017,Mujer,(55 a 59),69718,3,4.303049427694426,True,Cundinamarca
25,2016,DANE_2005_2017,Mujer,(60 a 64),54964,2,3.6387453605996654,True,Cundinamarca
25,2016,DANE_2005_2017,Mujer,(65 a 69),42079,1,2.37648233085387,True,Cundinamarca
25,2016,DANE_2005_2017,Mujer,(70 a 74),30905,0,0.0,True,Cundinamarca
25,2016,DANE_2005_2017,Mujer,(75 a 79),21012,0,0.0,True,Cundinamarca
25,2016,DANE_2005_2017,Mujer,(80 y más),28167,0,0.0,True,Cundinamarca
25,2017,DANE_2005_2017,Hombre,(05 a 09),106908,0,0.0,True,Cundinamarca
25,2017,DANE_2005_2017,Hombre,(10 a 14),115719,3,2.5924869727529622,True,Cundinamarca
25,2017,DANE_2005_2017,Hombre,(15 a 17),74527,7,9.39256913601782,False,Cundinamarca
25,2017,DANE_2005_2017,Hombre,(18 a 19),50463,9,17.834849295523455,False,Cundinamarca
25,2017,DANE_2005_2017,Hombre,(20 a 24),122078,23,18.840413506119038,False,Cundinamarca
25,2017,DANE_2005_2017,Hombre,(25 a 29),110146,9,8.170973072104298,False,Cundinamarca
25,2017,DANE_2005_2017,Hombre,(30 a 34),103805,9,8.670102596214056,False,Cundinamarca
25,2017,DANE_2005_2017,Hombre,(35 a 39),97463,7,7.182212737141274,False,Cundinamarca
25,2017,DANE_2005_2017,Hombre,(40 a 44),85924,5,5.819095945253945,False,Cundinamarca
25,2017,DANE_2005_2017,Hombre,(45 a 49),83598,14,16.746812124691978,False,Cundinamarca
25,2017,DANE_2005_2017,Hombre,(50 a 54),78973,8,10.130044445570006,False,Cundinamarca
25,2017,DANE_2005_2017,Hombre,(55 a 59),68025,11,16.170525542080117,False,Cundinamarca
25,2017,DANE_2005_2017,Hombre,(60 a 64),54573,12,21.988895607718103,False,Cundinamarca
25,2017,DANE_2005_2017,Hombre,(65 a 69),41536,4,9.63020030816641,True,Cundinamarca
25,2017,DANE_2005_2017,Hombre,(70 a 74),29707,0,0.0,True,Cundinamarca
25,2017,DANE_2005_2017,Hombre,(75 a 79),19784,4,20.21835826930853,True,Cundinamarca
25,2017,DANE_2005_2017,Hombre,(80 y más),24427,3,12.281491791869652,True,Cundinamarca
25,2017,DANE_2005_2017,Mujer,(05 a 09),101851,0,0.0,True,Cundinamarca
25,2017,DANE_2005_2017,Mujer,(10 a 14),109874,1,0.9101334255601872,True,Cundinamarca
25,2017,DANE_2005_2017,Mujer,(15 a 17),70784,1,1.412748643761302,True,Cundinamarca
25,2017,DANE_2005_2017,Mujer,(18 a 19),48116,3,6.234932247069581,True,Cundinamarca
25,2017,DANE_2005_2017,Mujer,(20 a 24),118198,4,3.3841520161085636,True,Cundinamarca
25,2017,DANE_2005_2017,Mujer,(25 a 29),110440,6,5.432814197754437,False,Cundinamarca
25,2017,DANE_2005_2017,Mujer,(30 a 34),107086,2,1.8676577703901538,True,Cundinamarca
25,2017,DANE_2005_2017,Mujer,(35 a 39),102733,0,0.0,True,Cundinamarca
25,2017,DANE_2005_2017,Mujer,(40 a 44),92885,3,3.229800290682026,True,Cundinamarca
25,2017,DANE_2005_2017,Mujer,(45 a 49),91008,3,3.2964135021097043,True,Cundinamarca
25,2017,DANE_2005_2017,Mujer,(50 a 54),85994,0,0.0,True,Cundinamarca
25,2017,DANE_2005_2017,Mujer,(55 a 59),74172,0,0.0,True,Cundinamarca
25,2017,DANE_2005_2017,Mujer,(60 a 64),58935,0,0.0,True,Cundinamarca
25,2017,DANE_2005_2017,Mujer,(65 a 69),45060,0,0.0,True,Cundinamarca
25,2017,DANE_2005_2017,Mujer,(70 a 74),33069,0,0.0,True,Cundinamarca
25,2017,DANE_2005_2017,Mujer,(75 a 79),22454,0,0.0,True,Cundinamarca
25,2017,DANE_2005_2017,Mujer,(80 y más),29663,1,3.371203182415804,True,Cundinamarca
25,2018,DANE_2018_2050,Hombre,(05 a 09),120155,0,0.0,True,Cundinamarca
25,2018,DANE_2018_2050,Hombre,(10 a 14),130703,3,2.295280138940958,True,Cundinamarca
25,2018,DANE_2018_2050,Hombre,(15 a 17),78870,8,10.143273741600101,False,Cundinamarca
25,2018,DANE_2018_2050,Hombre,(18 a 19),52663,8,15.190931014184532,False,Cundinamarca
25,2018,DANE_2018_2050,Hombre,(20 a 24),128449,22,17.12742022125513,False,Cundinamarca
25,2018,DANE_2018_2050,Hombre,(25 a 29),115086,13,11.29590045704951,False,Cundinamarca
25,2018,DANE_2018_2050,Hombre,(30 a 34),104724,14,13.368473320346817,False,Cundinamarca
25,2018,DANE_2018_2050,Hombre,(35 a 39),101332,14,13.815971262779772,False,Cundinamarca
25,2018,DANE_2018_2050,Hombre,(40 a 44),90630,8,8.827099194527198,False,Cundinamarca
25,2018,DANE_2018_2050,Hombre,(45 a 49),86056,10,11.620340243562332,False,Cundinamarca
25,2018,DANE_2018_2050,Hombre,(50 a 54),81869,4,4.885854230539032,True,Cundinamarca
25,2018,DANE_2018_2050,Hombre,(55 a 59),71004,9,12.675342234240325,False,Cundinamarca
25,2018,DANE_2018_2050,Hombre,(60 a 64),57732,12,20.785699438786114,False,Cundinamarca
25,2018,DANE_2018_2050,Hombre,(65 a 69),45689,8,17.509685044540262,False,Cundinamarca
25,2018,DANE_2018_2050,Hombre,(70 a 74),33359,4,11.99076710932582,True,Cundinamarca
25,2018,DANE_2018_2050,Hombre,(75 a 79),23792,2,8.406186953597848,True,Cundinamarca
25,2018,DANE_2018_2050,Hombre,(80 y más),26016,4,15.375153751537516,True,Cundinamarca
25,2018,DANE_2018_2050,Mujer,(05 a 09),115051,0,0.0,True,Cundinamarca
25,2018,DANE_2018_2050,Mujer,(10 a 14),124941,2,1.600755556622726,True,Cundinamarca
25,2018,DANE_2018_2050,Mujer,(15 a 17),75883,1,1.317818220154712,True,Cundinamarca
25,2018,DANE_2018_2050,Mujer,(18 a 19),50810,2,3.93623302499508,True,Cundinamarca
25,2018,DANE_2018_2050,Mujer,(20 a 24),123998,4,3.225858481588413,True,Cundinamarca
25,2018,DANE_2018_2050,Mujer,(25 a 29),114600,3,2.6178010471204187,True,Cundinamarca
25,2018,DANE_2018_2050,Mujer,(30 a 34),108063,3,2.7761583520724025,True,Cundinamarca
25,2018,DANE_2018_2050,Mujer,(35 a 39),106394,6,5.639415756527624,False,Cundinamarca
25,2018,DANE_2018_2050,Mujer,(40 a 44),95596,2,2.0921377463492195,True,Cundinamarca
25,2018,DANE_2018_2050,Mujer,(45 a 49),89964,0,0.0,True,Cundinamarca
25,2018,DANE_2018_2050,Mujer,(50 a 54),85821,1,1.1652159727805549,True,Cundinamarca
25,2018,DANE_2018_2050,Mujer,(55 a 59),75578,0,0.0,True,Cundinamarca
25,2018,DANE_2018_2050,Mujer,(60 a 64),62185,0,0.0,True,Cundinamarca
25,2018,DANE_2018_2050,Mujer,(65 a 69),49019,1,2.0400252963136745,True,Cundinamarca
25,2018,DANE_2018_2050,Mujer,(70 a 74),37147,2,5.384014859881013,True,Cundinamarca
25,2018,DANE_2018_2050,Mujer,(75 a 79),27638,0,0.0,True,Cundinamarca
25,2018,DANE_2018_2050,Mujer,(80 y más),36143,0,0.0,True,Cundinamarca
25,2019,DANE_2018_2050,Hombre,(05 a 09),121816,1,0.8209102252577659,True,Cundinamarca
25,2019,DANE_2018_2050,Hombre,(10 a 14),132773,5,3.765825883274461,False,Cundinamarca
25,2019,DANE_2018_2050,Hombre,(15 a 17),80718,2,2.477762085284571,True,Cundinamarca
25,2019,DANE_2018_2050,Hombre,(18 a 19),54526,8,14.671899644206434,False,Cundinamarca
25,2019,DANE_2018_2050,Hombre,(20 a 24),134706,17,12.620076314343832,False,Cundinamarca
25,2019,DANE_2018_2050,Hombre,(25 a 29),123913,13,10.491231751309385,False,Cundinamarca
25,2019,DANE_2018_2050,Hombre,(30 a 34),110966,12,10.814123244957916,False,Cundinamarca
25,2019,DANE_2018_2050,Hombre,(35 a 39),106290,11,10.349045065387148,False,Cundinamarca
25,2019,DANE_2018_2050,Hombre,(40 a 44),95301,12,12.591683193250857,False,Cundinamarca
25,2019,DANE_2018_2050,Hombre,(45 a 49),88460,8,9.043635541487678,False,Cundinamarca
25,2019,DANE_2018_2050,Hombre,(50 a 54),84340,6,7.114062129475931,False,Cundinamarca
25,2019,DANE_2018_2050,Hombre,(55 a 59),74448,3,4.029658284977434,True,Cundinamarca
25,2019,DANE_2018_2050,Hombre,(60 a 64),60321,9,14.920177052767693,False,Cundinamarca
25,2019,DANE_2018_2050,Hombre,(65 a 69),47793,3,6.277069863787584,True,Cundinamarca
25,2019,DANE_2018_2050,Hombre,(70 a 74),34884,2,5.7332874670335965,True,Cundinamarca
25,2019,DANE_2018_2050,Hombre,(75 a 79),24351,4,16.42643012607285,True,Cundinamarca
25,2019,DANE_2018_2050,Hombre,(80 y más),26971,5,18.538430165733566,False,Cundinamarca
25,2019,DANE_2018_2050,Mujer,(05 a 09),116672,0,0.0,True,Cundinamarca
25,2019,DANE_2018_2050,Mujer,(10 a 14),126877,1,0.7881649156269457,True,Cundinamarca
25,2019,DANE_2018_2050,Mujer,(15 a 17),77546,3,3.868671498207515,True,Cundinamarca
25,2019,DANE_2018_2050,Mujer,(18 a 19),52234,5,9.572309223877168,False,Cundinamarca
25,2019,DANE_2018_2050,Mujer,(20 a 24),130443,6,4.59971021825625,False,Cundinamarca
25,2019,DANE_2018_2050,Mujer,(25 a 29),122657,5,4.076408195211036,False,Cundinamarca
25,2019,DANE_2018_2050,Mujer,(30 a 34),113227,2,1.7663631465993095,True,Cundinamarca
25,2019,DANE_2018_2050,Mujer,(35 a 39),111196,3,2.697938774776071,True,Cundinamarca
25,2019,DANE_2018_2050,Mujer,(40 a 44),100337,2,1.993282637511586,True,Cundinamarca
25,2019,DANE_2018_2050,Mujer,(45 a 49),92545,1,1.0805554054784159,True,Cundinamarca
25,2019,DANE_2018_2050,Mujer,(50 a 54),88319,0,0.0,True,Cundinamarca
25,2019,DANE_2018_2050,Mujer,(55 a 59),79194,3,3.788165770134101,True,Cundinamarca
25,2019,DANE_2018_2050,Mujer,(60 a 64),65255,0,0.0,True,Cundinamarca
25,2019,DANE_2018_2050,Mujer,(65 a 69),51641,1,1.9364458472918806,True,Cundinamarca
25,2019,DANE_2018_2050,Mujer,(70 a 74),39065,1,2.559836170485089,True,Cundinamarca
25,2019,DANE_2018_2050,Mujer,(75 a 79),28514,0,0.0,True,Cundinamarca
25,2019,DANE_2018_2050,Mujer,(80 y más),37410,0,0.0,True,Cundinamarca
25,2020,DANE_2018_2050,Hombre,(05 a 09),123243,0,0.0,True,Cundinamarca
25,2020,DANE_2018_2050,Hombre,(10 a 14),133885,3,2.2407289838294058,True,Cundinamarca
25,2020,DANE_2018_2050,Hombre,(15 a 17),82309,11,13.364273651727027,False,Cundinamarca
25,2020,DANE_2018_2050,Hombre,(18 a 19),55905,5,8.943743851176102,False,Cundinamarca
25,2020,DANE_2018_2050,Hombre,(20 a 24),140258,13,9.26863351823069,False,Cundinamarca
25,2020,DANE_2018_2050,Hombre,(25 a 29),132800,10,7.530120481927711,False,Cundinamarca
25,2020,DANE_2018_2050,Hombre,(30 a 34),117948,6,5.086987486010784,False,Cundinamarca
25,2020,DANE_2018_2050,Hombre,(35 a 39),110863,13,11.726184570145135,False,Cundinamarca
25,2020,DANE_2018_2050,Hombre,(40 a 44),100226,1,0.9977450960828528,True,Cundinamarca
25,2020,DANE_2018_2050,Hombre,(45 a 49),90640,5,5.516328331862312,False,Cundinamarca
25,2020,DANE_2018_2050,Hombre,(50 a 54),86247,11,12.75406680812086,False,Cundinamarca
25,2020,DANE_2018_2050,Hombre,(55 a 59),77397,8,10.336317945139992,False,Cundinamarca
25,2020,DANE_2018_2050,Hombre,(60 a 64),62812,5,7.960262370247724,False,Cundinamarca
25,2020,DANE_2018_2050,Hombre,(65 a 69),49750,9,18.090452261306535,False,Cundinamarca
25,2020,DANE_2018_2050,Hombre,(70 a 74),36450,7,19.204389574759944,False,Cundinamarca
25,2020,DANE_2018_2050,Hombre,(75 a 79),24909,2,8.029226384037898,True,Cundinamarca
25,2020,DANE_2018_2050,Hombre,(80 y más),27834,5,17.96364158942301,False,Cundinamarca
25,2020,DANE_2018_2050,Mujer,(05 a 09),117885,0,0.0,True,Cundinamarca
25,2020,DANE_2018_2050,Mujer,(10 a 14),128100,2,1.56128024980484,True,Cundinamarca
25,2020,DANE_2018_2050,Mujer,(15 a 17),78853,3,3.804547702687279,True,Cundinamarca
25,2020,DANE_2018_2050,Mujer,(18 a 19),53341,0,0.0,True,Cundinamarca
25,2020,DANE_2018_2050,Mujer,(20 a 24),136189,5,3.6713684658819727,False,Cundinamarca
25,2020,DANE_2018_2050,Mujer,(25 a 29),130724,2,1.5299409442795509,True,Cundinamarca
25,2020,DANE_2018_2050,Mujer,(30 a 34),119146,5,4.196531985966797,False,Cundinamarca
25,2020,DANE_2018_2050,Mujer,(35 a 39),115333,5,4.335272645296663,False,Cundinamarca
25,2020,DANE_2018_2050,Mujer,(40 a 44),105270,4,3.7997530160539563,True,Cundinamarca
25,2020,DANE_2018_2050,Mujer,(45 a 49),94806,0,0.0,True,Cundinamarca
25,2020,DANE_2018_2050,Mujer,(50 a 54),90404,1,1.1061457457634618,True,Cundinamarca
25,2020,DANE_2018_2050,Mujer,(55 a 59),82262,1,1.215628115047045,True,Cundinamarca
25,2020,DANE_2018_2050,Mujer,(60 a 64),68223,0,0.0,True,Cundinamarca
25,2020,DANE_2018_2050,Mujer,(65 a 69),54206,2,3.6896284544146405,True,Cundinamarca
25,2020,DANE_2018_2050,Mujer,(70 a 74),40963,0,0.0,True,Cundinamarca
25,2020,DANE_2018_2050,Mujer,(75 a 79),29440,0,0.0,True,Cundinamarca
25,2020,DANE_2018_2050,Mujer,(80 y más),38756,0,0.0,True,Cundinamarca
25,2021,DANE_2018_2050,Hombre,(05 a 09),124065,1,0.8060290976504252,True,Cundinamarca
25,2021,DANE_2018_2050,Hombre,(10 a 14),134381,3,2.232458457668867,True,Cundinamarca
25,2021,DANE_2018_2050,Hombre,(15 a 17),83424,8,9.589566551591867,False,Cundinamarca
25,2021,DANE_2018_2050,Hombre,(18 a 19),56552,4,7.073136228603763,True,Cundinamarca
25,2021,DANE_2018_2050,Hombre,(20 a 24),143429,14,9.760927009182243,False,Cundinamarca
25,2021,DANE_2018_2050,Hombre,(25 a 29),139642,18,12.89010469629481,False,Cundinamarca
25,2021,DANE_2018_2050,Hombre,(30 a 34),124419,8,6.429886110642266,False,Cundinamarca
25,2021,DANE_2018_2050,Hombre,(35 a 39),114531,12,10.47751263849962,False,Cundinamarca
25,2021,DANE_2018_2050,Hombre,(40 a 44),104997,13,12.381306132556169,False,Cundinamarca
25,2021,DANE_2018_2050,Hombre,(45 a 49),92843,5,5.38543562788794,False,Cundinamarca
25,2021,DANE_2018_2050,Hombre,(50 a 54),87853,6,6.829590338406201,False,Cundinamarca
25,2021,DANE_2018_2050,Hombre,(55 a 59),79903,9,11.263657184336006,False,Cundinamarca
25,2021,DANE_2018_2050,Hombre,(60 a 64),65434,9,13.754317327383317,False,Cundinamarca
25,2021,DANE_2018_2050,Hombre,(65 a 69),51523,5,9.704403858470974,False,Cundinamarca
25,2021,DANE_2018_2050,Hombre,(70 a 74),37948,4,10.540739959945189,True,Cundinamarca
25,2021,DANE_2018_2050,Hombre,(75 a 79),25411,8,31.482428869387274,False,Cundinamarca
25,2021,DANE_2018_2050,Hombre,(80 y más),28160,5,17.75568181818182,False,Cundinamarca
25,2021,DANE_2018_2050,Mujer,(05 a 09),118604,0,0.0,True,Cundinamarca
25,2021,DANE_2018_2050,Mujer,(10 a 14),128680,4,3.108486167236556,True,Cundinamarca
25,2021,DANE_2018_2050,Mujer,(15 a 17),79826,1,1.2527246761706712,True,Cundinamarca
25,2021,DANE_2018_2050,Mujer,(18 a 19),53885,1,1.855804027094739,True,Cundinamarca
25,2021,DANE_2018_2050,Mujer,(20 a 24),139388,6,4.30453123654834,False,Cundinamarca
25,2021,DANE_2018_2050,Mujer,(25 a 29),136964,3,2.1903565900528608,True,Cundinamarca
25,2021,DANE_2018_2050,Mujer,(30 a 34),124687,0,0.0,True,Cundinamarca
25,2021,DANE_2018_2050,Mujer,(35 a 39),118640,3,2.528658125421443,True,Cundinamarca
25,2021,DANE_2018_2050,Mujer,(40 a 44),109893,2,1.8199521352588426,True,Cundinamarca
25,2021,DANE_2018_2050,Mujer,(45 a 49),97215,0,0.0,True,Cundinamarca
25,2021,DANE_2018_2050,Mujer,(50 a 54),92050,3,3.259098316132537,True,Cundinamarca
25,2021,DANE_2018_2050,Mujer,(55 a 59),84940,3,3.531904874028726,True,Cundinamarca
25,2021,DANE_2018_2050,Mujer,(60 a 64),71171,1,1.405066670413511,True,Cundinamarca
25,2021,DANE_2018_2050,Mujer,(65 a 69),56725,1,1.762891141472014,True,Cundinamarca
25,2021,DANE_2018_2050,Mujer,(70 a 74),42805,2,4.672351360822334,True,Cundinamarca
25,2021,DANE_2018_2050,Mujer,(75 a 79),30395,0,0.0,True,Cundinamarca
25,2021,DANE_2018_2050,Mujer,(80 y más),39614,2,5.048720149442117,True,Cundinamarca
25,2022,DANE_2018_2050,Hombre,(05 a 09),124564,0,0.0,True,Cundinamarca
25,2022,DANE_2018_2050,Hombre,(10 a 14),134398,4,2.976234765398295,True,Cundinamarca
25,2022,DANE_2018_2050,Hombre,(15 a 17),84254,7,8.308210886130034,False,Cundinamarca
25,2022,DANE_2018_2050,Hombre,(18 a 19),57088,8,14.013452914798206,False,Cundinamarca
25,2022,DANE_2018_2050,Hombre,(20 a 24),145133,18,12.402417093286848,False,Cundinamarca
25,2022,DANE_2018_2050,Hombre,(25 a 29),144835,13,8.97573100424621,False,Cundinamarca
25,2022,DANE_2018_2050,Hombre,(30 a 34),130688,11,8.416993143976493,False,Cundinamarca
25,2022,DANE_2018_2050,Hombre,(35 a 39),118057,14,11.858678434993266,False,Cundinamarca
25,2022,DANE_2018_2050,Hombre,(40 a 44),109265,12,10.982473802223952,False,Cundinamarca
25,2022,DANE_2018_2050,Hombre,(45 a 49),95489,11,11.519651478180732,False,Cundinamarca
25,2022,DANE_2018_2050,Hombre,(50 a 54),89212,11,12.330179796439939,False,Cundinamarca
25,2022,DANE_2018_2050,Hombre,(55 a 59),82101,11,13.398131569652014,False,Cundinamarca
25,2022,DANE_2018_2050,Hombre,(60 a 64),68141,9,13.207907133737397,False,Cundinamarca
25,2022,DANE_2018_2050,Hombre,(65 a 69),53309,3,5.627567577707329,True,Cundinamarca
25,2022,DANE_2018_2050,Hombre,(70 a 74),39336,9,22.87980475899939,False,Cundinamarca
25,2022,DANE_2018_2050,Hombre,(75 a 79),26032,7,26.889981561155505,False,Cundinamarca
25,2022,DANE_2018_2050,Hombre,(80 y más),28425,6,21.108179419525065,False,Cundinamarca
25,2022,DANE_2018_2050,Mujer,(05 a 09),118961,0,0.0,True,Cundinamarca
25,2022,DANE_2018_2050,Mujer,(10 a 14),128834,3,2.328577859881708,True,Cundinamarca
25,2022,DANE_2018_2050,Mujer,(15 a 17),80566,6,7.4473102797706225,False,Cundinamarca
25,2022,DANE_2018_2050,Mujer,(18 a 19),54200,2,3.690036900369004,True,Cundinamarca
25,2022,DANE_2018_2050,Mujer,(20 a 24),140949,8,5.675811818459159,False,Cundinamarca
25,2022,DANE_2018_2050,Mujer,(25 a 29),141841,4,2.820059080237731,True,Cundinamarca
25,2022,DANE_2018_2050,Mujer,(30 a 34),130314,1,0.7673772580075817,True,Cundinamarca
25,2022,DANE_2018_2050,Mujer,(35 a 39),121564,0,0.0,True,Cundinamarca
25,2022,DANE_2018_2050,Mujer,(40 a 44),114232,3,2.6262343301351634,True,Cundinamarca
25,2022,DANE_2018_2050,Mujer,(45 a 49),99994,3,3.0001800108006482,True,Cundinamarca
25,2022,DANE_2018_2050,Mujer,(50 a 54),93517,2,2.13864858795727,True,Cundinamarca
25,2022,DANE_2018_2050,Mujer,(55 a 59),87232,2,2.292736610418195,True,Cundinamarca
25,2022,DANE_2018_2050,Mujer,(60 a 64),74213,0,0.0,True,Cundinamarca
25,2022,DANE_2018_2050,Mujer,(65 a 69),59316,0,0.0,True,Cundinamarca
25,2022,DANE_2018_2050,Mujer,(70 a 74),44701,1,2.2370864186483526,True,Cundinamarca
25,2022,DANE_2018_2050,Mujer,(75 a 79),31539,0,0.0,True,Cundinamarca
25,2022,DANE_2018_2050,Mujer,(80 y más),40439,0,0.0,True,Cundinamarca
25,2023,DANE_2018_2050,Hombre,(05 a 09),124920,0,0.0,True,Cundinamarca
25,2023,DANE_2018_2050,Hombre,(10 a 14),134517,4,2.9736018495803505,True,Cundinamarca
25,2023,DANE_2018_2050,Hombre,(15 a 17),84625,5,5.908419497784343,False,Cundinamarca
25,2023,DANE_2018_2050,Hombre,(18 a 19),57668,12,20.808767427342723,False,Cundinamarca
25,2023,DANE_2018_2050,Hombre,(20 a 24),146370,23,15.713602514176403,False,Cundinamarca
25,2023,DANE_2018_2050,Hombre,(25 a 29),148806,14,9.408222786715589,False,Cundinamarca
25,2023,DANE_2018_2050,Hombre,(30 a 34),137159,19,13.852536107728985,False,Cundinamarca
25,2023,DANE_2018_2050,Hombre,(35 a 39),121911,11,9.022975777411391,False,Cundinamarca
25,2023,DANE_2018_2050,Hombre,(40 a 44),113375,13,11.466372657111355,False,Cundinamarca
25,2023,DANE_2018_2050,Hombre,(45 a 49),98566,8,8.116389018525659,False,Cundinamarca
25,2023,DANE_2018_2050,Hombre,(50 a 54),90660,11,12.13324509155085,False,Cundinamarca
25,2023,DANE_2018_2050,Hombre,(55 a 59),83986,14,16.669444907484582,False,Cundinamarca
25,2023,DANE_2018_2050,Hombre,(60 a 64),70991,7,9.860404840050148,False,Cundinamarca
25,2023,DANE_2018_2050,Hombre,(65 a 69),55251,5,9.049609961810646,False,Cundinamarca
25,2023,DANE_2018_2050,Hombre,(70 a 74),40807,5,12.252799764746243,False,Cundinamarca
25,2023,DANE_2018_2050,Hombre,(75 a 79),26948,2,7.4217010538815495,True,Cundinamarca
25,2023,DANE_2018_2050,Hombre,(80 y más),28932,3,10.369141435089174,True,Cundinamarca
25,2023,DANE_2018_2050,Mujer,(05 a 09),119182,0,0.0,True,Cundinamarca
25,2023,DANE_2018_2050,Mujer,(10 a 14),128930,0,0.0,True,Cundinamarca
25,2023,DANE_2018_2050,Mujer,(15 a 17),81023,4,4.936869777717439,True,Cundinamarca
25,2023,DANE_2018_2050,Mujer,(18 a 19),54521,2,3.6683112928963153,True,Cundinamarca
25,2023,DANE_2018_2050,Mujer,(20 a 24),141524,7,4.946157542183657,False,Cundinamarca
25,2023,DANE_2018_2050,Mujer,(25 a 29),145870,2,1.3710838417769247,True,Cundinamarca
25,2023,DANE_2018_2050,Mujer,(30 a 34),136177,2,1.4686767956409672,True,Cundinamarca
25,2023,DANE_2018_2050,Mujer,(35 a 39),124643,0,0.0,True,Cundinamarca
25,2023,DANE_2018_2050,Mujer,(40 a 44),118108,0,0.0,True,Cundinamarca
25,2023,DANE_2018_2050,Mujer,(45 a 49),103359,1,0.9675016205652144,True,Cundinamarca
25,2023,DANE_2018_2050,Mujer,(50 a 54),95002,0,0.0,True,Cundinamarca
25,2023,DANE_2018_2050,Mujer,(55 a 59),89269,0,0.0,True,Cundinamarca
25,2023,DANE_2018_2050,Mujer,(60 a 64),77346,2,2.585783363069842,True,Cundinamarca
25,2023,DANE_2018_2050,Mujer,(65 a 69),61950,2,3.228410008071025,True,Cundinamarca
25,2023,DANE_2018_2050,Mujer,(70 a 74),46728,1,2.1400445129258685,True,Cundinamarca
25,2023,DANE_2018_2050,Mujer,(75 a 79),32971,0,0.0,True,Cundinamarca
25,2023,DANE_2018_2050,Mujer,(80 y más),41555,0,0.0,True,Cundinamarca
25,2024,DANE_2018_2050,Hombre,(05 a 09),125074,0,0.0,True,Cundinamarca
25,2024,DANE_2018_2050,Hombre,(10 a 14),134717,3,2.226890444413103,True,Cundinamarca
25,2024,DANE_2018_2050,Hombre,(15 a 17),84823,11,12.968180800018862,False,Cundinamarca
25,2024,DANE_2018_2050,Hombre,(18 a 19),58220,5,8.588114050154587,False,Cundinamarca
25,2024,DANE_2018_2050,Hombre,(20 a 24),147624,24,16.257519102584943,False,Cundinamarca
25,2024,DANE_2018_2050,Hombre,(25 a 29),151861,23,15.145429043664931,False,Cundinamarca
25,2024,DANE_2018_2050,Hombre,(30 a 34),143779,14,9.73716606736728,False,Cundinamarca
25,2024,DANE_2018_2050,Hombre,(35 a 39),126602,16,12.638030994771015,False,Cundinamarca
25,2024,DANE_2018_2050,Hombre,(40 a 44),117129,19,16.221431071724336,False,Cundinamarca
25,2024,DANE_2018_2050,Hombre,(45 a 49),102327,8,7.818073431254703,False,Cundinamarca
25,2024,DANE_2018_2050,Hombre,(50 a 54),92226,9,9.75863639320799,False,Cundinamarca
25,2024,DANE_2018_2050,Hombre,(55 a 59),85798,9,10.489755005944195,False,Cundinamarca
25,2024,DANE_2018_2050,Hombre,(60 a 64),73949,14,18.931966625647405,False,Cundinamarca
25,2024,DANE_2018_2050,Hombre,(65 a 69),57459,11,19.144085347813224,False,Cundinamarca
25,2024,DANE_2018_2050,Hombre,(70 a 74),42593,5,11.739018148522058,False,Cundinamarca
25,2024,DANE_2018_2050,Hombre,(75 a 79),28154,3,10.655679477161327,True,Cundinamarca
25,2024,DANE_2018_2050,Hombre,(80 y más),29854,2,6.699269779594023,True,Cundinamarca
25,2024,DANE_2018_2050,Mujer,(05 a 09),119290,0,0.0,True,Cundinamarca
25,2024,DANE_2018_2050,Mujer,(10 a 14),129131,1,0.7744073847488209,True,Cundinamarca
25,2024,DANE_2018_2050,Mujer,(15 a 17),81153,2,2.4644806723103274,True,Cundinamarca
25,2024,DANE_2018_2050,Mujer,(18 a 19),55002,2,3.6362314097669173,True,Cundinamarca
25,2024,DANE_2018_2050,Mujer,(20 a 24),141992,7,4.9298552031100344,False,Cundinamarca
25,2024,DANE_2018_2050,Mujer,(25 a 29),149300,7,4.688546550569323,False,Cundinamarca
25,2024,DANE_2018_2050,Mujer,(30 a 34),142253,2,1.4059457445537176,True,Cundinamarca
25,2024,DANE_2018_2050,Mujer,(35 a 39),128340,3,2.337540906965872,True,Cundinamarca
25,2024,DANE_2018_2050,Mujer,(40 a 44),121667,1,0.821915556395736,True,Cundinamarca
25,2024,DANE_2018_2050,Mujer,(45 a 49),107132,0,0.0,True,Cundinamarca
25,2024,DANE_2018_2050,Mujer,(50 a 54),96687,2,2.068530412568391,True,Cundinamarca
25,2024,DANE_2018_2050,Mujer,(55 a 59),91044,0,0.0,True,Cundinamarca
25,2024,DANE_2018_2050,Mujer,(60 a 64),80462,3,3.7284680967413184,True,Cundinamarca
25,2024,DANE_2018_2050,Mujer,(65 a 69),64621,0,0.0,True,Cundinamarca
25,2024,DANE_2018_2050,Mujer,(70 a 74),49018,2,4.080133828389571,True,Cundinamarca
25,2024,DANE_2018_2050,Mujer,(75 a 79),34562,0,0.0,True,Cundinamarca
25,2024,DANE_2018_2050,Mujer,(80 y más),42942,0,0.0,True,Cundinamarca
27,2015,DANE_2005_2017,Hombre,(05 a 09),30960,0,0.0,True,Chocó
27,2015,DANE_2005_2017,Hombre,(10 a 14),29421,0,0.0,True,Chocó
27,2015,DANE_2005_2017,Hombre,(15 a 17),16148,0,0.0,True,Chocó
27,2015,DANE_2005_2017,Hombre,(18 a 19),9875,2,20.253164556962027,True,Chocó
27,2015,DANE_2005_2017,Hombre,(20 a 24),23178,0,0.0,True,Chocó
27,2015,DANE_2005_2017,Hombre,(25 a 29),20926,1,4.778744146038421,True,Chocó
27,2015,DANE_2005_2017,Hombre,(30 a 34),17194,2,11.6319646388275,True,Chocó
27,2015,DANE_2005_2017,Hombre,(35 a 39),14139,2,14.145271942853102,True,Chocó
27,2015,DANE_2005_2017,Hombre,(40 a 44),11998,0,0.0,True,Chocó
27,2015,DANE_2005_2017,Hombre,(45 a 49),10234,0,0.0,True,Chocó
27,2015,DANE_2005_2017,Hombre,(50 a 54),9429,1,10.605578534309046,True,Chocó
27,2015,DANE_2005_2017,Hombre,(55 a 59),8029,0,0.0,True,Chocó
27,2015,DANE_2005_2017,Hombre,(60 a 64),6050,0,0.0,True,Chocó
27,2015,DANE_2005_2017,Hombre,(65 a 69),4107,0,0.0,True,Chocó
27,2015,DANE_2005_2017,Hombre,(70 a 74),2932,0,0.0,True,Chocó
27,2015,DANE_2005_2017,Hombre,(75 a 79),2206,0,0.0,True,Chocó
27,2015,DANE_2005_2017,Hombre,(80 y más),3219,0,0.0,True,Chocó
27,2015,DANE_2005_2017,Mujer,(05 a 09),29780,0,0.0,True,Chocó
27,2015,DANE_2005_2017,Mujer,(10 a 14),27844,0,0.0,True,Chocó
27,2015,DANE_2005_2017,Mujer,(15 a 17),15292,0,0.0,True,Chocó
27,2015,DANE_2005_2017,Mujer,(18 a 19),9547,0,0.0,True,Chocó
27,2015,DANE_2005_2017,Mujer,(20 a 24),23349,3,12.848515996402416,True,Chocó
27,2015,DANE_2005_2017,Mujer,(25 a 29),22099,0,0.0,True,Chocó
27,2015,DANE_2005_2017,Mujer,(30 a 34),18381,1,5.440400413470432,True,Chocó
27,2015,DANE_2005_2017,Mujer,(35 a 39),15448,0,0.0,True,Chocó
27,2015,DANE_2005_2017,Mujer,(40 a 44),13272,0,0.0,True,Chocó
27,2015,DANE_2005_2017,Mujer,(45 a 49),11570,0,0.0,True,Chocó
27,2015,DANE_2005_2017,Mujer,(50 a 54),10919,0,0.0,True,Chocó
27,2015,DANE_2005_2017,Mujer,(55 a 59),9169,0,0.0,True,Chocó
27,2015,DANE_2005_2017,Mujer,(60 a 64),6705,0,0.0,True,Chocó
27,2015,DANE_2005_2017,Mujer,(65 a 69),4457,0,0.0,True,Chocó
27,2015,DANE_2005_2017,Mujer,(70 a 74),3137,0,0.0,True,Chocó
27,2015,DANE_2005_2017,Mujer,(75 a 79),2446,0,0.0,True,Chocó
27,2015,DANE_2005_2017,Mujer,(80 y más),3962,0,0.0,True,Chocó
27,2016,DANE_2005_2017,Hombre,(05 a 09),31180,0,0.0,True,Chocó
27,2016,DANE_2005_2017,Hombre,(10 a 14),29884,0,0.0,True,Chocó
27,2016,DANE_2005_2017,Hombre,(15 a 17),16500,0,0.0,True,Chocó
27,2016,DANE_2005_2017,Hombre,(18 a 19),10115,0,0.0,True,Chocó
27,2016,DANE_2005_2017,Hombre,(20 a 24),23230,2,8.609556607834696,True,Chocó
27,2016,DANE_2005_2017,Hombre,(25 a 29),21146,0,0.0,True,Chocó
27,2016,DANE_2005_2017,Hombre,(30 a 34),17868,1,5.596597268860533,True,Chocó
27,2016,DANE_2005_2017,Hombre,(35 a 39),14453,0,0.0,True,Chocó
27,2016,DANE_2005_2017,Hombre,(40 a 44),12361,0,0.0,True,Chocó
27,2016,DANE_2005_2017,Hombre,(45 a 49),10555,0,0.0,True,Chocó
27,2016,DANE_2005_2017,Hombre,(50 a 54),9443,1,10.589854918987609,True,Chocó
27,2016,DANE_2005_2017,Hombre,(55 a 59),8366,0,0.0,True,Chocó
27,2016,DANE_2005_2017,Hombre,(60 a 64),6305,0,0.0,True,Chocó
27,2016,DANE_2005_2017,Hombre,(65 a 69),4416,0,0.0,True,Chocó
27,2016,DANE_2005_2017,Hombre,(70 a 74),2970,0,0.0,True,Chocó
27,2016,DANE_2005_2017,Hombre,(75 a 79),2256,0,0.0,True,Chocó
27,2016,DANE_2005_2017,Hombre,(80 y más),3492,0,0.0,True,Chocó
27,2016,DANE_2005_2017,Mujer,(05 a 09),30024,0,0.0,True,Chocó
27,2016,DANE_2005_2017,Mujer,(10 a 14),28380,1,3.5236081747709656,True,Chocó
27,2016,DANE_2005_2017,Mujer,(15 a 17),15510,1,6.447453255963895,True,Chocó
27,2016,DANE_2005_2017,Mujer,(18 a 19),9707,0,0.0,True,Chocó
27,2016,DANE_2005_2017,Mujer,(20 a 24),23174,0,0.0,True,Chocó
27,2016,DANE_2005_2017,Mujer,(25 a 29),22381,0,0.0,True,Chocó
27,2016,DANE_2005_2017,Mujer,(30 a 34),19192,0,0.0,True,Chocó
27,2016,DANE_2005_2017,Mujer,(35 a 39),15712,0,0.0,True,Chocó
27,2016,DANE_2005_2017,Mujer,(40 a 44),13688,0,0.0,True,Chocó
27,2016,DANE_2005_2017,Mujer,(45 a 49),11818,0,0.0,True,Chocó
27,2016,DANE_2005_2017,Mujer,(50 a 54),10876,1,9.194556822361163,True,Chocó
27,2016,DANE_2005_2017,Mujer,(55 a 59),9634,0,0.0,True,Chocó
27,2016,DANE_2005_2017,Mujer,(60 a 64),7051,0,0.0,True,Chocó
27,2016,DANE_2005_2017,Mujer,(65 a 69),4813,0,0.0,True,Chocó
27,2016,DANE_2005_2017,Mujer,(70 a 74),3183,0,0.0,True,Chocó
27,2016,DANE_2005_2017,Mujer,(75 a 79),2504,0,0.0,True,Chocó
27,2016,DANE_2005_2017,Mujer,(80 y más),4218,0,0.0,True,Chocó
27,2017,DANE_2005_2017,Hombre,(05 a 09),31324,0,0.0,True,Chocó
27,2017,DANE_2005_2017,Hombre,(10 a 14),30273,0,0.0,True,Chocó
27,2017,DANE_2005_2017,Hombre,(15 a 17),16851,0,0.0,True,Chocó
27,2017,DANE_2005_2017,Hombre,(18 a 19),10404,1,9.611687812379854,True,Chocó
27,2017,DANE_2005_2017,Hombre,(20 a 24),23351,4,17.129887370990534,True,Chocó
27,2017,DANE_2005_2017,Hombre,(25 a 29),21265,2,9.405125793557488,True,Chocó
27,2017,DANE_2005_2017,Hombre,(30 a 34),18461,2,10.83364931477168,True,Chocó
27,2017,DANE_2005_2017,Hombre,(35 a 39),14785,1,6.763611768684478,True,Chocó
27,2017,DANE_2005_2017,Hombre,(40 a 44),12728,0,0.0,True,Chocó
27,2017,DANE_2005_2017,Hombre,(45 a 49),10871,0,0.0,True,Chocó
27,2017,DANE_2005_2017,Hombre,(50 a 54),9466,0,0.0,True,Chocó
27,2017,DANE_2005_2017,Hombre,(55 a 59),8679,0,0.0,True,Chocó
27,2017,DANE_2005_2017,Hombre,(60 a 64),6573,0,0.0,True,Chocó
27,2017,DANE_2005_2017,Hombre,(65 a 69),4704,0,0.0,True,Chocó
27,2017,DANE_2005_2017,Hombre,(70 a 74),3045,0,0.0,True,Chocó
27,2017,DANE_2005_2017,Hombre,(75 a 79),2315,0,0.0,True,Chocó
27,2017,DANE_2005_2017,Hombre,(80 y más),3775,0,0.0,True,Chocó
27,2017,DANE_2005_2017,Mujer,(05 a 09),30199,0,0.0,True,Chocó
27,2017,DANE_2005_2017,Mujer,(10 a 14),28895,1,3.460806367883717,True,Chocó
27,2017,DANE_2005_2017,Mujer,(15 a 17),15733,0,0.0,True,Chocó
27,2017,DANE_2005_2017,Mujer,(18 a 19),9879,0,0.0,True,Chocó
27,2017,DANE_2005_2017,Mujer,(20 a 24),23079,1,4.332943368430175,True,Chocó
27,2017,DANE_2005_2017,Mujer,(25 a 29),22564,2,8.863676653075695,True,Chocó
27,2017,DANE_2005_2017,Mujer,(30 a 34),19906,0,0.0,True,Chocó
27,2017,DANE_2005_2017,Mujer,(35 a 39),16091,0,0.0,True,Chocó
27,2017,DANE_2005_2017,Mujer,(40 a 44),14063,0,0.0,True,Chocó
27,2017,DANE_2005_2017,Mujer,(45 a 49),12111,0,0.0,True,Chocó
27,2017,DANE_2005_2017,Mujer,(50 a 54),10845,1,9.220839096357768,True,Chocó
27,2017,DANE_2005_2017,Mujer,(55 a 59),10018,0,0.0,True,Chocó
27,2017,DANE_2005_2017,Mujer,(60 a 64),7416,0,0.0,True,Chocó
27,2017,DANE_2005_2017,Mujer,(65 a 69),5188,0,0.0,True,Chocó
27,2017,DANE_2005_2017,Mujer,(70 a 74),3283,0,0.0,True,Chocó
27,2017,DANE_2005_2017,Mujer,(75 a 79),2521,0,0.0,True,Chocó
27,2017,DANE_2005_2017,Mujer,(80 y más),4490,0,0.0,True,Chocó
27,2018,DANE_2018_2050,Hombre,(05 a 09),34163,0,0.0,True,Chocó
27,2018,DANE_2018_2050,Hombre,(10 a 14),33844,1,2.95473348303983,True,Chocó
27,2018,DANE_2018_2050,Hombre,(15 a 17),17605,0,0.0,True,Chocó
27,2018,DANE_2018_2050,Hombre,(18 a 19),10654,0,0.0,True,Chocó
27,2018,DANE_2018_2050,Hombre,(20 a 24),22617,0,0.0,True,Chocó
27,2018,DANE_2018_2050,Hombre,(25 a 29),19513,1,5.124788602470148,True,Chocó
27,2018,DANE_2018_2050,Hombre,(30 a 34),17103,1,5.846927439630474,True,Chocó
27,2018,DANE_2018_2050,Hombre,(35 a 39),14788,1,6.76223965377333,True,Chocó
27,2018,DANE_2018_2050,Hombre,(40 a 44),12174,1,8.21422704123542,True,Chocó
27,2018,DANE_2018_2050,Hombre,(45 a 49),10471,1,9.550186228631459,True,Chocó
27,2018,DANE_2018_2050,Hombre,(50 a 54),9287,0,0.0,True,Chocó
27,2018,DANE_2018_2050,Hombre,(55 a 59),8227,0,0.0,True,Chocó
27,2018,DANE_2018_2050,Hombre,(60 a 64),6476,0,0.0,True,Chocó
27,2018,DANE_2018_2050,Hombre,(65 a 69),4806,0,0.0,True,Chocó
27,2018,DANE_2018_2050,Hombre,(70 a 74),3205,0,0.0,True,Chocó
27,2018,DANE_2018_2050,Hombre,(75 a 79),2504,0,0.0,True,Chocó
27,2018,DANE_2018_2050,Hombre,(80 y más),3450,0,0.0,True,Chocó
27,2018,DANE_2018_2050,Mujer,(05 a 09),32892,0,0.0,True,Chocó
27,2018,DANE_2018_2050,Mujer,(10 a 14),32313,2,6.189459350725714,True,Chocó
27,2018,DANE_2018_2050,Mujer,(15 a 17),16681,0,0.0,True,Chocó
27,2018,DANE_2018_2050,Mujer,(18 a 19),9914,0,0.0,True,Chocó
27,2018,DANE_2018_2050,Mujer,(20 a 24),22725,0,0.0,True,Chocó
27,2018,DANE_2018_2050,Mujer,(25 a 29),21264,0,0.0,True,Chocó
27,2018,DANE_2018_2050,Mujer,(30 a 34),18916,0,0.0,True,Chocó
27,2018,DANE_2018_2050,Mujer,(35 a 39),16387,0,0.0,True,Chocó
27,2018,DANE_2018_2050,Mujer,(40 a 44),13280,0,0.0,True,Chocó
27,2018,DANE_2018_2050,Mujer,(45 a 49),11446,0,0.0,True,Chocó
27,2018,DANE_2018_2050,Mujer,(50 a 54),10445,0,0.0,True,Chocó
27,2018,DANE_2018_2050,Mujer,(55 a 59),9414,0,0.0,True,Chocó
27,2018,DANE_2018_2050,Mujer,(60 a 64),7398,0,0.0,True,Chocó
27,2018,DANE_2018_2050,Mujer,(65 a 69),5350,0,0.0,True,Chocó
27,2018,DANE_2018_2050,Mujer,(70 a 74),3513,0,0.0,True,Chocó
27,2018,DANE_2018_2050,Mujer,(75 a 79),2873,0,0.0,True,Chocó
27,2018,DANE_2018_2050,Mujer,(80 y más),4622,0,0.0,True,Chocó
27,2019,DANE_2018_2050,Hombre,(05 a 09),33921,0,0.0,True,Chocó
27,2019,DANE_2018_2050,Hombre,(10 a 14),34222,0,0.0,True,Chocó
27,2019,DANE_2018_2050,Hombre,(15 a 17),18239,0,0.0,True,Chocó
27,2019,DANE_2018_2050,Hombre,(18 a 19),11065,1,9.03750564844103,True,Chocó
27,2019,DANE_2018_2050,Hombre,(20 a 24),23616,1,4.234417344173441,True,Chocó
27,2019,DANE_2018_2050,Hombre,(25 a 29),20110,1,4.972650422675286,True,Chocó
27,2019,DANE_2018_2050,Hombre,(30 a 34),17506,0,0.0,True,Chocó
27,2019,DANE_2018_2050,Hombre,(35 a 39),15175,2,13.179571663920921,True,Chocó
27,2019,DANE_2018_2050,Hombre,(40 a 44),12627,2,15.839074998020116,True,Chocó
27,2019,DANE_2018_2050,Hombre,(45 a 49),10652,0,0.0,True,Chocó
27,2019,DANE_2018_2050,Hombre,(50 a 54),9487,0,0.0,True,Chocó
27,2019,DANE_2018_2050,Hombre,(55 a 59),8430,0,0.0,True,Chocó
27,2019,DANE_2018_2050,Hombre,(60 a 64),6733,0,0.0,True,Chocó
27,2019,DANE_2018_2050,Hombre,(65 a 69),4979,0,0.0,True,Chocó
27,2019,DANE_2018_2050,Hombre,(70 a 74),3358,0,0.0,True,Chocó
27,2019,DANE_2018_2050,Hombre,(75 a 79),2501,0,0.0,True,Chocó
27,2019,DANE_2018_2050,Hombre,(80 y más),3592,0,0.0,True,Chocó
27,2019,DANE_2018_2050,Mujer,(05 a 09),32655,1,3.062318174858368,True,Chocó
27,2019,DANE_2018_2050,Mujer,(10 a 14),32753,1,3.0531554361432542,True,Chocó
27,2019,DANE_2018_2050,Mujer,(15 a 17),17285,1,5.7853630315302285,True,Chocó
27,2019,DANE_2018_2050,Mujer,(18 a 19),10415,0,0.0,True,Chocó
27,2019,DANE_2018_2050,Mujer,(20 a 24),23221,0,0.0,True,Chocó
27,2019,DANE_2018_2050,Mujer,(25 a 29),21905,0,0.0,True,Chocó
27,2019,DANE_2018_2050,Mujer,(30 a 34),19338,0,0.0,True,Chocó
27,2019,DANE_2018_2050,Mujer,(35 a 39),16841,1,5.937889674009857,True,Chocó
27,2019,DANE_2018_2050,Mujer,(40 a 44),13819,0,0.0,True,Chocó
27,2019,DANE_2018_2050,Mujer,(45 a 49),11638,0,0.0,True,Chocó
27,2019,DANE_2018_2050,Mujer,(50 a 54),10591,0,0.0,True,Chocó
27,2019,DANE_2018_2050,Mujer,(55 a 59),9610,0,0.0,True,Chocó
27,2019,DANE_2018_2050,Mujer,(60 a 64),7725,0,0.0,True,Chocó
27,2019,DANE_2018_2050,Mujer,(65 a 69),5551,0,0.0,True,Chocó
27,2019,DANE_2018_2050,Mujer,(70 a 74),3690,0,0.0,True,Chocó
27,2019,DANE_2018_2050,Mujer,(75 a 79),2782,0,0.0,True,Chocó
27,2019,DANE_2018_2050,Mujer,(80 y más),4764,0,0.0,True,Chocó
27,2020,DANE_2018_2050,Hombre,(05 a 09),33682,0,0.0,True,Chocó
27,2020,DANE_2018_2050,Hombre,(10 a 14),34366,0,0.0,True,Chocó
27,2020,DANE_2018_2050,Hombre,(15 a 17),18963,0,0.0,True,Chocó
27,2020,DANE_2018_2050,Hombre,(18 a 19),11373,0,0.0,True,Chocó
27,2020,DANE_2018_2050,Hombre,(20 a 24),24727,1,4.044162251789541,True,Chocó
27,2020,DANE_2018_2050,Hombre,(25 a 29),20761,0,0.0,True,Chocó
27,2020,DANE_2018_2050,Hombre,(30 a 34),17923,0,0.0,True,Chocó
27,2020,DANE_2018_2050,Hombre,(35 a 39),15542,0,0.0,True,Chocó
27,2020,DANE_2018_2050,Hombre,(40 a 44),13098,0,0.0,True,Chocó
27,2020,DANE_2018_2050,Hombre,(45 a 49),10858,0,0.0,True,Chocó
27,2020,DANE_2018_2050,Hombre,(50 a 54),9659,1,10.353038616834041,True,Chocó
27,2020,DANE_2018_2050,Hombre,(55 a 59),8602,0,0.0,True,Chocó
27,2020,DANE_2018_2050,Hombre,(60 a 64),7010,0,0.0,True,Chocó
27,2020,DANE_2018_2050,Hombre,(65 a 69),5136,1,19.470404984423677,True,Chocó
27,2020,DANE_2018_2050,Hombre,(70 a 74),3541,0,0.0,True,Chocó
27,2020,DANE_2018_2050,Hombre,(75 a 79),2490,0,0.0,True,Chocó
27,2020,DANE_2018_2050,Hombre,(80 y más),3713,0,0.0,True,Chocó
27,2020,DANE_2018_2050,Mujer,(05 a 09),32451,0,0.0,True,Chocó
27,2020,DANE_2018_2050,Mujer,(10 a 14),32942,2,6.0712767895088335,True,Chocó
27,2020,DANE_2018_2050,Mujer,(15 a 17),17908,1,5.584096493187402,True,Chocó
27,2020,DANE_2018_2050,Mujer,(18 a 19),10825,0,0.0,True,Chocó
27,2020,DANE_2018_2050,Mujer,(20 a 24),23940,1,4.177109440267335,True,Chocó
27,2020,DANE_2018_2050,Mujer,(25 a 29),22465,0,0.0,True,Chocó
27,2020,DANE_2018_2050,Mujer,(30 a 34),19814,0,0.0,True,Chocó
27,2020,DANE_2018_2050,Mujer,(35 a 39),17224,0,0.0,True,Chocó
27,2020,DANE_2018_2050,Mujer,(40 a 44),14404,0,0.0,True,Chocó
27,2020,DANE_2018_2050,Mujer,(45 a 49),11850,0,0.0,True,Chocó
27,2020,DANE_2018_2050,Mujer,(50 a 54),10746,0,0.0,True,Chocó
27,2020,DANE_2018_2050,Mujer,(55 a 59),9757,0,0.0,True,Chocó
27,2020,DANE_2018_2050,Mujer,(60 a 64),8040,0,0.0,True,Chocó
27,2020,DANE_2018_2050,Mujer,(65 a 69),5751,0,0.0,True,Chocó
27,2020,DANE_2018_2050,Mujer,(70 a 74),3866,0,0.0,True,Chocó
27,2020,DANE_2018_2050,Mujer,(75 a 79),2741,0,0.0,True,Chocó
27,2020,DANE_2018_2050,Mujer,(80 y más),4881,0,0.0,True,Chocó
27,2021,DANE_2018_2050,Hombre,(05 a 09),33353,0,0.0,True,Chocó
27,2021,DANE_2018_2050,Hombre,(10 a 14),34215,0,0.0,True,Chocó
27,2021,DANE_2018_2050,Hombre,(15 a 17),19496,0,0.0,True,Chocó
27,2021,DANE_2018_2050,Hombre,(18 a 19),11725,0,0.0,True,Chocó
27,2021,DANE_2018_2050,Hombre,(20 a 24),25773,2,7.760058976448221,True,Chocó
27,2021,DANE_2018_2050,Hombre,(25 a 29),21363,0,0.0,True,Chocó
27,2021,DANE_2018_2050,Hombre,(30 a 34),18353,1,5.448700484934343,True,Chocó
27,2021,DANE_2018_2050,Hombre,(35 a 39),15818,0,0.0,True,Chocó
27,2021,DANE_2018_2050,Hombre,(40 a 44),13521,0,0.0,True,Chocó
27,2021,DANE_2018_2050,Hombre,(45 a 49),11105,0,0.0,True,Chocó
27,2021,DANE_2018_2050,Hombre,(50 a 54),9792,0,0.0,True,Chocó
27,2021,DANE_2018_2050,Hombre,(55 a 59),8719,0,0.0,True,Chocó
27,2021,DANE_2018_2050,Hombre,(60 a 64),7252,0,0.0,True,Chocó
27,2021,DANE_2018_2050,Hombre,(65 a 69),5271,0,0.0,True,Chocó
27,2021,DANE_2018_2050,Hombre,(70 a 74),3695,0,0.0,True,Chocó
27,2021,DANE_2018_2050,Hombre,(75 a 79),2480,1,40.32258064516129,True,Chocó
27,2021,DANE_2018_2050,Hombre,(80 y más),3778,0,0.0,True,Chocó
27,2021,DANE_2018_2050,Mujer,(05 a 09),32183,0,0.0,True,Chocó
27,2021,DANE_2018_2050,Mujer,(10 a 14),32800,2,6.097560975609756,True,Chocó
27,2021,DANE_2018_2050,Mujer,(15 a 17),18445,0,0.0,True,Chocó
27,2021,DANE_2018_2050,Mujer,(18 a 19),11168,0,0.0,True,Chocó
27,2021,DANE_2018_2050,Mujer,(20 a 24),24771,1,4.036978725122119,True,Chocó
27,2021,DANE_2018_2050,Mujer,(25 a 29),22923,0,0.0,True,Chocó
27,2021,DANE_2018_2050,Mujer,(30 a 34),20242,0,0.0,True,Chocó
27,2021,DANE_2018_2050,Mujer,(35 a 39),17562,0,0.0,True,Chocó
27,2021,DANE_2018_2050,Mujer,(40 a 44),14922,0,0.0,True,Chocó
27,2021,DANE_2018_2050,Mujer,(45 a 49),12132,0,0.0,True,Chocó
27,2021,DANE_2018_2050,Mujer,(50 a 54),10842,0,0.0,True,Chocó
27,2021,DANE_2018_2050,Mujer,(55 a 59),9892,0,0.0,True,Chocó
27,2021,DANE_2018_2050,Mujer,(60 a 64),8319,0,0.0,True,Chocó
27,2021,DANE_2018_2050,Mujer,(65 a 69),5942,0,0.0,True,Chocó
27,2021,DANE_2018_2050,Mujer,(70 a 74),4040,0,0.0,True,Chocó
27,2021,DANE_2018_2050,Mujer,(75 a 79),2734,0,0.0,True,Chocó
27,2021,DANE_2018_2050,Mujer,(80 y más),4881,0,0.0,True,Chocó
27,2022,DANE_2018_2050,Hombre,(05 a 09),33027,0,0.0,True,Chocó
27,2022,DANE_2018_2050,Hombre,(10 a 14),33841,0,0.0,True,Chocó
27,2022,DANE_2018_2050,Hombre,(15 a 17),19906,1,5.023610971566362,True,Chocó
27,2022,DANE_2018_2050,Hombre,(18 a 19),12166,0,0.0,True,Chocó
27,2022,DANE_2018_2050,Hombre,(20 a 24),26678,0,0.0,True,Chocó
27,2022,DANE_2018_2050,Hombre,(25 a 29),21995,0,0.0,True,Chocó
27,2022,DANE_2018_2050,Hombre,(30 a 34),18772,1,5.327082889409759,True,Chocó
27,2022,DANE_2018_2050,Hombre,(35 a 39),16079,0,0.0,True,Chocó
27,2022,DANE_2018_2050,Hombre,(40 a 44),13912,1,7.18803910293272,True,Chocó
27,2022,DANE_2018_2050,Hombre,(45 a 49),11385,0,0.0,True,Chocó
27,2022,DANE_2018_2050,Hombre,(50 a 54),9877,0,0.0,True,Chocó
27,2022,DANE_2018_2050,Hombre,(55 a 59),8854,0,0.0,True,Chocó
27,2022,DANE_2018_2050,Hombre,(60 a 64),7442,0,0.0,True,Chocó
27,2022,DANE_2018_2050,Hombre,(65 a 69),5438,0,0.0,True,Chocó
27,2022,DANE_2018_2050,Hombre,(70 a 74),3820,0,0.0,True,Chocó
27,2022,DANE_2018_2050,Hombre,(75 a 79),2535,0,0.0,True,Chocó
27,2022,DANE_2018_2050,Hombre,(80 y más),3826,0,0.0,True,Chocó
27,2022,DANE_2018_2050,Mujer,(05 a 09),31926,0,0.0,True,Chocó
27,2022,DANE_2018_2050,Mujer,(10 a 14),32433,0,0.0,True,Chocó
27,2022,DANE_2018_2050,Mujer,(15 a 17),18912,2,10.575296108291031,True,Chocó
27,2022,DANE_2018_2050,Mujer,(18 a 19),11550,0,0.0,True,Chocó
27,2022,DANE_2018_2050,Mujer,(20 a 24),25601,0,0.0,True,Chocó
27,2022,DANE_2018_2050,Mujer,(25 a 29),23275,0,0.0,True,Chocó
27,2022,DANE_2018_2050,Mujer,(30 a 34),20759,0,0.0,True,Chocó
27,2022,DANE_2018_2050,Mujer,(35 a 39),17834,2,11.2145340361108,True,Chocó
27,2022,DANE_2018_2050,Mujer,(40 a 44),15410,0,0.0,True,Chocó
27,2022,DANE_2018_2050,Mujer,(45 a 49),12448,1,8.033419023136247,True,Chocó
27,2022,DANE_2018_2050,Mujer,(50 a 54),10951,0,0.0,True,Chocó
27,2022,DANE_2018_2050,Mujer,(55 a 59),10011,0,0.0,True,Chocó
27,2022,DANE_2018_2050,Mujer,(60 a 64),8540,0,0.0,True,Chocó
27,2022,DANE_2018_2050,Mujer,(65 a 69),6150,0,0.0,True,Chocó
27,2022,DANE_2018_2050,Mujer,(70 a 74),4189,0,0.0,True,Chocó
27,2022,DANE_2018_2050,Mujer,(75 a 79),2780,0,0.0,True,Chocó
27,2022,DANE_2018_2050,Mujer,(80 y más),4849,0,0.0,True,Chocó
27,2023,DANE_2018_2050,Hombre,(05 a 09),32767,0,0.0,True,Chocó
27,2023,DANE_2018_2050,Hombre,(10 a 14),33477,0,0.0,True,Chocó
27,2023,DANE_2018_2050,Hombre,(15 a 17),20037,2,9.981534161800669,True,Chocó
27,2023,DANE_2018_2050,Hombre,(18 a 19),12539,0,0.0,True,Chocó
27,2023,DANE_2018_2050,Hombre,(20 a 24),27549,2,7.259791643979818,True,Chocó
27,2023,DANE_2018_2050,Hombre,(25 a 29),22732,0,0.0,True,Chocó
27,2023,DANE_2018_2050,Hombre,(30 a 34),19232,0,0.0,True,Chocó
27,2023,DANE_2018_2050,Hombre,(35 a 39),16288,1,6.139489194499017,True,Chocó
27,2023,DANE_2018_2050,Hombre,(40 a 44),14261,2,14.02426197321366,True,Chocó
27,2023,DANE_2018_2050,Hombre,(45 a 49),11693,1,8.552125203112974,True,Chocó
27,2023,DANE_2018_2050,Hombre,(50 a 54),9982,0,0.0,True,Chocó
27,2023,DANE_2018_2050,Hombre,(55 a 59),8969,1,11.14951499609767,True,Chocó
27,2023,DANE_2018_2050,Hombre,(60 a 64),7629,0,0.0,True,Chocó
27,2023,DANE_2018_2050,Hombre,(65 a 69),5610,0,0.0,True,Chocó
27,2023,DANE_2018_2050,Hombre,(70 a 74),3940,0,0.0,True,Chocó
27,2023,DANE_2018_2050,Hombre,(75 a 79),2613,0,0.0,True,Chocó
27,2023,DANE_2018_2050,Hombre,(80 y más),3842,0,0.0,True,Chocó
27,2023,DANE_2018_2050,Mujer,(05 a 09),31537,0,0.0,True,Chocó
27,2023,DANE_2018_2050,Mujer,(10 a 14),32050,0,0.0,True,Chocó
27,2023,DANE_2018_2050,Mujer,(15 a 17),19115,2,10.4629871828407,True,Chocó
27,2023,DANE_2018_2050,Mujer,(18 a 19),11875,3,25.263157894736842,True,Chocó
27,2023,DANE_2018_2050,Mujer,(20 a 24),26459,1,3.7794323292641447,True,Chocó
27,2023,DANE_2018_2050,Mujer,(25 a 29),23569,0,0.0,True,Chocó
27,2023,DANE_2018_2050,Mujer,(30 a 34),21273,1,4.70079443425939,True,Chocó
27,2023,DANE_2018_2050,Mujer,(35 a 39),18126,1,5.516936996579499,True,Chocó
27,2023,DANE_2018_2050,Mujer,(40 a 44),15837,1,6.314327208435941,True,Chocó
27,2023,DANE_2018_2050,Mujer,(45 a 49),12836,0,0.0,True,Chocó
27,2023,DANE_2018_2050,Mujer,(50 a 54),11052,0,0.0,True,Chocó
27,2023,DANE_2018_2050,Mujer,(55 a 59),10124,0,0.0,True,Chocó
27,2023,DANE_2018_2050,Mujer,(60 a 64),8716,0,0.0,True,Chocó
27,2023,DANE_2018_2050,Mujer,(65 a 69),6384,0,0.0,True,Chocó
27,2023,DANE_2018_2050,Mujer,(70 a 74),4351,0,0.0,True,Chocó
27,2023,DANE_2018_2050,Mujer,(75 a 79),2893,0,0.0,True,Chocó
27,2023,DANE_2018_2050,Mujer,(80 y más),4800,0,0.0,True,Chocó
27,2024,DANE_2018_2050,Hombre,(05 a 09),32605,0,0.0,True,Chocó
27,2024,DANE_2018_2050,Hombre,(10 a 14),33011,1,3.02929326588107,True,Chocó
27,2024,DANE_2018_2050,Hombre,(15 a 17),19933,0,0.0,True,Chocó
27,2024,DANE_2018_2050,Hombre,(18 a 19),12805,0,0.0,True,Chocó
27,2024,DANE_2018_2050,Hombre,(20 a 24),28348,1,3.5275857203330045,True,Chocó
27,2024,DANE_2018_2050,Hombre,(25 a 29),23531,2,8.49942628872551,True,Chocó
27,2024,DANE_2018_2050,Hombre,(30 a 34),19700,1,5.0761421319796955,True,Chocó
27,2024,DANE_2018_2050,Hombre,(35 a 39),16565,4,24.147298520977966,True,Chocó
27,2024,DANE_2018_2050,Hombre,(40 a 44),14534,3,20.641254988303288,True,Chocó
27,2024,DANE_2018_2050,Hombre,(45 a 49),12027,0,0.0,True,Chocó
27,2024,DANE_2018_2050,Hombre,(50 a 54),10076,1,9.924573243350535,True,Chocó
27,2024,DANE_2018_2050,Hombre,(55 a 59),9098,1,10.991426687183997,True,Chocó
27,2024,DANE_2018_2050,Hombre,(60 a 64),7783,1,12.848515996402416,True,Chocó
27,2024,DANE_2018_2050,Hombre,(65 a 69),5797,0,0.0,True,Chocó
27,2024,DANE_2018_2050,Hombre,(70 a 74),4050,0,0.0,True,Chocó
27,2024,DANE_2018_2050,Hombre,(75 a 79),2737,0,0.0,True,Chocó
27,2024,DANE_2018_2050,Hombre,(80 y más),3956,0,0.0,True,Chocó
27,2024,DANE_2018_2050,Mujer,(05 a 09),31336,0,0.0,True,Chocó
27,2024,DANE_2018_2050,Mujer,(10 a 14),31603,2,6.328513115843432,True,Chocó
27,2024,DANE_2018_2050,Mujer,(15 a 17),19055,1,5.247966413014956,True,Chocó
27,2024,DANE_2018_2050,Mujer,(18 a 19),12152,0,0.0,True,Chocó
27,2024,DANE_2018_2050,Mujer,(20 a 24),27321,2,7.320376267340142,True,Chocó
27,2024,DANE_2018_2050,Mujer,(25 a 29),23920,0,0.0,True,Chocó
27,2024,DANE_2018_2050,Mujer,(30 a 34),21785,0,0.0,True,Chocó
27,2024,DANE_2018_2050,Mujer,(35 a 39),18420,0,0.0,True,Chocó
27,2024,DANE_2018_2050,Mujer,(40 a 44),16205,0,0.0,True,Chocó
27,2024,DANE_2018_2050,Mujer,(45 a 49),13301,0,0.0,True,Chocó
27,2024,DANE_2018_2050,Mujer,(50 a 54),11182,1,8.942944017170452,True,Chocó
27,2024,DANE_2018_2050,Mujer,(55 a 59),10243,1,9.762764814995606,True,Chocó
27,2024,DANE_2018_2050,Mujer,(60 a 64),8866,0,0.0,True,Chocó
27,2024,DANE_2018_2050,Mujer,(65 a 69),6632,0,0.0,True,Chocó
27,2024,DANE_2018_2050,Mujer,(70 a 74),4510,1,22.172949002217294,True,Chocó
27,2024,DANE_2018_2050,Mujer,(75 a 79),3017,0,0.0,True,Chocó
27,2024,DANE_2018_2050,Mujer,(80 y más),4815,0,0.0,True,Chocó
41,2015,DANE_2005_2017,Hombre,(05 a 09),51697,0,0.0,True,Huila
41,2015,DANE_2005_2017,Hombre,(10 a 14),51444,1,1.9438612860586266,True,Huila
41,2015,DANE_2005_2017,Hombre,(15 a 17),30665,6,19.566280776129137,False,Huila
41,2015,DANE_2005_2017,Hombre,(18 a 19),20012,5,24.985008994603238,False,Huila
41,2015,DANE_2005_2017,Hombre,(20 a 24),46707,8,17.1280536108078,False,Huila
41,2015,DANE_2005_2017,Hombre,(25 a 29),40738,5,12.273552948107417,False,Huila
41,2015,DANE_2005_2017,Hombre,(30 a 34),37394,3,8.0226774348826,True,Huila
41,2015,DANE_2005_2017,Hombre,(35 a 39),33559,3,8.939479722280163,True,Huila
41,2015,DANE_2005_2017,Hombre,(40 a 44),30112,5,16.604675876726887,False,Huila
41,2015,DANE_2005_2017,Hombre,(45 a 49),29024,5,17.227122381477397,False,Huila
41,2015,DANE_2005_2017,Hombre,(50 a 54),26958,4,14.837895986349135,True,Huila
41,2015,DANE_2005_2017,Hombre,(55 a 59),22661,5,22.064339614315344,False,Huila
41,2015,DANE_2005_2017,Hombre,(60 a 64),17838,2,11.21201928467317,True,Huila
41,2015,DANE_2005_2017,Hombre,(65 a 69),13623,2,14.681054099684358,True,Huila
41,2015,DANE_2005_2017,Hombre,(70 a 74),9892,1,10.109179134654266,True,Huila
41,2015,DANE_2005_2017,Hombre,(75 a 79),6857,0,0.0,True,Huila
41,2015,DANE_2005_2017,Hombre,(80 y más),8674,0,0.0,True,Huila
41,2015,DANE_2005_2017,Mujer,(05 a 09),48989,0,0.0,True,Huila
41,2015,DANE_2005_2017,Mujer,(10 a 14),48802,4,8.196385394041227,True,Huila
41,2015,DANE_2005_2017,Mujer,(15 a 17),29347,3,10.222509966947218,True,Huila
41,2015,DANE_2005_2017,Mujer,(18 a 19),19233,2,10.398793739926168,True,Huila
41,2015,DANE_2005_2017,Mujer,(20 a 24),45377,3,6.611278841703947,True,Huila
41,2015,DANE_2005_2017,Mujer,(25 a 29),40405,2,4.949882440292043,True,Huila
41,2015,DANE_2005_2017,Mujer,(30 a 34),37718,1,2.6512540431624156,True,Huila
41,2015,DANE_2005_2017,Mujer,(35 a 39),34987,1,2.8582044759482095,True,Huila
41,2015,DANE_2005_2017,Mujer,(40 a 44),32302,1,3.0957835428146865,True,Huila
41,2015,DANE_2005_2017,Mujer,(45 a 49),31277,0,0.0,True,Huila
41,2015,DANE_2005_2017,Mujer,(50 a 54),28840,0,0.0,True,Huila
41,2015,DANE_2005_2017,Mujer,(55 a 59),24012,0,0.0,True,Huila
41,2015,DANE_2005_2017,Mujer,(60 a 64),18649,0,0.0,True,Huila
41,2015,DANE_2005_2017,Mujer,(65 a 69),14142,0,0.0,True,Huila
41,2015,DANE_2005_2017,Mujer,(70 a 74),10299,0,0.0,True,Huila
41,2015,DANE_2005_2017,Mujer,(75 a 79),7164,0,0.0,True,Huila
41,2015,DANE_2005_2017,Mujer,(80 y más),9635,0,0.0,True,Huila
41,2016,DANE_2005_2017,Hombre,(05 a 09),51832,0,0.0,True,Huila
41,2016,DANE_2005_2017,Hombre,(10 a 14),51505,1,1.9415590719347637,True,Huila
41,2016,DANE_2005_2017,Hombre,(15 a 17),30637,7,22.848190096941607,False,Huila
41,2016,DANE_2005_2017,Hombre,(18 a 19),20045,2,9.977550511349463,True,Huila
41,2016,DANE_2005_2017,Hombre,(20 a 24),47001,7,14.893300142550158,False,Huila
41,2016,DANE_2005_2017,Hombre,(25 a 29),41434,5,12.067384273784814,False,Huila
41,2016,DANE_2005_2017,Hombre,(30 a 34),37771,7,18.532736755712055,False,Huila
41,2016,DANE_2005_2017,Hombre,(35 a 39),34402,2,5.813615487471659,True,Huila
41,2016,DANE_2005_2017,Hombre,(40 a 44),30448,6,19.70572779821335,False,Huila
41,2016,DANE_2005_2017,Hombre,(45 a 49),29120,5,17.17032967032967,False,Huila
41,2016,DANE_2005_2017,Hombre,(50 a 54),27354,7,25.590407253052568,False,Huila
41,2016,DANE_2005_2017,Hombre,(55 a 59),23440,0,0.0,True,Huila
41,2016,DANE_2005_2017,Hombre,(60 a 64),18498,1,5.405989836739107,True,Huila
41,2016,DANE_2005_2017,Hombre,(65 a 69),14113,2,14.17133139658471,True,Huila
41,2016,DANE_2005_2017,Hombre,(70 a 74),10238,1,9.767532721234616,True,Huila
41,2016,DANE_2005_2017,Hombre,(75 a 79),6962,1,14.363688595231256,True,Huila
41,2016,DANE_2005_2017,Hombre,(80 y más),8896,4,44.96402877697842,True,Huila
41,2016,DANE_2005_2017,Mujer,(05 a 09),49124,0,0.0,True,Huila
41,2016,DANE_2005_2017,Mujer,(10 a 14),48764,2,4.101386268558773,True,Huila
41,2016,DANE_2005_2017,Mujer,(15 a 17),29230,7,23.947998631542937,False,Huila
41,2016,DANE_2005_2017,Mujer,(18 a 19),19198,2,10.417751849150953,True,Huila
41,2016,DANE_2005_2017,Mujer,(20 a 24),45592,2,4.386734514827163,True,Huila
41,2016,DANE_2005_2017,Mujer,(25 a 29),41092,2,4.867127421395892,True,Huila
41,2016,DANE_2005_2017,Mujer,(30 a 34),38067,2,5.253894449260514,True,Huila
41,2016,DANE_2005_2017,Mujer,(35 a 39),35669,0,0.0,True,Huila
41,2016,DANE_2005_2017,Mujer,(40 a 44),32499,0,0.0,True,Huila
41,2016,DANE_2005_2017,Mujer,(45 a 49),31452,0,0.0,True,Huila
41,2016,DANE_2005_2017,Mujer,(50 a 54),29358,0,0.0,True,Huila
41,2016,DANE_2005_2017,Mujer,(55 a 59),24982,1,4.0028820750940675,True,Huila
41,2016,DANE_2005_2017,Mujer,(60 a 64),19476,2,10.26904908605463,True,Huila
41,2016,DANE_2005_2017,Mujer,(65 a 69),14785,1,6.763611768684478,True,Huila
41,2016,DANE_2005_2017,Mujer,(70 a 74),10756,0,0.0,True,Huila
41,2016,DANE_2005_2017,Mujer,(75 a 79),7394,0,0.0,True,Huila
41,2016,DANE_2005_2017,Mujer,(80 y más),9926,0,0.0,True,Huila
41,2017,DANE_2005_2017,Hombre,(05 a 09),52027,0,0.0,True,Huila
41,2017,DANE_2005_2017,Hombre,(10 a 14),51555,2,3.879352148191252,True,Huila
41,2017,DANE_2005_2017,Hombre,(15 a 17),30638,1,3.263920621450486,True,Huila
41,2017,DANE_2005_2017,Hombre,(18 a 19),20040,6,29.940119760479043,False,Huila
41,2017,DANE_2005_2017,Hombre,(20 a 24),47217,10,21.178812715759157,False,Huila
41,2017,DANE_2005_2017,Hombre,(25 a 29),42144,8,18.98253606681853,False,Huila
41,2017,DANE_2005_2017,Hombre,(30 a 34),38143,7,18.351991191044227,False,Huila
41,2017,DANE_2005_2017,Hombre,(35 a 39),35227,5,14.193658273483408,False,Huila
41,2017,DANE_2005_2017,Hombre,(40 a 44),30918,5,16.171809302024712,False,Huila
41,2017,DANE_2005_2017,Hombre,(45 a 49),29210,4,13.693940431359124,True,Huila
41,2017,DANE_2005_2017,Hombre,(50 a 54),27683,2,7.224650507531698,True,Huila
41,2017,DANE_2005_2017,Hombre,(55 a 59),24168,3,12.413108242303872,True,Huila
41,2017,DANE_2005_2017,Hombre,(60 a 64),19205,3,15.620932048945587,True,Huila
41,2017,DANE_2005_2017,Hombre,(65 a 69),14614,4,27.371014096072262,True,Huila
41,2017,DANE_2005_2017,Hombre,(70 a 74),10601,3,28.299217054994813,True,Huila
41,2017,DANE_2005_2017,Hombre,(75 a 79),7123,1,14.039028499227854,True,Huila
41,2017,DANE_2005_2017,Hombre,(80 y más),9079,4,44.05771560744576,True,Huila
41,2017,DANE_2005_2017,Mujer,(05 a 09),49305,0,0.0,True,Huila
41,2017,DANE_2005_2017,Mujer,(10 a 14),48763,1,2.0507351885651004,True,Huila
41,2017,DANE_2005_2017,Mujer,(15 a 17),29146,5,17.155012694709395,False,Huila
41,2017,DANE_2005_2017,Mujer,(18 a 19),19146,1,5.22302308576204,True,Huila
41,2017,DANE_2005_2017,Mujer,(20 a 24),45696,1,2.1883753501400562,True,Huila
41,2017,DANE_2005_2017,Mujer,(25 a 29),41789,0,0.0,True,Huila
41,2017,DANE_2005_2017,Mujer,(30 a 34),38475,0,0.0,True,Huila
41,2017,DANE_2005_2017,Mujer,(35 a 39),36300,0,0.0,True,Huila
41,2017,DANE_2005_2017,Mujer,(40 a 44),32857,0,0.0,True,Huila
41,2017,DANE_2005_2017,Mujer,(45 a 49),31533,0,0.0,True,Huila
41,2017,DANE_2005_2017,Mujer,(50 a 54),29804,0,0.0,True,Huila
41,2017,DANE_2005_2017,Mujer,(55 a 59),25919,0,0.0,True,Huila
41,2017,DANE_2005_2017,Mujer,(60 a 64),20357,0,0.0,True,Huila
41,2017,DANE_2005_2017,Mujer,(65 a 69),15454,0,0.0,True,Huila
41,2017,DANE_2005_2017,Mujer,(70 a 74),11248,1,8.890469416785207,True,Huila
41,2017,DANE_2005_2017,Mujer,(75 a 79),7676,0,0.0,True,Huila
41,2017,DANE_2005_2017,Mujer,(80 y más),10198,0,0.0,True,Huila
41,2018,DANE_2018_2050,Hombre,(05 a 09),54275,0,0.0,True,Huila
41,2018,DANE_2018_2050,Hombre,(10 a 14),54545,2,3.666697222476854,True,Huila
41,2018,DANE_2018_2050,Hombre,(15 a 17),32429,3,9.250979061950723,True,Huila
41,2018,DANE_2018_2050,Hombre,(18 a 19),20385,5,24.52783909737552,False,Huila
41,2018,DANE_2018_2050,Hombre,(20 a 24),45792,13,28.38923829489867,False,Huila
41,2018,DANE_2018_2050,Hombre,(25 a 29),39828,5,12.553982123129456,False,Huila
41,2018,DANE_2018_2050,Hombre,(30 a 34),35686,4,11.208877430925293,True,Huila
41,2018,DANE_2018_2050,Hombre,(35 a 39),34462,6,17.410481109627998,False,Huila
41,2018,DANE_2018_2050,Hombre,(40 a 44),30841,6,19.454622093965824,False,Huila
41,2018,DANE_2018_2050,Hombre,(45 a 49),28984,5,17.250897046646426,False,Huila
41,2018,DANE_2018_2050,Hombre,(50 a 54),27566,5,18.138286294710877,False,Huila
41,2018,DANE_2018_2050,Hombre,(55 a 59),24280,3,12.355848434925866,True,Huila
41,2018,DANE_2018_2050,Hombre,(60 a 64),19562,6,30.671710459053266,False,Huila
41,2018,DANE_2018_2050,Hombre,(65 a 69),15432,2,12.960082944530845,True,Huila
41,2018,DANE_2018_2050,Hombre,(70 a 74),11681,1,8.56091088091773,True,Huila
41,2018,DANE_2018_2050,Hombre,(75 a 79),8460,0,0.0,True,Huila
41,2018,DANE_2018_2050,Hombre,(80 y más),9942,0,0.0,True,Huila
41,2018,DANE_2018_2050,Mujer,(05 a 09),51726,0,0.0,True,Huila
41,2018,DANE_2018_2050,Mujer,(10 a 14),51799,1,1.930539199598448,True,Huila
41,2018,DANE_2018_2050,Mujer,(15 a 17),31036,3,9.666194097177472,True,Huila
41,2018,DANE_2018_2050,Mujer,(18 a 19),20192,0,0.0,True,Huila
41,2018,DANE_2018_2050,Mujer,(20 a 24),45122,0,0.0,True,Huila
41,2018,DANE_2018_2050,Mujer,(25 a 29),40373,0,0.0,True,Huila
41,2018,DANE_2018_2050,Mujer,(30 a 34),36906,1,2.709586517097491,True,Huila
41,2018,DANE_2018_2050,Mujer,(35 a 39),35728,0,0.0,True,Huila
41,2018,DANE_2018_2050,Mujer,(40 a 44),32054,0,0.0,True,Huila
41,2018,DANE_2018_2050,Mujer,(45 a 49),30141,2,6.635479911084569,True,Huila
41,2018,DANE_2018_2050,Mujer,(50 a 54),28622,2,6.987631891551953,True,Huila
41,2018,DANE_2018_2050,Mujer,(55 a 59),25309,0,0.0,True,Huila
41,2018,DANE_2018_2050,Mujer,(60 a 64),20726,0,0.0,True,Huila
41,2018,DANE_2018_2050,Mujer,(65 a 69),16276,0,0.0,True,Huila
41,2018,DANE_2018_2050,Mujer,(70 a 74),12268,0,0.0,True,Huila
41,2018,DANE_2018_2050,Mujer,(75 a 79),9079,0,0.0,True,Huila
41,2018,DANE_2018_2050,Mujer,(80 y más),11744,0,0.0,True,Huila
41,2019,DANE_2018_2050,Hombre,(05 a 09),54436,0,0.0,True,Huila
41,2019,DANE_2018_2050,Hombre,(10 a 14),54662,3,5.48827338919176,True,Huila
41,2019,DANE_2018_2050,Hombre,(15 a 17),32718,1,3.0564215416590255,True,Huila
41,2019,DANE_2018_2050,Hombre,(18 a 19),21169,1,4.723888705182106,True,Huila
41,2019,DANE_2018_2050,Hombre,(20 a 24),47363,12,25.33623292443469,False,Huila
41,2019,DANE_2018_2050,Hombre,(25 a 29),41197,4,9.709444862489987,True,Huila
41,2019,DANE_2018_2050,Hombre,(30 a 34),36357,4,11.002007866435624,True,Huila
41,2019,DANE_2018_2050,Hombre,(35 a 39),34881,5,14.334451420544136,False,Huila
41,2019,DANE_2018_2050,Hombre,(40 a 44),31575,6,19.002375296912113,False,Huila
41,2019,DANE_2018_2050,Hombre,(45 a 49),29139,4,13.727307045540341,True,Huila
41,2019,DANE_2018_2050,Hombre,(50 a 54),27863,3,10.766966945411477,True,Huila
41,2019,DANE_2018_2050,Hombre,(55 a 59),24852,7,28.16674714308708,False,Huila
41,2019,DANE_2018_2050,Hombre,(60 a 64),20154,2,9.92358836955443,True,Huila
41,2019,DANE_2018_2050,Hombre,(65 a 69),15765,5,31.71582619727244,False,Huila
41,2019,DANE_2018_2050,Hombre,(70 a 74),11930,1,8.382229673093043,True,Huila
41,2019,DANE_2018_2050,Hombre,(75 a 79),8421,1,11.87507421921387,True,Huila
41,2019,DANE_2018_2050,Hombre,(80 y más),9862,2,20.27986209693774,True,Huila
41,2019,DANE_2018_2050,Mujer,(05 a 09),51768,0,0.0,True,Huila
41,2019,DANE_2018_2050,Mujer,(10 a 14),51992,1,1.923372826588706,True,Huila
41,2019,DANE_2018_2050,Mujer,(15 a 17),31179,3,9.62186086789185,True,Huila
41,2019,DANE_2018_2050,Mujer,(18 a 19),20656,2,9.682416731216112,True,Huila
41,2019,DANE_2018_2050,Mujer,(20 a 24),46808,1,2.136386942403008,True,Huila
41,2019,DANE_2018_2050,Mujer,(25 a 29),41569,2,4.811277634775915,True,Huila
41,2019,DANE_2018_2050,Mujer,(30 a 34),37420,0,0.0,True,Huila
41,2019,DANE_2018_2050,Mujer,(35 a 39),36268,0,0.0,True,Huila
41,2019,DANE_2018_2050,Mujer,(40 a 44),32795,1,3.049245311785333,True,Huila
41,2019,DANE_2018_2050,Mujer,(45 a 49),30360,0,0.0,True,Huila
41,2019,DANE_2018_2050,Mujer,(50 a 54),28901,0,0.0,True,Huila
41,2019,DANE_2018_2050,Mujer,(55 a 59),26102,1,3.831124051796797,True,Huila
41,2019,DANE_2018_2050,Mujer,(60 a 64),21366,3,14.040999719180006,True,Huila
41,2019,DANE_2018_2050,Mujer,(65 a 69),16811,1,5.948486110284932,True,Huila
41,2019,DANE_2018_2050,Mujer,(70 a 74),12610,0,0.0,True,Huila
41,2019,DANE_2018_2050,Mujer,(75 a 79),9172,1,10.902747492368077,True,Huila
41,2019,DANE_2018_2050,Mujer,(80 y más),11841,1,8.445232666159953,True,Huila
41,2020,DANE_2018_2050,Hombre,(05 a 09),54695,0,0.0,True,Huila
41,2020,DANE_2018_2050,Hombre,(10 a 14),54787,3,5.4757515468998115,True,Huila
41,2020,DANE_2018_2050,Hombre,(15 a 17),32832,3,9.137426900584796,True,Huila
41,2020,DANE_2018_2050,Hombre,(18 a 19),21761,4,18.381508202748037,True,Huila
41,2020,DANE_2018_2050,Hombre,(20 a 24),49063,13,26.4965452581375,False,Huila
41,2020,DANE_2018_2050,Hombre,(25 a 29),42625,8,18.7683284457478,False,Huila
41,2020,DANE_2018_2050,Hombre,(30 a 34),37265,3,8.050449483429492,True,Huila
41,2020,DANE_2018_2050,Hombre,(35 a 39),35168,2,5.686988171064605,True,Huila
41,2020,DANE_2018_2050,Hombre,(40 a 44),32393,3,9.26126014879758,True,Huila
41,2020,DANE_2018_2050,Hombre,(45 a 49),29336,7,23.86146713935097,False,Huila
41,2020,DANE_2018_2050,Hombre,(50 a 54),28088,4,14.240956992309885,True,Huila
41,2020,DANE_2018_2050,Hombre,(55 a 59),25444,5,19.650998270712154,False,Huila
41,2020,DANE_2018_2050,Hombre,(60 a 64),20747,4,19.2798958885622,True,Huila
41,2020,DANE_2018_2050,Hombre,(65 a 69),16178,0,0.0,True,Huila
41,2020,DANE_2018_2050,Hombre,(70 a 74),12134,4,32.96522169111587,True,Huila
41,2020,DANE_2018_2050,Hombre,(75 a 79),8468,3,35.42749173358526,True,Huila
41,2020,DANE_2018_2050,Hombre,(80 y más),9810,2,20.387359836901123,True,Huila
41,2020,DANE_2018_2050,Mujer,(05 a 09),51805,0,0.0,True,Huila
41,2020,DANE_2018_2050,Mujer,(10 a 14),52101,1,1.9193489568338418,True,Huila
41,2020,DANE_2018_2050,Mujer,(15 a 17),31280,3,9.59079283887468,True,Huila
41,2020,DANE_2018_2050,Mujer,(18 a 19),20904,1,4.783773440489859,True,Huila
41,2020,DANE_2018_2050,Mujer,(20 a 24),48572,3,6.1763979247302965,True,Huila
41,2020,DANE_2018_2050,Mujer,(25 a 29),42765,1,2.33836080907284,True,Huila
41,2020,DANE_2018_2050,Mujer,(30 a 34),38173,0,0.0,True,Huila
41,2020,DANE_2018_2050,Mujer,(35 a 39),36659,0,0.0,True,Huila
41,2020,DANE_2018_2050,Mujer,(40 a 44),33656,3,8.913715236510578,True,Huila
41,2020,DANE_2018_2050,Mujer,(45 a 49),30605,0,0.0,True,Huila
41,2020,DANE_2018_2050,Mujer,(50 a 54),29224,1,3.4218450588557348,True,Huila
41,2020,DANE_2018_2050,Mujer,(55 a 59),26739,0,0.0,True,Huila
41,2020,DANE_2018_2050,Mujer,(60 a 64),22061,1,4.532886088572594,True,Huila
41,2020,DANE_2018_2050,Mujer,(65 a 69),17349,1,5.764020981036371,True,Huila
41,2020,DANE_2018_2050,Mujer,(70 a 74),13034,0,0.0,True,Huila
41,2020,DANE_2018_2050,Mujer,(75 a 79),9286,0,0.0,True,Huila
41,2020,DANE_2018_2050,Mujer,(80 y más),11963,0,0.0,True,Huila
41,2021,DANE_2018_2050,Hombre,(05 a 09),54906,0,0.0,True,Huila
41,2021,DANE_2018_2050,Hombre,(10 a 14),54795,0,0.0,True,Huila
41,2021,DANE_2018_2050,Hombre,(15 a 17),32934,3,9.109127345600292,True,Huila
41,2021,DANE_2018_2050,Hombre,(18 a 19),22001,1,4.545247943275306,True,Huila
41,2021,DANE_2018_2050,Hombre,(20 a 24),50857,13,25.56186955581336,False,Huila
41,2021,DANE_2018_2050,Hombre,(25 a 29),44064,9,20.42483660130719,False,Huila
41,2021,DANE_2018_2050,Hombre,(30 a 34),38276,14,36.5764447695684,False,Huila
41,2021,DANE_2018_2050,Hombre,(35 a 39),35366,3,8.482723519764745,True,Huila
41,2021,DANE_2018_2050,Hombre,(40 a 44),33193,4,12.050733588407194,True,Huila
41,2021,DANE_2018_2050,Hombre,(45 a 49),29608,11,37.15212104836531,False,Huila
41,2021,DANE_2018_2050,Hombre,(50 a 54),28242,4,14.163302882232138,True,Huila
41,2021,DANE_2018_2050,Hombre,(55 a 59),25888,2,7.725587144622991,True,Huila
41,2021,DANE_2018_2050,Hombre,(60 a 64),21370,3,14.038371548900328,True,Huila
41,2021,DANE_2018_2050,Hombre,(65 a 69),16514,3,18.166404263049532,True,Huila
41,2021,DANE_2018_2050,Hombre,(70 a 74),12300,6,48.78048780487805,False,Huila
41,2021,DANE_2018_2050,Hombre,(75 a 79),8467,1,11.810558639423645,True,Huila
41,2021,DANE_2018_2050,Hombre,(80 y más),9577,1,10.441683199331733,True,Huila
41,2021,DANE_2018_2050,Mujer,(05 a 09),51920,0,0.0,True,Huila
41,2021,DANE_2018_2050,Mujer,(10 a 14),52157,2,3.8345763751749526,True,Huila
41,2021,DANE_2018_2050,Mujer,(15 a 17),31418,2,6.365777579731364,True,Huila
41,2021,DANE_2018_2050,Mujer,(18 a 19),20995,3,14.28911645629912,True,Huila
41,2021,DANE_2018_2050,Mujer,(20 a 24),50195,5,9.961151509114453,False,Huila
41,2021,DANE_2018_2050,Mujer,(25 a 29),43880,1,2.27894257064722,True,Huila
41,2021,DANE_2018_2050,Mujer,(30 a 34),39116,2,5.112997238981491,True,Huila
41,2021,DANE_2018_2050,Mujer,(35 a 39),36975,1,2.704530087897228,True,Huila
41,2021,DANE_2018_2050,Mujer,(40 a 44),34543,1,2.8949425353906726,True,Huila
41,2021,DANE_2018_2050,Mujer,(45 a 49),30903,1,3.235931786557939,True,Huila
41,2021,DANE_2018_2050,Mujer,(50 a 54),29498,1,3.390060343074107,True,Huila
41,2021,DANE_2018_2050,Mujer,(55 a 59),27254,0,0.0,True,Huila
41,2021,DANE_2018_2050,Mujer,(60 a 64),22733,0,0.0,True,Huila
41,2021,DANE_2018_2050,Mujer,(65 a 69),17935,1,5.575689991636465,True,Huila
41,2021,DANE_2018_2050,Mujer,(70 a 74),13417,0,0.0,True,Huila
41,2021,DANE_2018_2050,Mujer,(75 a 79),9429,0,0.0,True,Huila
41,2021,DANE_2018_2050,Mujer,(80 y más),11988,0,0.0,True,Huila
41,2022,DANE_2018_2050,Hombre,(05 a 09),55094,0,0.0,True,Huila
41,2022,DANE_2018_2050,Hombre,(10 a 14),54707,1,1.827919644652421,True,Huila
41,2022,DANE_2018_2050,Hombre,(15 a 17),33082,8,24.182334804425366,False,Huila
41,2022,DANE_2018_2050,Hombre,(18 a 19),22075,6,27.180067950169878,False,Huila
41,2022,DANE_2018_2050,Hombre,(20 a 24),52437,7,13.349352556401014,False,Huila
41,2022,DANE_2018_2050,Hombre,(25 a 29),45448,13,28.60411899313501,False,Huila
41,2022,DANE_2018_2050,Hombre,(30 a 34),39375,9,22.857142857142858,False,Huila
41,2022,DANE_2018_2050,Hombre,(35 a 39),35616,5,14.03863432165319,False,Huila
41,2022,DANE_2018_2050,Hombre,(40 a 44),33863,1,2.9530756282668396,True,Huila
41,2022,DANE_2018_2050,Hombre,(45 a 49),30010,5,16.661112962345886,False,Huila
41,2022,DANE_2018_2050,Hombre,(50 a 54),28342,3,10.584997530167243,True,Huila
41,2022,DANE_2018_2050,Hombre,(55 a 59),26269,6,22.84061060565686,False,Huila
41,2022,DANE_2018_2050,Hombre,(60 a 64),21975,5,22.753128555176335,False,Huila
41,2022,DANE_2018_2050,Hombre,(65 a 69),16898,1,5.917860101787194,True,Huila
41,2022,DANE_2018_2050,Hombre,(70 a 74),12431,4,32.177620464966616,True,Huila
41,2022,DANE_2018_2050,Hombre,(75 a 79),8507,2,23.510050546608674,True,Huila
41,2022,DANE_2018_2050,Hombre,(80 y más),9299,3,32.26153349822562,True,Huila
41,2022,DANE_2018_2050,Mujer,(05 a 09),52006,0,0.0,True,Huila
41,2022,DANE_2018_2050,Mujer,(10 a 14),52112,3,5.7568314399754374,True,Huila
41,2022,DANE_2018_2050,Mujer,(15 a 17),31564,0,0.0,True,Huila
41,2022,DANE_2018_2050,Mujer,(18 a 19),21005,1,4.76077124494168,True,Huila
41,2022,DANE_2018_2050,Mujer,(20 a 24),51526,3,5.82230330318674,True,Huila
41,2022,DANE_2018_2050,Mujer,(25 a 29),45012,4,8.88651915044877,True,Huila
41,2022,DANE_2018_2050,Mujer,(30 a 34),40141,0,0.0,True,Huila
41,2022,DANE_2018_2050,Mujer,(35 a 39),37202,1,2.68802752540186,True,Huila
41,2022,DANE_2018_2050,Mujer,(40 a 44),35349,2,5.657868680867917,True,Huila
41,2022,DANE_2018_2050,Mujer,(45 a 49),31375,0,0.0,True,Huila
41,2022,DANE_2018_2050,Mujer,(50 a 54),29688,1,3.3683643222850983,True,Huila
41,2022,DANE_2018_2050,Mujer,(55 a 59),27620,0,0.0,True,Huila
41,2022,DANE_2018_2050,Mujer,(60 a 64),23466,1,4.261484701269922,True,Huila
41,2022,DANE_2018_2050,Mujer,(65 a 69),18503,0,0.0,True,Huila
41,2022,DANE_2018_2050,Mujer,(70 a 74),13806,0,0.0,True,Huila
41,2022,DANE_2018_2050,Mujer,(75 a 79),9609,0,0.0,True,Huila
41,2022,DANE_2018_2050,Mujer,(80 y más),11970,0,0.0,True,Huila
41,2023,DANE_2018_2050,Hombre,(05 a 09),55115,0,0.0,True,Huila
41,2023,DANE_2018_2050,Hombre,(10 a 14),54608,2,3.66246703779666,True,Huila
41,2023,DANE_2018_2050,Hombre,(15 a 17),33195,5,15.062509414068384,False,Huila
41,2023,DANE_2018_2050,Hombre,(18 a 19),22074,1,4.53021654435082,True,Huila
41,2023,DANE_2018_2050,Hombre,(20 a 24),53652,10,18.63863416088869,False,Huila
41,2023,DANE_2018_2050,Hombre,(25 a 29),46785,5,10.687186063909373,False,Huila
41,2023,DANE_2018_2050,Hombre,(30 a 34),40535,6,14.802022943135562,False,Huila
41,2023,DANE_2018_2050,Hombre,(35 a 39),35985,4,11.115742670557177,True,Huila
41,2023,DANE_2018_2050,Hombre,(40 a 44),34411,6,17.43628490889541,False,Huila
41,2023,DANE_2018_2050,Hombre,(45 a 49),30548,3,9.8206101872463,True,Huila
41,2023,DANE_2018_2050,Hombre,(50 a 54),28434,2,7.033832735457551,True,Huila
41,2023,DANE_2018_2050,Hombre,(55 a 59),26525,7,26.390197926484447,False,Huila
41,2023,DANE_2018_2050,Hombre,(60 a 64),22599,3,13.274923669188903,True,Huila
41,2023,DANE_2018_2050,Hombre,(65 a 69),17290,0,0.0,True,Huila
41,2023,DANE_2018_2050,Hombre,(70 a 74),12637,1,7.913270554720265,True,Huila
41,2023,DANE_2018_2050,Hombre,(75 a 79),8584,4,46.59832246039142,True,Huila
41,2023,DANE_2018_2050,Hombre,(80 y más),9093,1,10.997470581766194,True,Huila
41,2023,DANE_2018_2050,Mujer,(05 a 09),52102,0,0.0,True,Huila
41,2023,DANE_2018_2050,Mujer,(10 a 14),52093,3,5.758931142379974,True,Huila
41,2023,DANE_2018_2050,Mujer,(15 a 17),31578,2,6.333523339033504,True,Huila
41,2023,DANE_2018_2050,Mujer,(18 a 19),21067,1,4.746760336070632,True,Huila
41,2023,DANE_2018_2050,Mujer,(20 a 24),52268,6,11.479298997474555,False,Huila
41,2023,DANE_2018_2050,Mujer,(25 a 29),46306,3,6.47864207662074,True,Huila
41,2023,DANE_2018_2050,Mujer,(30 a 34),41216,0,0.0,True,Huila
41,2023,DANE_2018_2050,Mujer,(35 a 39),37453,1,2.670013083064107,True,Huila
41,2023,DANE_2018_2050,Mujer,(40 a 44),35962,1,2.7807129748067405,True,Huila
41,2023,DANE_2018_2050,Mujer,(45 a 49),32007,2,6.248633111506858,True,Huila
41,2023,DANE_2018_2050,Mujer,(50 a 54),29840,0,0.0,True,Huila
41,2023,DANE_2018_2050,Mujer,(55 a 59),27954,0,0.0,True,Huila
41,2023,DANE_2018_2050,Mujer,(60 a 64),24185,0,0.0,True,Huila
41,2023,DANE_2018_2050,Mujer,(65 a 69),19123,0,0.0,True,Huila
41,2023,DANE_2018_2050,Mujer,(70 a 74),14209,0,0.0,True,Huila
41,2023,DANE_2018_2050,Mujer,(75 a 79),9888,0,0.0,True,Huila
41,2023,DANE_2018_2050,Mujer,(80 y más),12062,0,0.0,True,Huila
41,2024,DANE_2018_2050,Hombre,(05 a 09),55311,0,0.0,True,Huila
41,2024,DANE_2018_2050,Hombre,(10 a 14),54657,6,10.977550908392336,False,Huila
41,2024,DANE_2018_2050,Hombre,(15 a 17),33178,2,6.028090903610827,True,Huila
41,2024,DANE_2018_2050,Hombre,(18 a 19),22129,3,13.556871074156085,True,Huila
41,2024,DANE_2018_2050,Hombre,(20 a 24),54577,8,14.65818934716089,False,Huila
41,2024,DANE_2018_2050,Hombre,(25 a 29),48185,12,24.90401577254332,False,Huila
41,2024,DANE_2018_2050,Hombre,(30 a 34),41824,8,19.127773527161438,False,Huila
41,2024,DANE_2018_2050,Hombre,(35 a 39),36613,3,8.193810941468877,True,Huila
41,2024,DANE_2018_2050,Hombre,(40 a 44),34808,6,17.23741668581935,False,Huila
41,2024,DANE_2018_2050,Hombre,(45 a 49),31260,2,6.397952655150352,True,Huila
41,2024,DANE_2018_2050,Hombre,(50 a 54),28579,5,17.495363728611917,False,Huila
41,2024,DANE_2018_2050,Hombre,(55 a 59),26820,4,14.914243102162565,True,Huila
41,2024,DANE_2018_2050,Hombre,(60 a 64),23169,4,17.264448185074883,True,Huila
41,2024,DANE_2018_2050,Hombre,(65 a 69),17846,2,11.20699316373417,True,Huila
41,2024,DANE_2018_2050,Hombre,(70 a 74),12961,3,23.14636216341332,True,Huila
41,2024,DANE_2018_2050,Hombre,(75 a 79),8816,2,22.686025408348456,True,Huila
41,2024,DANE_2018_2050,Hombre,(80 y más),9155,1,10.922992900054615,True,Huila
41,2024,DANE_2018_2050,Mujer,(05 a 09),52353,0,0.0,True,Huila
41,2024,DANE_2018_2050,Mujer,(10 a 14),52036,3,5.765239449611808,True,Huila
41,2024,DANE_2018_2050,Mujer,(15 a 17),31600,4,12.658227848101266,True,Huila
41,2024,DANE_2018_2050,Mujer,(18 a 19),21142,0,0.0,True,Huila
41,2024,DANE_2018_2050,Mujer,(20 a 24),52737,3,5.688605722737357,True,Huila
41,2024,DANE_2018_2050,Mujer,(25 a 29),47784,2,4.185501423070484,True,Huila
41,2024,DANE_2018_2050,Mujer,(30 a 34),42319,1,2.363004796899738,True,Huila
41,2024,DANE_2018_2050,Mujer,(35 a 39),37894,1,2.638940201615031,True,Huila
41,2024,DANE_2018_2050,Mujer,(40 a 44),36462,0,0.0,True,Huila
41,2024,DANE_2018_2050,Mujer,(45 a 49),32711,1,3.0570756014796245,True,Huila
41,2024,DANE_2018_2050,Mujer,(50 a 54),30032,0,0.0,True,Huila
41,2024,DANE_2018_2050,Mujer,(55 a 59),28219,1,3.5437116836174214,True,Huila
41,2024,DANE_2018_2050,Mujer,(60 a 64),24950,0,0.0,True,Huila
41,2024,DANE_2018_2050,Mujer,(65 a 69),19733,0,0.0,True,Huila
41,2024,DANE_2018_2050,Mujer,(70 a 74),14701,0,0.0,True,Huila
41,2024,DANE_2018_2050,Mujer,(75 a 79),10198,0,0.0,True,Huila
41,2024,DANE_2018_2050,Mujer,(80 y más),12228,0,0.0,True,Huila
44,2015,DANE_2005_2017,Hombre,(05 a 09),48953,0,0.0,True,La Guajira
44,2015,DANE_2005_2017,Hombre,(10 a 14),47085,0,0.0,True,La Guajira
44,2015,DANE_2005_2017,Hombre,(15 a 17),26673,1,3.7491095864732125,True,La Guajira
44,2015,DANE_2005_2017,Hombre,(18 a 19),16229,2,12.323618214307722,True,La Guajira
44,2015,DANE_2005_2017,Hombre,(20 a 24),35369,1,2.827334671605078,True,La Guajira
44,2015,DANE_2005_2017,Hombre,(25 a 29),30480,5,16.404199475065617,False,La Guajira
44,2015,DANE_2005_2017,Hombre,(30 a 34),27085,1,3.692080487354624,True,La Guajira
44,2015,DANE_2005_2017,Hombre,(35 a 39),22758,2,8.788118463836891,True,La Guajira
44,2015,DANE_2005_2017,Hombre,(40 a 44),18973,1,5.270647762610025,True,La Guajira
44,2015,DANE_2005_2017,Hombre,(45 a 49),16333,0,0.0,True,La Guajira
44,2015,DANE_2005_2017,Hombre,(50 a 54),14661,0,0.0,True,La Guajira
44,2015,DANE_2005_2017,Hombre,(55 a 59),11513,0,0.0,True,La Guajira
44,2015,DANE_2005_2017,Hombre,(60 a 64),8618,4,46.41448131817127,True,La Guajira
44,2015,DANE_2005_2017,Hombre,(65 a 69),6300,0,0.0,True,La Guajira
44,2015,DANE_2005_2017,Hombre,(70 a 74),4192,0,0.0,True,La Guajira
44,2015,DANE_2005_2017,Hombre,(75 a 79),2808,0,0.0,True,La Guajira
44,2015,DANE_2005_2017,Hombre,(80 y más),3557,0,0.0,True,La Guajira
44,2015,DANE_2005_2017,Mujer,(05 a 09),47543,0,0.0,True,La Guajira
44,2015,DANE_2005_2017,Mujer,(10 a 14),46275,0,0.0,True,La Guajira
44,2015,DANE_2005_2017,Mujer,(15 a 17),26460,1,3.7792894935752077,True,La Guajira
44,2015,DANE_2005_2017,Mujer,(18 a 19),16197,0,0.0,True,La Guajira
44,2015,DANE_2005_2017,Mujer,(20 a 24),36096,1,2.770390070921986,True,La Guajira
44,2015,DANE_2005_2017,Mujer,(25 a 29),32216,1,3.104047678172337,True,La Guajira
44,2015,DANE_2005_2017,Mujer,(30 a 34),29288,1,3.4143676591095327,True,La Guajira
44,2015,DANE_2005_2017,Mujer,(35 a 39),25099,0,0.0,True,La Guajira
44,2015,DANE_2005_2017,Mujer,(40 a 44),20941,0,0.0,True,La Guajira
44,2015,DANE_2005_2017,Mujer,(45 a 49),18334,0,0.0,True,La Guajira
44,2015,DANE_2005_2017,Mujer,(50 a 54),16672,0,0.0,True,La Guajira
44,2015,DANE_2005_2017,Mujer,(55 a 59),12947,0,0.0,True,La Guajira
44,2015,DANE_2005_2017,Mujer,(60 a 64),9602,0,0.0,True,La Guajira
44,2015,DANE_2005_2017,Mujer,(65 a 69),7208,0,0.0,True,La Guajira
44,2015,DANE_2005_2017,Mujer,(70 a 74),5022,0,0.0,True,La Guajira
44,2015,DANE_2005_2017,Mujer,(75 a 79),3520,0,0.0,True,La Guajira
44,2015,DANE_2005_2017,Mujer,(80 y más),5213,0,0.0,True,La Guajira
44,2016,DANE_2005_2017,Hombre,(05 a 09),50100,0,0.0,True,La Guajira
44,2016,DANE_2005_2017,Hombre,(10 a 14),47101,1,2.123097174157661,True,La Guajira
44,2016,DANE_2005_2017,Hombre,(15 a 17),27441,0,0.0,True,La Guajira
44,2016,DANE_2005_2017,Hombre,(18 a 19),16841,2,11.875779348019714,True,La Guajira
44,2016,DANE_2005_2017,Hombre,(20 a 24),36764,3,8.16015667500816,True,La Guajira
44,2016,DANE_2005_2017,Hombre,(25 a 29),31166,1,3.2086247834178274,True,La Guajira
44,2016,DANE_2005_2017,Hombre,(30 a 34),27878,2,7.1741157902288535,True,La Guajira
44,2016,DANE_2005_2017,Hombre,(35 a 39),23615,2,8.469193309337285,True,La Guajira
44,2016,DANE_2005_2017,Hombre,(40 a 44),19497,1,5.128994204236549,True,La Guajira
44,2016,DANE_2005_2017,Hombre,(45 a 49),16791,0,0.0,True,La Guajira
44,2016,DANE_2005_2017,Hombre,(50 a 54),14768,1,6.771397616468039,True,La Guajira
44,2016,DANE_2005_2017,Hombre,(55 a 59),12255,2,16.31986944104447,True,La Guajira
44,2016,DANE_2005_2017,Hombre,(60 a 64),8840,1,11.312217194570136,True,La Guajira
44,2016,DANE_2005_2017,Hombre,(65 a 69),6670,3,44.97751124437781,True,La Guajira
44,2016,DANE_2005_2017,Hombre,(70 a 74),4384,0,0.0,True,La Guajira
44,2016,DANE_2005_2017,Hombre,(75 a 79),2880,0,0.0,True,La Guajira
44,2016,DANE_2005_2017,Hombre,(80 y más),3727,0,0.0,True,La Guajira
44,2016,DANE_2005_2017,Mujer,(05 a 09),48508,0,0.0,True,La Guajira
44,2016,DANE_2005_2017,Mujer,(10 a 14),46261,0,0.0,True,La Guajira
44,2016,DANE_2005_2017,Mujer,(15 a 17),27204,1,3.6759300102926042,True,La Guajira
44,2016,DANE_2005_2017,Mujer,(18 a 19),16795,0,0.0,True,La Guajira
44,2016,DANE_2005_2017,Mujer,(20 a 24),37410,0,0.0,True,La Guajira
44,2016,DANE_2005_2017,Mujer,(25 a 29),32974,0,0.0,True,La Guajira
44,2016,DANE_2005_2017,Mujer,(30 a 34),30148,0,0.0,True,La Guajira
44,2016,DANE_2005_2017,Mujer,(35 a 39),26046,0,0.0,True,La Guajira
44,2016,DANE_2005_2017,Mujer,(40 a 44),21621,0,0.0,True,La Guajira
44,2016,DANE_2005_2017,Mujer,(45 a 49),18812,0,0.0,True,La Guajira
44,2016,DANE_2005_2017,Mujer,(50 a 54),16840,1,5.938242280285036,True,La Guajira
44,2016,DANE_2005_2017,Mujer,(55 a 59),13918,0,0.0,True,La Guajira
44,2016,DANE_2005_2017,Mujer,(60 a 64),9862,0,0.0,True,La Guajira
44,2016,DANE_2005_2017,Mujer,(65 a 69),7641,0,0.0,True,La Guajira
44,2016,DANE_2005_2017,Mujer,(70 a 74),5214,0,0.0,True,La Guajira
44,2016,DANE_2005_2017,Mujer,(75 a 79),3612,0,0.0,True,La Guajira
44,2016,DANE_2005_2017,Mujer,(80 y más),5341,0,0.0,True,La Guajira
44,2017,DANE_2005_2017,Hombre,(05 a 09),51432,0,0.0,True,La Guajira
44,2017,DANE_2005_2017,Hombre,(10 a 14),47367,0,0.0,True,La Guajira
44,2017,DANE_2005_2017,Hombre,(15 a 17),28058,3,10.692137714733766,True,La Guajira
44,2017,DANE_2005_2017,Hombre,(18 a 19),17495,1,5.715918833952558,True,La Guajira
44,2017,DANE_2005_2017,Hombre,(20 a 24),38447,0,0.0,True,La Guajira
44,2017,DANE_2005_2017,Hombre,(25 a 29),32218,4,12.415419951579862,True,La Guajira
44,2017,DANE_2005_2017,Hombre,(30 a 34),28838,2,6.9352937096886045,True,La Guajira
44,2017,DANE_2005_2017,Hombre,(35 a 39),24593,4,16.264790794128412,True,La Guajira
44,2017,DANE_2005_2017,Hombre,(40 a 44),20214,1,4.947066389630949,True,La Guajira
44,2017,DANE_2005_2017,Hombre,(45 a 49),17327,3,17.31401858371328,True,La Guajira
44,2017,DANE_2005_2017,Hombre,(50 a 54),14938,1,6.6943365912438075,True,La Guajira
44,2017,DANE_2005_2017,Hombre,(55 a 59),12962,0,0.0,True,La Guajira
44,2017,DANE_2005_2017,Hombre,(60 a 64),9155,2,21.84598580010923,True,La Guajira
44,2017,DANE_2005_2017,Hombre,(65 a 69),7024,1,14.236902050113894,True,La Guajira
44,2017,DANE_2005_2017,Hombre,(70 a 74),4602,3,65.1890482398957,True,La Guajira
44,2017,DANE_2005_2017,Hombre,(75 a 79),3003,0,0.0,True,La Guajira
44,2017,DANE_2005_2017,Hombre,(80 y más),3890,0,0.0,True,La Guajira
44,2017,DANE_2005_2017,Mujer,(05 a 09),49617,0,0.0,True,La Guajira
44,2017,DANE_2005_2017,Mujer,(10 a 14),46490,1,2.1510002151000216,True,La Guajira
44,2017,DANE_2005_2017,Mujer,(15 a 17),27802,0,0.0,True,La Guajira
44,2017,DANE_2005_2017,Mujer,(18 a 19),17450,0,0.0,True,La Guajira
44,2017,DANE_2005_2017,Mujer,(20 a 24),39032,0,0.0,True,La Guajira
44,2017,DANE_2005_2017,Mujer,(25 a 29),34069,2,5.870439402389269,True,La Guajira
44,2017,DANE_2005_2017,Mujer,(30 a 34),31177,0,0.0,True,La Guajira
44,2017,DANE_2005_2017,Mujer,(35 a 39),27113,0,0.0,True,La Guajira
44,2017,DANE_2005_2017,Mujer,(40 a 44),22499,0,0.0,True,La Guajira
44,2017,DANE_2005_2017,Mujer,(45 a 49),19374,0,0.0,True,La Guajira
44,2017,DANE_2005_2017,Mujer,(50 a 54),17056,0,0.0,True,La Guajira
44,2017,DANE_2005_2017,Mujer,(55 a 59),14816,0,0.0,True,La Guajira
44,2017,DANE_2005_2017,Mujer,(60 a 64),10287,0,0.0,True,La Guajira
44,2017,DANE_2005_2017,Mujer,(65 a 69),8070,0,0.0,True,La Guajira
44,2017,DANE_2005_2017,Mujer,(70 a 74),5465,0,0.0,True,La Guajira
44,2017,DANE_2005_2017,Mujer,(75 a 79),3713,0,0.0,True,La Guajira
44,2017,DANE_2005_2017,Mujer,(80 y más),5462,0,0.0,True,La Guajira
44,2018,DANE_2018_2050,Hombre,(05 a 09),56688,0,0.0,True,La Guajira
44,2018,DANE_2018_2050,Hombre,(10 a 14),55515,0,0.0,True,La Guajira
44,2018,DANE_2018_2050,Hombre,(15 a 17),29572,1,3.3815771675909643,True,La Guajira
44,2018,DANE_2018_2050,Hombre,(18 a 19),17554,1,5.696707303178763,True,La Guajira
44,2018,DANE_2018_2050,Hombre,(20 a 24),37703,6,15.913853009044372,False,La Guajira
44,2018,DANE_2018_2050,Hombre,(25 a 29),32442,2,6.164848036495901,True,La Guajira
44,2018,DANE_2018_2050,Hombre,(30 a 34),27691,2,7.222563287710808,True,La Guajira
44,2018,DANE_2018_2050,Hombre,(35 a 39),24599,1,4.06520590267897,True,La Guajira
44,2018,DANE_2018_2050,Hombre,(40 a 44),20163,2,9.919158855329067,True,La Guajira
44,2018,DANE_2018_2050,Hombre,(45 a 49),17151,3,17.491691446562882,True,La Guajira
44,2018,DANE_2018_2050,Hombre,(50 a 54),14932,3,20.09107956067506,True,La Guajira
44,2018,DANE_2018_2050,Hombre,(55 a 59),12727,3,23.571933684293235,True,La Guajira
44,2018,DANE_2018_2050,Hombre,(60 a 64),9421,2,21.229168878038426,True,La Guajira
44,2018,DANE_2018_2050,Hombre,(65 a 69),7120,2,28.08988764044944,True,La Guajira
44,2018,DANE_2018_2050,Hombre,(70 a 74),4892,0,0.0,True,La Guajira
44,2018,DANE_2018_2050,Hombre,(75 a 79),3403,0,0.0,True,La Guajira
44,2018,DANE_2018_2050,Hombre,(80 y más),3848,3,77.96257796257797,True,La Guajira
44,2018,DANE_2018_2050,Mujer,(05 a 09),54642,0,0.0,True,La Guajira
44,2018,DANE_2018_2050,Mujer,(10 a 14),54229,2,3.6880635822161576,True,La Guajira
44,2018,DANE_2018_2050,Mujer,(15 a 17),29750,1,3.361344537815126,True,La Guajira
44,2018,DANE_2018_2050,Mujer,(18 a 19),18366,0,0.0,True,La Guajira
44,2018,DANE_2018_2050,Mujer,(20 a 24),40298,0,0.0,True,La Guajira
44,2018,DANE_2018_2050,Mujer,(25 a 29),34739,2,5.7572181122081805,True,La Guajira
44,2018,DANE_2018_2050,Mujer,(30 a 34),30443,0,0.0,True,La Guajira
44,2018,DANE_2018_2050,Mujer,(35 a 39),27406,0,0.0,True,La Guajira
44,2018,DANE_2018_2050,Mujer,(40 a 44),22397,0,0.0,True,La Guajira
44,2018,DANE_2018_2050,Mujer,(45 a 49),18729,0,0.0,True,La Guajira
44,2018,DANE_2018_2050,Mujer,(50 a 54),16696,0,0.0,True,La Guajira
44,2018,DANE_2018_2050,Mujer,(55 a 59),14204,0,0.0,True,La Guajira
44,2018,DANE_2018_2050,Mujer,(60 a 64),10605,0,0.0,True,La Guajira
44,2018,DANE_2018_2050,Mujer,(65 a 69),8082,1,12.373174956693887,True,La Guajira
44,2018,DANE_2018_2050,Mujer,(70 a 74),5636,1,17.7430801987225,True,La Guajira
44,2018,DANE_2018_2050,Mujer,(75 a 79),4321,0,0.0,True,La Guajira
44,2018,DANE_2018_2050,Mujer,(80 y más),5944,0,0.0,True,La Guajira
44,2019,DANE_2018_2050,Hombre,(05 a 09),57513,0,0.0,True,La Guajira
44,2019,DANE_2018_2050,Hombre,(10 a 14),57073,1,1.7521419935871603,True,La Guajira
44,2019,DANE_2018_2050,Hombre,(15 a 17),31098,3,9.646922631680495,True,La Guajira
44,2019,DANE_2018_2050,Hombre,(18 a 19),19026,0,0.0,True,La Guajira
44,2019,DANE_2018_2050,Hombre,(20 a 24),40280,2,4.965243296921549,True,La Guajira
44,2019,DANE_2018_2050,Hombre,(25 a 29),34649,2,5.772172357066582,True,La Guajira
44,2019,DANE_2018_2050,Hombre,(30 a 34),29334,1,3.4090134315129204,True,La Guajira
44,2019,DANE_2018_2050,Hombre,(35 a 39),25795,0,0.0,True,La Guajira
44,2019,DANE_2018_2050,Hombre,(40 a 44),21308,4,18.772292096865026,True,La Guajira
44,2019,DANE_2018_2050,Hombre,(45 a 49),17745,3,16.9061707523246,True,La Guajira
44,2019,DANE_2018_2050,Hombre,(50 a 54),15507,1,6.4487005868317535,True,La Guajira
44,2019,DANE_2018_2050,Hombre,(55 a 59),13327,1,7.5035641929916705,True,La Guajira
44,2019,DANE_2018_2050,Hombre,(60 a 64),9955,0,0.0,True,La Guajira
44,2019,DANE_2018_2050,Hombre,(65 a 69),7333,1,13.636983499249967,True,La Guajira
44,2019,DANE_2018_2050,Hombre,(70 a 74),5177,0,0.0,True,La Guajira
44,2019,DANE_2018_2050,Hombre,(75 a 79),3470,0,0.0,True,La Guajira
44,2019,DANE_2018_2050,Hombre,(80 y más),3967,1,25.207965717166626,True,La Guajira
44,2019,DANE_2018_2050,Mujer,(05 a 09),55602,0,0.0,True,La Guajira
44,2019,DANE_2018_2050,Mujer,(10 a 14),55532,1,1.8007635237340633,True,La Guajira
44,2019,DANE_2018_2050,Mujer,(15 a 17),31199,0,0.0,True,La Guajira
44,2019,DANE_2018_2050,Mujer,(18 a 19),19515,1,5.124263387138099,True,La Guajira
44,2019,DANE_2018_2050,Mujer,(20 a 24),43169,1,2.3164771016238506,True,La Guajira
44,2019,DANE_2018_2050,Mujer,(25 a 29),37216,0,0.0,True,La Guajira
44,2019,DANE_2018_2050,Mujer,(30 a 34),32005,0,0.0,True,La Guajira
44,2019,DANE_2018_2050,Mujer,(35 a 39),28705,0,0.0,True,La Guajira
44,2019,DANE_2018_2050,Mujer,(40 a 44),23713,0,0.0,True,La Guajira
44,2019,DANE_2018_2050,Mujer,(45 a 49),19536,1,5.118755118755119,True,La Guajira
44,2019,DANE_2018_2050,Mujer,(50 a 54),17365,0,0.0,True,La Guajira
44,2019,DANE_2018_2050,Mujer,(55 a 59),14977,0,0.0,True,La Guajira
44,2019,DANE_2018_2050,Mujer,(60 a 64),11300,0,0.0,True,La Guajira
44,2019,DANE_2018_2050,Mujer,(65 a 69),8480,0,0.0,True,La Guajira
44,2019,DANE_2018_2050,Mujer,(70 a 74),6081,0,0.0,True,La Guajira
44,2019,DANE_2018_2050,Mujer,(75 a 79),4414,0,0.0,True,La Guajira
44,2019,DANE_2018_2050,Mujer,(80 y más),6136,0,0.0,True,La Guajira
44,2020,DANE_2018_2050,Hombre,(05 a 09),58698,0,0.0,True,La Guajira
44,2020,DANE_2018_2050,Hombre,(10 a 14),58381,0,0.0,True,La Guajira
44,2020,DANE_2018_2050,Hombre,(15 a 17),32754,0,0.0,True,La Guajira
44,2020,DANE_2018_2050,Hombre,(18 a 19),20318,2,9.84348853233586,True,La Guajira
44,2020,DANE_2018_2050,Hombre,(20 a 24),43377,1,2.3053692048781613,True,La Guajira
44,2020,DANE_2018_2050,Hombre,(25 a 29),37074,1,2.6973080865296435,True,La Guajira
44,2020,DANE_2018_2050,Hombre,(30 a 34),31304,1,3.1944799386659852,True,La Guajira
44,2020,DANE_2018_2050,Hombre,(35 a 39),27114,1,3.688131592535222,True,La Guajira
44,2020,DANE_2018_2050,Hombre,(40 a 44),22580,0,0.0,True,La Guajira
44,2020,DANE_2018_2050,Hombre,(45 a 49),18449,1,5.420347986340723,True,La Guajira
44,2020,DANE_2018_2050,Hombre,(50 a 54),16131,2,12.398487384539088,True,La Guajira
44,2020,DANE_2018_2050,Hombre,(55 a 59),13904,1,7.192174913693901,True,La Guajira
44,2020,DANE_2018_2050,Hombre,(60 a 64),10548,1,9.480470231323473,True,La Guajira
44,2020,DANE_2018_2050,Hombre,(65 a 69),7557,1,13.232764324467382,True,La Guajira
44,2020,DANE_2018_2050,Hombre,(70 a 74),5464,0,0.0,True,La Guajira
44,2020,DANE_2018_2050,Hombre,(75 a 79),3553,0,0.0,True,La Guajira
44,2020,DANE_2018_2050,Hombre,(80 y más),4084,1,24.48579823702253,True,La Guajira
44,2020,DANE_2018_2050,Mujer,(05 a 09),56862,0,0.0,True,La Guajira
44,2020,DANE_2018_2050,Mujer,(10 a 14),56790,1,1.7608733932030287,True,La Guajira
44,2020,DANE_2018_2050,Mujer,(15 a 17),32604,0,0.0,True,La Guajira
44,2020,DANE_2018_2050,Mujer,(18 a 19),20684,0,0.0,True,La Guajira
44,2020,DANE_2018_2050,Mujer,(20 a 24),46504,0,0.0,True,La Guajira
44,2020,DANE_2018_2050,Mujer,(25 a 29),39874,0,0.0,True,La Guajira
44,2020,DANE_2018_2050,Mujer,(30 a 34),33962,0,0.0,True,La Guajira
44,2020,DANE_2018_2050,Mujer,(35 a 39),30076,1,3.3249102274238598,True,La Guajira
44,2020,DANE_2018_2050,Mujer,(40 a 44),25201,0,0.0,True,La Guajira
44,2020,DANE_2018_2050,Mujer,(45 a 49),20392,0,0.0,True,La Guajira
44,2020,DANE_2018_2050,Mujer,(50 a 54),18097,0,0.0,True,La Guajira
44,2020,DANE_2018_2050,Mujer,(55 a 59),15757,0,0.0,True,La Guajira
44,2020,DANE_2018_2050,Mujer,(60 a 64),12054,0,0.0,True,La Guajira
44,2020,DANE_2018_2050,Mujer,(65 a 69),8880,0,0.0,True,La Guajira
44,2020,DANE_2018_2050,Mujer,(70 a 74),6568,0,0.0,True,La Guajira
44,2020,DANE_2018_2050,Mujer,(75 a 79),4534,0,0.0,True,La Guajira
44,2020,DANE_2018_2050,Mujer,(80 y más),6370,0,0.0,True,La Guajira
44,2021,DANE_2018_2050,Hombre,(05 a 09),59260,0,0.0,True,La Guajira
44,2021,DANE_2018_2050,Hombre,(10 a 14),58854,2,3.3982397118292726,True,La Guajira
44,2021,DANE_2018_2050,Hombre,(15 a 17),33893,3,8.851385241790341,True,La Guajira
44,2021,DANE_2018_2050,Hombre,(18 a 19),21095,0,0.0,True,La Guajira
44,2021,DANE_2018_2050,Hombre,(20 a 24),45879,5,10.89823230671985,False,La Guajira
44,2021,DANE_2018_2050,Hombre,(25 a 29),38569,1,2.5927558401825297,True,La Guajira
44,2021,DANE_2018_2050,Hombre,(30 a 34),32774,2,6.102398242509306,True,La Guajira
44,2021,DANE_2018_2050,Hombre,(35 a 39),27991,3,10.717730699153298,True,La Guajira
44,2021,DANE_2018_2050,Hombre,(40 a 44),23538,0,0.0,True,La Guajira
44,2021,DANE_2018_2050,Hombre,(45 a 49),19000,1,5.2631578947368425,True,La Guajira
44,2021,DANE_2018_2050,Hombre,(50 a 54),16606,2,12.043839576056847,True,La Guajira
44,2021,DANE_2018_2050,Hombre,(55 a 59),14311,0,0.0,True,La Guajira
44,2021,DANE_2018_2050,Hombre,(60 a 64),11078,1,9.026900162484202,True,La Guajira
44,2021,DANE_2018_2050,Hombre,(65 a 69),7771,0,0.0,True,La Guajira
44,2021,DANE_2018_2050,Hombre,(70 a 74),5682,0,0.0,True,La Guajira
44,2021,DANE_2018_2050,Hombre,(75 a 79),3602,1,27.762354247640204,True,La Guajira
44,2021,DANE_2018_2050,Hombre,(80 y más),4080,0,0.0,True,La Guajira
44,2021,DANE_2018_2050,Mujer,(05 a 09),57483,0,0.0,True,La Guajira
44,2021,DANE_2018_2050,Mujer,(10 a 14),57288,0,0.0,True,La Guajira
44,2021,DANE_2018_2050,Mujer,(15 a 17),33473,0,0.0,True,La Guajira
44,2021,DANE_2018_2050,Mujer,(18 a 19),21407,0,0.0,True,La Guajira
44,2021,DANE_2018_2050,Mujer,(20 a 24),48819,0,0.0,True,La Guajira
44,2021,DANE_2018_2050,Mujer,(25 a 29),41592,1,2.4043085208693977,True,La Guajira
44,2021,DANE_2018_2050,Mujer,(30 a 34),35369,0,0.0,True,La Guajira
44,2021,DANE_2018_2050,Mujer,(35 a 39),30996,0,0.0,True,La Guajira
44,2021,DANE_2018_2050,Mujer,(40 a 44),26271,0,0.0,True,La Guajira
44,2021,DANE_2018_2050,Mujer,(45 a 49),21124,0,0.0,True,La Guajira
44,2021,DANE_2018_2050,Mujer,(50 a 54),18600,0,0.0,True,La Guajira
44,2021,DANE_2018_2050,Mujer,(55 a 59),16340,0,0.0,True,La Guajira
44,2021,DANE_2018_2050,Mujer,(60 a 64),12675,0,0.0,True,La Guajira
44,2021,DANE_2018_2050,Mujer,(65 a 69),9224,0,0.0,True,La Guajira
44,2021,DANE_2018_2050,Mujer,(70 a 74),6974,0,0.0,True,La Guajira
44,2021,DANE_2018_2050,Mujer,(75 a 79),4660,0,0.0,True,La Guajira
44,2021,DANE_2018_2050,Mujer,(80 y más),6457,0,0.0,True,La Guajira
44,2022,DANE_2018_2050,Hombre,(05 a 09),59647,0,0.0,True,La Guajira
44,2022,DANE_2018_2050,Hombre,(10 a 14),58850,0,0.0,True,La Guajira
44,2022,DANE_2018_2050,Hombre,(15 a 17),34790,0,0.0,True,La Guajira
44,2022,DANE_2018_2050,Hombre,(18 a 19),21793,1,4.588629376405268,True,La Guajira
44,2022,DANE_2018_2050,Hombre,(20 a 24),48037,1,2.08172866748548,True,La Guajira
44,2022,DANE_2018_2050,Hombre,(25 a 29),39695,3,7.557626905151782,True,La Guajira
44,2022,DANE_2018_2050,Hombre,(30 a 34),34063,1,2.93573672313067,True,La Guajira
44,2022,DANE_2018_2050,Hombre,(35 a 39),28759,2,6.954344726868111,True,La Guajira
44,2022,DANE_2018_2050,Hombre,(40 a 44),24308,5,20.569359881520487,False,La Guajira
44,2022,DANE_2018_2050,Hombre,(45 a 49),19613,1,5.098659052669148,True,La Guajira
44,2022,DANE_2018_2050,Hombre,(50 a 54),16999,1,5.882698982293076,True,La Guajira
44,2022,DANE_2018_2050,Hombre,(55 a 59),14669,2,13.634194559956372,True,La Guajira
44,2022,DANE_2018_2050,Hombre,(60 a 64),11557,4,34.611058233105474,True,La Guajira
44,2022,DANE_2018_2050,Hombre,(65 a 69),8040,1,12.43781094527363,True,La Guajira
44,2022,DANE_2018_2050,Hombre,(70 a 74),5853,1,17.085255424568597,True,La Guajira
44,2022,DANE_2018_2050,Hombre,(75 a 79),3691,0,0.0,True,La Guajira
44,2022,DANE_2018_2050,Hombre,(80 y más),4052,0,0.0,True,La Guajira
44,2022,DANE_2018_2050,Mujer,(05 a 09),57827,0,0.0,True,La Guajira
44,2022,DANE_2018_2050,Mujer,(10 a 14),57392,2,3.4848062447727908,True,La Guajira
44,2022,DANE_2018_2050,Mujer,(15 a 17),34133,1,2.929716110508892,True,La Guajira
44,2022,DANE_2018_2050,Mujer,(18 a 19),21917,0,0.0,True,La Guajira
44,2022,DANE_2018_2050,Mujer,(20 a 24),50648,0,0.0,True,La Guajira
44,2022,DANE_2018_2050,Mujer,(25 a 29),42932,1,2.3292648840026087,True,La Guajira
44,2022,DANE_2018_2050,Mujer,(30 a 34),36701,1,2.7247213972371322,True,La Guajira
44,2022,DANE_2018_2050,Mujer,(35 a 39),31773,0,0.0,True,La Guajira
44,2022,DANE_2018_2050,Mujer,(40 a 44),27177,0,0.0,True,La Guajira
44,2022,DANE_2018_2050,Mujer,(45 a 49),21863,0,0.0,True,La Guajira
44,2022,DANE_2018_2050,Mujer,(50 a 54),19052,0,0.0,True,La Guajira
44,2022,DANE_2018_2050,Mujer,(55 a 59),16839,0,0.0,True,La Guajira
44,2022,DANE_2018_2050,Mujer,(60 a 64),13260,0,0.0,True,La Guajira
44,2022,DANE_2018_2050,Mujer,(65 a 69),9623,0,0.0,True,La Guajira
44,2022,DANE_2018_2050,Mujer,(70 a 74),7323,0,0.0,True,La Guajira
44,2022,DANE_2018_2050,Mujer,(75 a 79),4849,0,0.0,True,La Guajira
44,2022,DANE_2018_2050,Mujer,(80 y más),6520,0,0.0,True,La Guajira
44,2023,DANE_2018_2050,Hombre,(05 a 09),60078,0,0.0,True,La Guajira
44,2023,DANE_2018_2050,Hombre,(10 a 14),58886,2,3.396393030601501,True,La Guajira
44,2023,DANE_2018_2050,Hombre,(15 a 17),35294,1,2.8333427778092592,True,La Guajira
44,2023,DANE_2018_2050,Hombre,(18 a 19),22482,0,0.0,True,La Guajira
44,2023,DANE_2018_2050,Hombre,(20 a 24),50116,4,7.981482959533881,True,La Guajira
44,2023,DANE_2018_2050,Hombre,(25 a 29),40840,2,4.897159647404505,True,La Guajira
44,2023,DANE_2018_2050,Hombre,(30 a 34),35383,3,8.478647938275442,True,La Guajira
44,2023,DANE_2018_2050,Hombre,(35 a 39),29549,1,3.3842092795018446,True,La Guajira
44,2023,DANE_2018_2050,Hombre,(40 a 44),25056,4,15.964240102171138,True,La Guajira
44,2023,DANE_2018_2050,Hombre,(45 a 49),20263,2,9.870206780832058,True,La Guajira
44,2023,DANE_2018_2050,Hombre,(50 a 54),17400,2,11.494252873563218,True,La Guajira
44,2023,DANE_2018_2050,Hombre,(55 a 59),15056,1,6.641870350690754,True,La Guajira
44,2023,DANE_2018_2050,Hombre,(60 a 64),12026,4,33.26126725428239,True,La Guajira
44,2023,DANE_2018_2050,Hombre,(65 a 69),8376,1,11.938872970391595,True,La Guajira
44,2023,DANE_2018_2050,Hombre,(70 a 74),6019,1,16.61405549094534,True,La Guajira
44,2023,DANE_2018_2050,Hombre,(75 a 79),3844,1,26.014568158168576,True,La Guajira
44,2023,DANE_2018_2050,Hombre,(80 y más),4083,1,24.49179524859172,True,La Guajira
44,2023,DANE_2018_2050,Mujer,(05 a 09),58071,0,0.0,True,La Guajira
44,2023,DANE_2018_2050,Mujer,(10 a 14),57523,0,0.0,True,La Guajira
44,2023,DANE_2018_2050,Mujer,(15 a 17),34564,1,2.8931836592986926,True,La Guajira
44,2023,DANE_2018_2050,Mujer,(18 a 19),22322,1,4.479885314935937,True,La Guajira
44,2023,DANE_2018_2050,Mujer,(20 a 24),52141,1,1.9178765271091844,True,La Guajira
44,2023,DANE_2018_2050,Mujer,(25 a 29),44420,1,2.2512381809995494,True,La Guajira
44,2023,DANE_2018_2050,Mujer,(30 a 34),38112,0,0.0,True,La Guajira
44,2023,DANE_2018_2050,Mujer,(35 a 39),32528,0,0.0,True,La Guajira
44,2023,DANE_2018_2050,Mujer,(40 a 44),28017,0,0.0,True,La Guajira
44,2023,DANE_2018_2050,Mujer,(45 a 49),22724,0,0.0,True,La Guajira
44,2023,DANE_2018_2050,Mujer,(50 a 54),19516,0,0.0,True,La Guajira
44,2023,DANE_2018_2050,Mujer,(55 a 59),17294,0,0.0,True,La Guajira
44,2023,DANE_2018_2050,Mujer,(60 a 64),13834,0,0.0,True,La Guajira
44,2023,DANE_2018_2050,Mujer,(65 a 69),10079,0,0.0,True,La Guajira
44,2023,DANE_2018_2050,Mujer,(70 a 74),7655,0,0.0,True,La Guajira
44,2023,DANE_2018_2050,Mujer,(75 a 79),5114,0,0.0,True,La Guajira
44,2023,DANE_2018_2050,Mujer,(80 y más),6615,0,0.0,True,La Guajira
44,2024,DANE_2018_2050,Hombre,(05 a 09),60049,0,0.0,True,La Guajira
44,2024,DANE_2018_2050,Hombre,(10 a 14),58952,3,5.088885873252816,True,La Guajira
44,2024,DANE_2018_2050,Hombre,(15 a 17),35534,1,2.8142061124556763,True,La Guajira
44,2024,DANE_2018_2050,Hombre,(18 a 19),23081,1,4.332567913002037,True,La Guajira
44,2024,DANE_2018_2050,Hombre,(20 a 24),51998,0,0.0,True,La Guajira
44,2024,DANE_2018_2050,Hombre,(25 a 29),42194,4,9.480020856045883,True,La Guajira
44,2024,DANE_2018_2050,Hombre,(30 a 34),36612,2,5.4626898284715395,True,La Guajira
44,2024,DANE_2018_2050,Hombre,(35 a 39),30471,2,6.5636178661678315,True,La Guajira
44,2024,DANE_2018_2050,Hombre,(40 a 44),25745,3,11.652748106428433,True,La Guajira
44,2024,DANE_2018_2050,Hombre,(45 a 49),21060,1,4.748338081671415,True,La Guajira
44,2024,DANE_2018_2050,Hombre,(50 a 54),17757,1,5.631581911358901,True,La Guajira
44,2024,DANE_2018_2050,Hombre,(55 a 59),15477,3,19.38360147315371,True,La Guajira
44,2024,DANE_2018_2050,Hombre,(60 a 64),12473,1,8.017317405596089,True,La Guajira
44,2024,DANE_2018_2050,Hombre,(65 a 69),8786,1,11.381743683132257,True,La Guajira
44,2024,DANE_2018_2050,Hombre,(70 a 74),6161,1,16.231131309852298,True,La Guajira
44,2024,DANE_2018_2050,Hombre,(75 a 79),4058,0,0.0,True,La Guajira
44,2024,DANE_2018_2050,Hombre,(80 y más),4148,1,24.108003857280618,True,La Guajira
44,2024,DANE_2018_2050,Mujer,(05 a 09),57915,0,0.0,True,La Guajira
44,2024,DANE_2018_2050,Mujer,(10 a 14),57736,0,0.0,True,La Guajira
44,2024,DANE_2018_2050,Mujer,(15 a 17),34718,0,0.0,True,La Guajira
44,2024,DANE_2018_2050,Mujer,(18 a 19),22738,0,0.0,True,La Guajira
44,2024,DANE_2018_2050,Mujer,(20 a 24),53424,0,0.0,True,La Guajira
44,2024,DANE_2018_2050,Mujer,(25 a 29),45950,0,0.0,True,La Guajira
44,2024,DANE_2018_2050,Mujer,(30 a 34),39582,1,2.526400889293113,True,La Guajira
44,2024,DANE_2018_2050,Mujer,(35 a 39),33368,0,0.0,True,La Guajira
44,2024,DANE_2018_2050,Mujer,(40 a 44),28752,0,0.0,True,La Guajira
44,2024,DANE_2018_2050,Mujer,(45 a 49),23623,0,0.0,True,La Guajira
44,2024,DANE_2018_2050,Mujer,(50 a 54),20019,0,0.0,True,La Guajira
44,2024,DANE_2018_2050,Mujer,(55 a 59),17727,0,0.0,True,La Guajira
44,2024,DANE_2018_2050,Mujer,(60 a 64),14407,0,0.0,True,La Guajira
44,2024,DANE_2018_2050,Mujer,(65 a 69),10602,1,9.432182607055273,True,La Guajira
44,2024,DANE_2018_2050,Mujer,(70 a 74),7947,0,0.0,True,La Guajira
44,2024,DANE_2018_2050,Mujer,(75 a 79),5469,0,0.0,True,La Guajira
44,2024,DANE_2018_2050,Mujer,(80 y más),6714,0,0.0,True,La Guajira
47,2015,DANE_2005_2017,Hombre,(05 a 09),67895,0,0.0,True,Magdalena
47,2015,DANE_2005_2017,Hombre,(10 a 14),66574,0,0.0,True,Magdalena
47,2015,DANE_2005_2017,Hombre,(15 a 17),37706,2,5.304195618734419,True,Magdalena
47,2015,DANE_2005_2017,Hombre,(18 a 19),23685,0,0.0,True,Magdalena
47,2015,DANE_2005_2017,Hombre,(20 a 24),54515,4,7.337430065119692,True,Magdalena
47,2015,DANE_2005_2017,Hombre,(25 a 29),48110,7,14.54998960715028,False,Magdalena
47,2015,DANE_2005_2017,Hombre,(30 a 34),43614,1,2.2928417480625485,True,Magdalena
47,2015,DANE_2005_2017,Hombre,(35 a 39),40055,2,4.993134440144801,True,Magdalena
47,2015,DANE_2005_2017,Hombre,(40 a 44),36719,2,5.446771426237098,True,Magdalena
47,2015,DANE_2005_2017,Hombre,(45 a 49),34115,3,8.793785724754507,True,Magdalena
47,2015,DANE_2005_2017,Hombre,(50 a 54),30345,2,6.590871642774756,True,Magdalena
47,2015,DANE_2005_2017,Hombre,(55 a 59),24914,2,8.02761499558481,True,Magdalena
47,2015,DANE_2005_2017,Hombre,(60 a 64),20200,2,9.900990099009901,True,Magdalena
47,2015,DANE_2005_2017,Hombre,(65 a 69),15267,0,0.0,True,Magdalena
47,2015,DANE_2005_2017,Hombre,(70 a 74),10509,0,0.0,True,Magdalena
47,2015,DANE_2005_2017,Hombre,(75 a 79),7205,0,0.0,True,Magdalena
47,2015,DANE_2005_2017,Hombre,(80 y más),9204,1,10.86484137331595,True,Magdalena
47,2015,DANE_2005_2017,Mujer,(05 a 09),63857,0,0.0,True,Magdalena
47,2015,DANE_2005_2017,Mujer,(10 a 14),62623,0,0.0,True,Magdalena
47,2015,DANE_2005_2017,Mujer,(15 a 17),35795,1,2.793686269031988,True,Magdalena
47,2015,DANE_2005_2017,Mujer,(18 a 19),22631,0,0.0,True,Magdalena
47,2015,DANE_2005_2017,Mujer,(20 a 24),52809,2,3.787233236758886,True,Magdalena
47,2015,DANE_2005_2017,Mujer,(25 a 29),48016,0,0.0,True,Magdalena
47,2015,DANE_2005_2017,Mujer,(30 a 34),44937,1,2.2253376949952157,True,Magdalena
47,2015,DANE_2005_2017,Mujer,(35 a 39),41939,1,2.384415460549846,True,Magdalena
47,2015,DANE_2005_2017,Mujer,(40 a 44),38499,0,0.0,True,Magdalena
47,2015,DANE_2005_2017,Mujer,(45 a 49),35900,1,2.785515320334262,True,Magdalena
47,2015,DANE_2005_2017,Mujer,(50 a 54),31909,0,0.0,True,Magdalena
47,2015,DANE_2005_2017,Mujer,(55 a 59),25989,0,0.0,True,Magdalena
47,2015,DANE_2005_2017,Mujer,(60 a 64),20923,0,0.0,True,Magdalena
47,2015,DANE_2005_2017,Mujer,(65 a 69),15493,0,0.0,True,Magdalena
47,2015,DANE_2005_2017,Mujer,(70 a 74),10586,0,0.0,True,Magdalena
47,2015,DANE_2005_2017,Mujer,(75 a 79),7336,0,0.0,True,Magdalena
47,2015,DANE_2005_2017,Mujer,(80 y más),10230,0,0.0,True,Magdalena
47,2016,DANE_2005_2017,Hombre,(05 a 09),67875,0,0.0,True,Magdalena
47,2016,DANE_2005_2017,Hombre,(10 a 14),67096,1,1.4904018123286038,True,Magdalena
47,2016,DANE_2005_2017,Hombre,(15 a 17),38358,1,2.6070180927055633,True,Magdalena
47,2016,DANE_2005_2017,Hombre,(18 a 19),24189,2,8.268221092232006,True,Magdalena
47,2016,DANE_2005_2017,Hombre,(20 a 24),55416,2,3.6090659737259996,True,Magdalena
47,2016,DANE_2005_2017,Hombre,(25 a 29),48955,3,6.128076805229291,True,Magdalena
47,2016,DANE_2005_2017,Hombre,(30 a 34),44345,2,4.51009132934942,True,Magdalena
47,2016,DANE_2005_2017,Hombre,(35 a 39),40598,6,14.77905315532785,False,Magdalena
47,2016,DANE_2005_2017,Hombre,(40 a 44),37231,1,2.6859337648733583,True,Magdalena
47,2016,DANE_2005_2017,Hombre,(45 a 49),34619,4,11.554348768017562,True,Magdalena
47,2016,DANE_2005_2017,Hombre,(50 a 54),31020,3,9.671179883945841,True,Magdalena
47,2016,DANE_2005_2017,Hombre,(55 a 59),25860,3,11.600928074245939,True,Magdalena
47,2016,DANE_2005_2017,Hombre,(60 a 64),20703,1,4.830217842824712,True,Magdalena
47,2016,DANE_2005_2017,Hombre,(65 a 69),16046,2,12.464165524118162,True,Magdalena
47,2016,DANE_2005_2017,Hombre,(70 a 74),10887,1,9.18526683200147,True,Magdalena
47,2016,DANE_2005_2017,Hombre,(75 a 79),7343,2,27.236824186299874,True,Magdalena
47,2016,DANE_2005_2017,Hombre,(80 y más),9473,1,10.556317956296844,True,Magdalena
47,2016,DANE_2005_2017,Mujer,(05 a 09),63881,0,0.0,True,Magdalena
47,2016,DANE_2005_2017,Mujer,(10 a 14),63056,0,0.0,True,Magdalena
47,2016,DANE_2005_2017,Mujer,(15 a 17),36329,0,0.0,True,Magdalena
47,2016,DANE_2005_2017,Mujer,(18 a 19),23032,0,0.0,True,Magdalena
47,2016,DANE_2005_2017,Mujer,(20 a 24),53541,0,0.0,True,Magdalena
47,2016,DANE_2005_2017,Mujer,(25 a 29),48792,0,0.0,True,Magdalena
47,2016,DANE_2005_2017,Mujer,(30 a 34),45596,1,2.1931748398982367,True,Magdalena
47,2016,DANE_2005_2017,Mujer,(35 a 39),42529,2,4.70267346986762,True,Magdalena
47,2016,DANE_2005_2017,Mujer,(40 a 44),39068,1,2.5596396027439337,True,Magdalena
47,2016,DANE_2005_2017,Mujer,(45 a 49),36426,0,0.0,True,Magdalena
47,2016,DANE_2005_2017,Mujer,(50 a 54),32684,1,3.0596010280259454,True,Magdalena
47,2016,DANE_2005_2017,Mujer,(55 a 59),27124,0,0.0,True,Magdalena
47,2016,DANE_2005_2017,Mujer,(60 a 64),21585,0,0.0,True,Magdalena
47,2016,DANE_2005_2017,Mujer,(65 a 69),16489,0,0.0,True,Magdalena
47,2016,DANE_2005_2017,Mujer,(70 a 74),11091,0,0.0,True,Magdalena
47,2016,DANE_2005_2017,Mujer,(75 a 79),7545,0,0.0,True,Magdalena
47,2016,DANE_2005_2017,Mujer,(80 y más),10510,0,0.0,True,Magdalena
47,2017,DANE_2005_2017,Hombre,(05 a 09),67953,0,0.0,True,Magdalena
47,2017,DANE_2005_2017,Hombre,(10 a 14),67657,2,2.956087322819516,True,Magdalena
47,2017,DANE_2005_2017,Hombre,(15 a 17),39029,3,7.686592021317481,True,Magdalena
47,2017,DANE_2005_2017,Hombre,(18 a 19),24742,4,16.166841807452915,True,Magdalena
47,2017,DANE_2005_2017,Hombre,(20 a 24),56554,6,10.609329136754253,False,Magdalena
47,2017,DANE_2005_2017,Hombre,(25 a 29),50137,3,5.983604922512317,True,Magdalena
47,2017,DANE_2005_2017,Hombre,(30 a 34),45228,5,11.055098611479615,False,Magdalena
47,2017,DANE_2005_2017,Hombre,(35 a 39),41346,4,9.674454602621777,True,Magdalena
47,2017,DANE_2005_2017,Hombre,(40 a 44),37931,2,5.27273206612006,True,Magdalena
47,2017,DANE_2005_2017,Hombre,(45 a 49),35113,1,2.8479480534275052,True,Magdalena
47,2017,DANE_2005_2017,Hombre,(50 a 54),31715,3,9.459246413369069,True,Magdalena
47,2017,DANE_2005_2017,Hombre,(55 a 59),26826,3,11.183180496533213,True,Magdalena
47,2017,DANE_2005_2017,Hombre,(60 a 64),21288,4,18.789928598271327,True,Magdalena
47,2017,DANE_2005_2017,Hombre,(65 a 69),16792,0,0.0,True,Magdalena
47,2017,DANE_2005_2017,Hombre,(70 a 74),11341,1,8.817564588660613,True,Magdalena
47,2017,DANE_2005_2017,Hombre,(75 a 79),7532,1,13.27668613913967,True,Magdalena
47,2017,DANE_2005_2017,Hombre,(80 y más),9730,4,41.109969167523126,True,Magdalena
47,2017,DANE_2005_2017,Mujer,(05 a 09),63984,0,0.0,True,Magdalena
47,2017,DANE_2005_2017,Mujer,(10 a 14),63560,0,0.0,True,Magdalena
47,2017,DANE_2005_2017,Mujer,(15 a 17),36854,0,0.0,True,Magdalena
47,2017,DANE_2005_2017,Mujer,(18 a 19),23498,0,0.0,True,Magdalena
47,2017,DANE_2005_2017,Mujer,(20 a 24),54547,1,1.8332813903606064,True,Magdalena
47,2017,DANE_2005_2017,Mujer,(25 a 29),49844,0,0.0,True,Magdalena
47,2017,DANE_2005_2017,Mujer,(30 a 34),46394,0,0.0,True,Magdalena
47,2017,DANE_2005_2017,Mujer,(35 a 39),43312,0,0.0,True,Magdalena
47,2017,DANE_2005_2017,Mujer,(40 a 44),39778,0,0.0,True,Magdalena
47,2017,DANE_2005_2017,Mujer,(45 a 49),36933,1,2.7076056643110498,True,Magdalena
47,2017,DANE_2005_2017,Mujer,(50 a 54),33464,0,0.0,True,Magdalena
47,2017,DANE_2005_2017,Mujer,(55 a 59),28266,0,0.0,True,Magdalena
47,2017,DANE_2005_2017,Mujer,(60 a 64),22328,0,0.0,True,Magdalena
47,2017,DANE_2005_2017,Mujer,(65 a 69),17472,0,0.0,True,Magdalena
47,2017,DANE_2005_2017,Mujer,(70 a 74),11664,0,0.0,True,Magdalena
47,2017,DANE_2005_2017,Mujer,(75 a 79),7825,1,12.779552715654953,True,Magdalena
47,2017,DANE_2005_2017,Mujer,(80 y más),10781,0,0.0,True,Magdalena
47,2018,DANE_2018_2050,Hombre,(05 a 09),73888,0,0.0,True,Magdalena
47,2018,DANE_2018_2050,Hombre,(10 a 14),76507,1,1.3070699413125595,True,Magdalena
47,2018,DANE_2018_2050,Hombre,(15 a 17),42071,2,4.753868460459699,True,Magdalena
47,2018,DANE_2018_2050,Hombre,(18 a 19),25058,3,11.972224439300822,True,Magdalena
47,2018,DANE_2018_2050,Hombre,(20 a 24),54573,4,7.329631869239368,True,Magdalena
47,2018,DANE_2018_2050,Hombre,(25 a 29),48826,1,2.048089132839061,True,Magdalena
47,2018,DANE_2018_2050,Hombre,(30 a 34),43462,1,2.3008605218351663,True,Magdalena
47,2018,DANE_2018_2050,Hombre,(35 a 39),40731,2,4.910264908791829,True,Magdalena
47,2018,DANE_2018_2050,Hombre,(40 a 44),36823,4,10.862775982402303,True,Magdalena
47,2018,DANE_2018_2050,Hombre,(45 a 49),34136,6,17.576751816264355,False,Magdalena
47,2018,DANE_2018_2050,Hombre,(50 a 54),31100,1,3.215434083601286,True,Magdalena
47,2018,DANE_2018_2050,Hombre,(55 a 59),26769,5,18.678321939556948,False,Magdalena
47,2018,DANE_2018_2050,Hombre,(60 a 64),21019,4,19.03040106570246,True,Magdalena
47,2018,DANE_2018_2050,Hombre,(65 a 69),16810,3,17.84651992861392,True,Magdalena
47,2018,DANE_2018_2050,Hombre,(70 a 74),11867,1,8.426729586247578,True,Magdalena
47,2018,DANE_2018_2050,Hombre,(75 a 79),8402,2,23.803856224708404,True,Magdalena
47,2018,DANE_2018_2050,Hombre,(80 y más),9435,3,31.79650238473768,True,Magdalena
47,2018,DANE_2018_2050,Mujer,(05 a 09),69887,0,0.0,True,Magdalena
47,2018,DANE_2018_2050,Mujer,(10 a 14),71948,4,5.559570801134153,True,Magdalena
47,2018,DANE_2018_2050,Mujer,(15 a 17),40026,2,4.996752111127767,True,Magdalena
47,2018,DANE_2018_2050,Mujer,(18 a 19),24695,1,4.049402713099817,True,Magdalena
47,2018,DANE_2018_2050,Mujer,(20 a 24),54823,1,1.8240519489995077,True,Magdalena
47,2018,DANE_2018_2050,Mujer,(25 a 29),49251,0,0.0,True,Magdalena
47,2018,DANE_2018_2050,Mujer,(30 a 34),45101,0,0.0,True,Magdalena
47,2018,DANE_2018_2050,Mujer,(35 a 39),42959,0,0.0,True,Magdalena
47,2018,DANE_2018_2050,Mujer,(40 a 44),38424,1,2.6025400791172184,True,Magdalena
47,2018,DANE_2018_2050,Mujer,(45 a 49),35130,0,0.0,True,Magdalena
47,2018,DANE_2018_2050,Mujer,(50 a 54),32257,0,0.0,True,Magdalena
47,2018,DANE_2018_2050,Mujer,(55 a 59),27735,0,0.0,True,Magdalena
47,2018,DANE_2018_2050,Mujer,(60 a 64),21991,1,4.547314810604338,True,Magdalena
47,2018,DANE_2018_2050,Mujer,(65 a 69),17618,0,0.0,True,Magdalena
47,2018,DANE_2018_2050,Mujer,(70 a 74),12195,0,0.0,True,Magdalena
47,2018,DANE_2018_2050,Mujer,(75 a 79),8921,0,0.0,True,Magdalena
47,2018,DANE_2018_2050,Mujer,(80 y más),11711,0,0.0,True,Magdalena
47,2019,DANE_2018_2050,Hombre,(05 a 09),74390,0,0.0,True,Magdalena
47,2019,DANE_2018_2050,Hombre,(10 a 14),77890,3,3.8515855693927334,True,Magdalena
47,2019,DANE_2018_2050,Hombre,(15 a 17),43751,2,4.571324084020937,True,Magdalena
47,2019,DANE_2018_2050,Hombre,(18 a 19),26885,0,0.0,True,Magdalena
47,2019,DANE_2018_2050,Hombre,(20 a 24),57588,5,8.682364381468362,False,Magdalena
47,2019,DANE_2018_2050,Hombre,(25 a 29),51457,4,7.773480770351945,True,Magdalena
47,2019,DANE_2018_2050,Hombre,(30 a 34),45336,6,13.234515616728428,False,Magdalena
47,2019,DANE_2018_2050,Hombre,(35 a 39),42146,3,7.118113225454373,True,Magdalena
47,2019,DANE_2018_2050,Hombre,(40 a 44),38302,1,2.6108297216855516,True,Magdalena
47,2019,DANE_2018_2050,Hombre,(45 a 49),34812,4,11.49029070435482,True,Magdalena
47,2019,DANE_2018_2050,Hombre,(50 a 54),31848,2,6.279829188646069,True,Magdalena
47,2019,DANE_2018_2050,Hombre,(55 a 59),27756,6,21.616947686986595,False,Magdalena
47,2019,DANE_2018_2050,Hombre,(60 a 64),21943,3,13.671785990976622,True,Magdalena
47,2019,DANE_2018_2050,Hombre,(65 a 69),17198,2,11.629259216187927,True,Magdalena
47,2019,DANE_2018_2050,Hombre,(70 a 74),12432,0,0.0,True,Magdalena
47,2019,DANE_2018_2050,Hombre,(75 a 79),8408,1,11.893434823977165,True,Magdalena
47,2019,DANE_2018_2050,Hombre,(80 y más),9537,2,20.97095522701059,True,Magdalena
47,2019,DANE_2018_2050,Mujer,(05 a 09),70578,0,0.0,True,Magdalena
47,2019,DANE_2018_2050,Mujer,(10 a 14),73046,1,1.3690003559400925,True,Magdalena
47,2019,DANE_2018_2050,Mujer,(15 a 17),41576,0,0.0,True,Magdalena
47,2019,DANE_2018_2050,Mujer,(18 a 19),26019,0,0.0,True,Magdalena
47,2019,DANE_2018_2050,Mujer,(20 a 24),57953,0,0.0,True,Magdalena
47,2019,DANE_2018_2050,Mujer,(25 a 29),51922,0,0.0,True,Magdalena
47,2019,DANE_2018_2050,Mujer,(30 a 34),46730,0,0.0,True,Magdalena
47,2019,DANE_2018_2050,Mujer,(35 a 39),44390,1,2.2527596305474207,True,Magdalena
47,2019,DANE_2018_2050,Mujer,(40 a 44),40027,1,2.4983136382941513,True,Magdalena
47,2019,DANE_2018_2050,Mujer,(45 a 49),35966,0,0.0,True,Magdalena
47,2019,DANE_2018_2050,Mujer,(50 a 54),33012,2,6.05840300496789,True,Magdalena
47,2019,DANE_2018_2050,Mujer,(55 a 59),28825,0,0.0,True,Magdalena
47,2019,DANE_2018_2050,Mujer,(60 a 64),23045,0,0.0,True,Magdalena
47,2019,DANE_2018_2050,Mujer,(65 a 69),18230,0,0.0,True,Magdalena
47,2019,DANE_2018_2050,Mujer,(70 a 74),12933,0,0.0,True,Magdalena
47,2019,DANE_2018_2050,Mujer,(75 a 79),9000,0,0.0,True,Magdalena
47,2019,DANE_2018_2050,Mujer,(80 y más),11913,0,0.0,True,Magdalena
47,2020,DANE_2018_2050,Hombre,(05 a 09),75368,0,0.0,True,Magdalena
47,2020,DANE_2018_2050,Hombre,(10 a 14),79038,1,1.2652142007641893,True,Magdalena
47,2020,DANE_2018_2050,Hombre,(15 a 17),45549,3,6.586313640255549,True,Magdalena
47,2020,DANE_2018_2050,Hombre,(18 a 19),28471,2,7.024691791647641,True,Magdalena
47,2020,DANE_2018_2050,Hombre,(20 a 24),61351,3,4.889895845218497,True,Magdalena
47,2020,DANE_2018_2050,Hombre,(25 a 29),54361,9,16.5559868287927,False,Magdalena
47,2020,DANE_2018_2050,Hombre,(30 a 34),47692,3,6.290363163633314,True,Magdalena
47,2020,DANE_2018_2050,Hombre,(35 a 39),43771,6,13.707706015398324,False,Magdalena
47,2020,DANE_2018_2050,Hombre,(40 a 44),40012,2,4.99850044986504,True,Magdalena
47,2020,DANE_2018_2050,Hombre,(45 a 49),35664,1,2.8039479587258858,True,Magdalena
47,2020,DANE_2018_2050,Hombre,(50 a 54),32693,3,9.176276267090815,True,Magdalena
47,2020,DANE_2018_2050,Hombre,(55 a 59),28698,4,13.938253536831835,True,Magdalena
47,2020,DANE_2018_2050,Hombre,(60 a 64),22993,1,4.34914974122559,True,Magdalena
47,2020,DANE_2018_2050,Hombre,(65 a 69),17654,0,0.0,True,Magdalena
47,2020,DANE_2018_2050,Hombre,(70 a 74),13009,1,7.686985932815743,True,Magdalena
47,2020,DANE_2018_2050,Hombre,(75 a 79),8517,2,23.482446870963955,True,Magdalena
47,2020,DANE_2018_2050,Hombre,(80 y más),9739,0,0.0,True,Magdalena
47,2020,DANE_2018_2050,Mujer,(05 a 09),71707,0,0.0,True,Magdalena
47,2020,DANE_2018_2050,Mujer,(10 a 14),74079,0,0.0,True,Magdalena
47,2020,DANE_2018_2050,Mujer,(15 a 17),43050,3,6.968641114982578,True,Magdalena
47,2020,DANE_2018_2050,Mujer,(18 a 19),27339,0,0.0,True,Magdalena
47,2020,DANE_2018_2050,Mujer,(20 a 24),61672,2,3.242962770787391,True,Magdalena
47,2020,DANE_2018_2050,Mujer,(25 a 29),54835,2,3.6473055530227043,True,Magdalena
47,2020,DANE_2018_2050,Mujer,(30 a 34),48904,2,4.089645018812368,True,Magdalena
47,2020,DANE_2018_2050,Mujer,(35 a 39),45902,2,4.3571086227179645,True,Magdalena
47,2020,DANE_2018_2050,Mujer,(40 a 44),41904,0,0.0,True,Magdalena
47,2020,DANE_2018_2050,Mujer,(45 a 49),36913,0,0.0,True,Magdalena
47,2020,DANE_2018_2050,Mujer,(50 a 54),33886,2,5.902142477719412,True,Magdalena
47,2020,DANE_2018_2050,Mujer,(55 a 59),29902,0,0.0,True,Magdalena
47,2020,DANE_2018_2050,Mujer,(60 a 64),24207,0,0.0,True,Magdalena
47,2020,DANE_2018_2050,Mujer,(65 a 69),18832,0,0.0,True,Magdalena
47,2020,DANE_2018_2050,Mujer,(70 a 74),13755,0,0.0,True,Magdalena
47,2020,DANE_2018_2050,Mujer,(75 a 79),9133,0,0.0,True,Magdalena
47,2020,DANE_2018_2050,Mujer,(80 y más),12269,0,0.0,True,Magdalena
47,2021,DANE_2018_2050,Hombre,(05 a 09),75608,0,0.0,True,Magdalena
47,2021,DANE_2018_2050,Hombre,(10 a 14),79110,1,1.2640626975097964,True,Magdalena
47,2021,DANE_2018_2050,Hombre,(15 a 17),46659,2,4.286418483036499,True,Magdalena
47,2021,DANE_2018_2050,Hombre,(18 a 19),29349,2,6.814542233125489,True,Magdalena
47,2021,DANE_2018_2050,Hombre,(20 a 24),64490,1,1.5506280043417584,True,Magdalena
47,2021,DANE_2018_2050,Hombre,(25 a 29),56107,2,3.564617605646354,True,Magdalena
47,2021,DANE_2018_2050,Hombre,(30 a 34),49438,5,10.113677737772562,False,Magdalena
47,2021,DANE_2018_2050,Hombre,(35 a 39),44850,1,2.229654403567447,True,Magdalena
47,2021,DANE_2018_2050,Hombre,(40 a 44),41274,2,4.84566555216359,True,Magdalena
47,2021,DANE_2018_2050,Hombre,(45 a 49),36348,2,5.502366017387477,True,Magdalena
47,2021,DANE_2018_2050,Hombre,(50 a 54),33312,2,6.003842459173871,True,Magdalena
47,2021,DANE_2018_2050,Hombre,(55 a 59),29351,2,6.814077884910224,True,Magdalena
47,2021,DANE_2018_2050,Hombre,(60 a 64),23916,2,8.362602441879913,True,Magdalena
47,2021,DANE_2018_2050,Hombre,(65 a 69),18067,1,5.534953229645209,True,Magdalena
47,2021,DANE_2018_2050,Hombre,(70 a 74),13449,0,0.0,True,Magdalena
47,2021,DANE_2018_2050,Hombre,(75 a 79),8592,4,46.554934823091244,True,Magdalena
47,2021,DANE_2018_2050,Hombre,(80 y más),9744,1,10.262725779967159,True,Magdalena
47,2021,DANE_2018_2050,Mujer,(05 a 09),72065,0,0.0,True,Magdalena
47,2021,DANE_2018_2050,Mujer,(10 a 14),74143,1,1.3487449927842143,True,Magdalena
47,2021,DANE_2018_2050,Mujer,(15 a 17),43861,0,0.0,True,Magdalena
47,2021,DANE_2018_2050,Mujer,(18 a 19),28119,1,3.556314235925887,True,Magdalena
47,2021,DANE_2018_2050,Mujer,(20 a 24),64401,1,1.5527709197062156,True,Magdalena
47,2021,DANE_2018_2050,Mujer,(25 a 29),56650,3,5.29567519858782,True,Magdalena
47,2021,DANE_2018_2050,Mujer,(30 a 34),50468,0,0.0,True,Magdalena
47,2021,DANE_2018_2050,Mujer,(35 a 39),46923,1,2.1311510346738274,True,Magdalena
47,2021,DANE_2018_2050,Mujer,(40 a 44),43301,0,0.0,True,Magdalena
47,2021,DANE_2018_2050,Mujer,(45 a 49),37779,0,0.0,True,Magdalena
47,2021,DANE_2018_2050,Mujer,(50 a 54),34496,1,2.898886827458256,True,Magdalena
47,2021,DANE_2018_2050,Mujer,(55 a 59),30744,0,0.0,True,Magdalena
47,2021,DANE_2018_2050,Mujer,(60 a 64),25239,0,0.0,True,Magdalena
47,2021,DANE_2018_2050,Mujer,(65 a 69),19384,0,0.0,True,Magdalena
47,2021,DANE_2018_2050,Mujer,(70 a 74),14468,0,0.0,True,Magdalena
47,2021,DANE_2018_2050,Mujer,(75 a 79),9297,0,0.0,True,Magdalena
47,2021,DANE_2018_2050,Mujer,(80 y más),12345,0,0.0,True,Magdalena
47,2022,DANE_2018_2050,Hombre,(05 a 09),75606,1,1.322646350818718,True,Magdalena
47,2022,DANE_2018_2050,Hombre,(10 a 14),78557,3,3.818883103988187,True,Magdalena
47,2022,DANE_2018_2050,Hombre,(15 a 17),47445,1,2.1077036568658447,True,Magdalena
47,2022,DANE_2018_2050,Hombre,(18 a 19),30036,3,9.988014382740712,True,Magdalena
47,2022,DANE_2018_2050,Hombre,(20 a 24),67184,6,8.930697785186949,False,Magdalena
47,2022,DANE_2018_2050,Hombre,(25 a 29),57332,5,8.721133049605806,False,Magdalena
47,2022,DANE_2018_2050,Hombre,(30 a 34),50972,2,3.9237228282194145,True,Magdalena
47,2022,DANE_2018_2050,Hombre,(35 a 39),45735,2,4.373018476003061,True,Magdalena
47,2022,DANE_2018_2050,Hombre,(40 a 44),42195,4,9.479796184382037,True,Magdalena
47,2022,DANE_2018_2050,Hombre,(45 a 49),37111,3,8.083856538492629,True,Magdalena
47,2022,DANE_2018_2050,Hombre,(50 a 54),33745,1,2.9634019854793303,True,Magdalena
47,2022,DANE_2018_2050,Hombre,(55 a 59),29906,12,40.12572727880693,False,Magdalena
47,2022,DANE_2018_2050,Hombre,(60 a 64),24766,2,8.075587498990553,True,Magdalena
47,2022,DANE_2018_2050,Hombre,(65 a 69),18551,0,0.0,True,Magdalena
47,2022,DANE_2018_2050,Hombre,(70 a 74),13816,3,21.713954834973944,True,Magdalena
47,2022,DANE_2018_2050,Hombre,(75 a 79),8701,1,11.492931846914148,True,Magdalena
47,2022,DANE_2018_2050,Hombre,(80 y más),9655,1,10.357327809425168,True,Magdalena
47,2022,DANE_2018_2050,Mujer,(05 a 09),72087,0,0.0,True,Magdalena
47,2022,DANE_2018_2050,Mujer,(10 a 14),73733,3,4.068734487949764,True,Magdalena
47,2022,DANE_2018_2050,Mujer,(15 a 17),44378,1,2.253368786335572,True,Magdalena
47,2022,DANE_2018_2050,Mujer,(18 a 19),28604,1,3.4960145434205008,True,Magdalena
47,2022,DANE_2018_2050,Mujer,(20 a 24),66521,1,1.5032846770192871,True,Magdalena
47,2022,DANE_2018_2050,Mujer,(25 a 29),58006,2,3.4479191807744023,True,Magdalena
47,2022,DANE_2018_2050,Mujer,(30 a 34),51894,0,0.0,True,Magdalena
47,2022,DANE_2018_2050,Mujer,(35 a 39),47703,0,0.0,True,Magdalena
47,2022,DANE_2018_2050,Mujer,(40 a 44),44427,0,0.0,True,Magdalena
47,2022,DANE_2018_2050,Mujer,(45 a 49),38683,0,0.0,True,Magdalena
47,2022,DANE_2018_2050,Mujer,(50 a 54),34957,1,2.8606573790657093,True,Magdalena
47,2022,DANE_2018_2050,Mujer,(55 a 59),31419,0,0.0,True,Magdalena
47,2022,DANE_2018_2050,Mujer,(60 a 64),26199,0,0.0,True,Magdalena
47,2022,DANE_2018_2050,Mujer,(65 a 69),20005,0,0.0,True,Magdalena
47,2022,DANE_2018_2050,Mujer,(70 a 74),15065,0,0.0,True,Magdalena
47,2022,DANE_2018_2050,Mujer,(75 a 79),9558,0,0.0,True,Magdalena
47,2022,DANE_2018_2050,Mujer,(80 y más),12361,0,0.0,True,Magdalena
47,2023,DANE_2018_2050,Hombre,(05 a 09),75672,0,0.0,True,Magdalena
47,2023,DANE_2018_2050,Hombre,(10 a 14),78058,1,1.2810986702195803,True,Magdalena
47,2023,DANE_2018_2050,Hombre,(15 a 17),47686,0,0.0,True,Magdalena
47,2023,DANE_2018_2050,Hombre,(18 a 19),30645,0,0.0,True,Magdalena
47,2023,DANE_2018_2050,Hombre,(20 a 24),69636,10,14.360388304899764,False,Magdalena
47,2023,DANE_2018_2050,Hombre,(25 a 29),58593,3,5.1200655368388714,True,Magdalena
47,2023,DANE_2018_2050,Hombre,(30 a 34),52530,7,13.32571863696935,False,Magdalena
47,2023,DANE_2018_2050,Hombre,(35 a 39),46559,2,4.295624906033205,True,Magdalena
47,2023,DANE_2018_2050,Hombre,(40 a 44),43107,0,0.0,True,Magdalena
47,2023,DANE_2018_2050,Hombre,(45 a 49),37935,2,5.272176090681429,True,Magdalena
47,2023,DANE_2018_2050,Hombre,(50 a 54),34151,1,2.928171942256449,True,Magdalena
47,2023,DANE_2018_2050,Hombre,(55 a 59),30395,1,3.290014805066623,True,Magdalena
47,2023,DANE_2018_2050,Hombre,(60 a 64),25572,4,15.642108556233381,True,Magdalena
47,2023,DANE_2018_2050,Hombre,(65 a 69),19174,4,20.86158339417962,True,Magdalena
47,2023,DANE_2018_2050,Hombre,(70 a 74),14128,1,7.078142695356739,True,Magdalena
47,2023,DANE_2018_2050,Hombre,(75 a 79),8986,2,22.256843979523705,True,Magdalena
47,2023,DANE_2018_2050,Hombre,(80 y más),9605,0,0.0,True,Magdalena
47,2023,DANE_2018_2050,Mujer,(05 a 09),72008,0,0.0,True,Magdalena
47,2023,DANE_2018_2050,Mujer,(10 a 14),73343,1,1.3634566352617155,True,Magdalena
47,2023,DANE_2018_2050,Mujer,(15 a 17),44552,1,2.244568145088885,True,Magdalena
47,2023,DANE_2018_2050,Mujer,(18 a 19),28930,1,3.456619426201175,True,Magdalena
47,2023,DANE_2018_2050,Mujer,(20 a 24),68152,2,2.9346167390538795,True,Magdalena
47,2023,DANE_2018_2050,Mujer,(25 a 29),59515,0,0.0,True,Magdalena
47,2023,DANE_2018_2050,Mujer,(30 a 34),53390,1,1.8730099269526128,True,Magdalena
47,2023,DANE_2018_2050,Mujer,(35 a 39),48428,1,2.064921120013216,True,Magdalena
47,2023,DANE_2018_2050,Mujer,(40 a 44),45414,2,4.40392830404721,True,Magdalena
47,2023,DANE_2018_2050,Mujer,(45 a 49),39704,0,0.0,True,Magdalena
47,2023,DANE_2018_2050,Mujer,(50 a 54),35432,0,0.0,True,Magdalena
47,2023,DANE_2018_2050,Mujer,(55 a 59),31984,1,3.12656328164082,True,Magdalena
47,2023,DANE_2018_2050,Mujer,(60 a 64),27133,1,3.6855489625179674,True,Magdalena
47,2023,DANE_2018_2050,Mujer,(65 a 69),20739,0,0.0,True,Magdalena
47,2023,DANE_2018_2050,Mujer,(70 a 74),15585,0,0.0,True,Magdalena
47,2023,DANE_2018_2050,Mujer,(75 a 79),9978,0,0.0,True,Magdalena
47,2023,DANE_2018_2050,Mujer,(80 y más),12382,0,0.0,True,Magdalena
47,2024,DANE_2018_2050,Hombre,(05 a 09),75217,0,0.0,True,Magdalena
47,2024,DANE_2018_2050,Hombre,(10 a 14),77571,0,0.0,True,Magdalena
47,2024,DANE_2018_2050,Hombre,(15 a 17),47613,2,4.200533467750404,True,Magdalena
47,2024,DANE_2018_2050,Hombre,(18 a 19),31156,1,3.2096546411606113,True,Magdalena
47,2024,DANE_2018_2050,Hombre,(20 a 24),71763,2,2.7869514931092625,True,Magdalena
47,2024,DANE_2018_2050,Hombre,(25 a 29),60114,2,3.327012010513358,True,Magdalena
47,2024,DANE_2018_2050,Hombre,(30 a 34),53983,6,11.114610155048812,False,Magdalena
47,2024,DANE_2018_2050,Hombre,(35 a 39),47563,8,16.819796900952422,False,Magdalena
47,2024,DANE_2018_2050,Hombre,(40 a 44),43914,2,4.5543562417452295,True,Magdalena
47,2024,DANE_2018_2050,Hombre,(45 a 49),38946,7,17.97360447799517,False,Magdalena
47,2024,DANE_2018_2050,Hombre,(50 a 54),34502,4,11.593530809808128,True,Magdalena
47,2024,DANE_2018_2050,Hombre,(55 a 59),30903,1,3.235931786557939,True,Magdalena
47,2024,DANE_2018_2050,Hombre,(60 a 64),26375,1,3.7914691943127963,True,Magdalena
47,2024,DANE_2018_2050,Hombre,(65 a 69),19923,2,10.038648797871806,True,Magdalena
47,2024,DANE_2018_2050,Hombre,(70 a 74),14417,5,34.6812790455712,False,Magdalena
47,2024,DANE_2018_2050,Hombre,(75 a 79),9356,1,10.688328345446772,True,Magdalena
47,2024,DANE_2018_2050,Hombre,(80 y más),9706,1,10.302905419328251,True,Magdalena
47,2024,DANE_2018_2050,Mujer,(05 a 09),71453,0,0.0,True,Magdalena
47,2024,DANE_2018_2050,Mujer,(10 a 14),73057,0,0.0,True,Magdalena
47,2024,DANE_2018_2050,Mujer,(15 a 17),44395,1,2.2525059128280214,True,Magdalena
47,2024,DANE_2018_2050,Mujer,(18 a 19),29227,1,3.4214938242036474,True,Magdalena
47,2024,DANE_2018_2050,Mujer,(20 a 24),69458,4,5.758875867430677,True,Magdalena
47,2024,DANE_2018_2050,Mujer,(25 a 29),61134,0,0.0,True,Magdalena
47,2024,DANE_2018_2050,Mujer,(30 a 34),54928,1,1.8205651034080976,True,Magdalena
47,2024,DANE_2018_2050,Mujer,(35 a 39),49242,0,0.0,True,Magdalena
47,2024,DANE_2018_2050,Mujer,(40 a 44),46242,1,2.1625362224817266,True,Magdalena
47,2024,DANE_2018_2050,Mujer,(45 a 49),40826,0,0.0,True,Magdalena
47,2024,DANE_2018_2050,Mujer,(50 a 54),35902,0,0.0,True,Magdalena
47,2024,DANE_2018_2050,Mujer,(55 a 59),32520,0,0.0,True,Magdalena
47,2024,DANE_2018_2050,Mujer,(60 a 64),28010,0,0.0,True,Magdalena
47,2024,DANE_2018_2050,Mujer,(65 a 69),21616,0,0.0,True,Magdalena
47,2024,DANE_2018_2050,Mujer,(70 a 74),16029,0,0.0,True,Magdalena
47,2024,DANE_2018_2050,Mujer,(75 a 79),10519,0,0.0,True,Magdalena
47,2024,DANE_2018_2050,Mujer,(80 y más),12579,0,0.0,True,Magdalena
50,2015,DANE_2005_2017,Hombre,(05 a 09),45489,0,0.0,True,Meta
50,2015,DANE_2005_2017,Hombre,(10 a 14),47424,1,2.1086369770580298,True,Meta
50,2015,DANE_2005_2017,Hombre,(15 a 17),28997,1,3.448632617167293,True,Meta
50,2015,DANE_2005_2017,Hombre,(18 a 19),19044,1,5.250997689561016,True,Meta
50,2015,DANE_2005_2017,Hombre,(20 a 24),45475,5,10.995052226498077,False,Meta
50,2015,DANE_2005_2017,Hombre,(25 a 29),41576,3,7.215701366172793,True,Meta
50,2015,DANE_2005_2017,Hombre,(30 a 34),38820,4,10.303967027305513,True,Meta
50,2015,DANE_2005_2017,Hombre,(35 a 39),34827,5,14.356677290607863,False,Meta
50,2015,DANE_2005_2017,Hombre,(40 a 44),30857,2,6.4815114884791125,True,Meta
50,2015,DANE_2005_2017,Hombre,(45 a 49),28992,2,6.898454746136865,True,Meta
50,2015,DANE_2005_2017,Hombre,(50 a 54),25923,2,7.715156424796513,True,Meta
50,2015,DANE_2005_2017,Hombre,(55 a 59),20574,1,4.86050354816759,True,Meta
50,2015,DANE_2005_2017,Hombre,(60 a 64),15563,0,0.0,True,Meta
50,2015,DANE_2005_2017,Hombre,(65 a 69),11837,2,16.89617301681169,True,Meta
50,2015,DANE_2005_2017,Hombre,(70 a 74),8548,2,23.39728591483388,True,Meta
50,2015,DANE_2005_2017,Hombre,(75 a 79),5810,1,17.211703958691913,True,Meta
50,2015,DANE_2005_2017,Hombre,(80 y más),6918,0,0.0,True,Meta
50,2015,DANE_2005_2017,Mujer,(05 a 09),43148,0,0.0,True,Meta
50,2015,DANE_2005_2017,Mujer,(10 a 14),44368,0,0.0,True,Meta
50,2015,DANE_2005_2017,Mujer,(15 a 17),26925,2,7.428040854224699,True,Meta
50,2015,DANE_2005_2017,Mujer,(18 a 19),17733,1,5.639203744431286,True,Meta
50,2015,DANE_2005_2017,Mujer,(20 a 24),43042,2,4.646624227498722,True,Meta
50,2015,DANE_2005_2017,Mujer,(25 a 29),39910,3,7.5169130543723375,True,Meta
50,2015,DANE_2005_2017,Mujer,(30 a 34),37825,0,0.0,True,Meta
50,2015,DANE_2005_2017,Mujer,(35 a 39),34670,0,0.0,True,Meta
50,2015,DANE_2005_2017,Mujer,(40 a 44),31272,0,0.0,True,Meta
50,2015,DANE_2005_2017,Mujer,(45 a 49),29738,0,0.0,True,Meta
50,2015,DANE_2005_2017,Mujer,(50 a 54),26601,0,0.0,True,Meta
50,2015,DANE_2005_2017,Mujer,(55 a 59),21182,1,4.7209895194032665,True,Meta
50,2015,DANE_2005_2017,Mujer,(60 a 64),15844,2,12.623074981065388,True,Meta
50,2015,DANE_2005_2017,Mujer,(65 a 69),11546,0,0.0,True,Meta
50,2015,DANE_2005_2017,Mujer,(70 a 74),8098,0,0.0,True,Meta
50,2015,DANE_2005_2017,Mujer,(75 a 79),5355,0,0.0,True,Meta
50,2015,DANE_2005_2017,Mujer,(80 y más),6630,1,15.08295625942685,True,Meta
50,2016,DANE_2005_2017,Hombre,(05 a 09),45604,0,0.0,True,Meta
50,2016,DANE_2005_2017,Hombre,(10 a 14),47329,1,2.112869488051723,True,Meta
50,2016,DANE_2005_2017,Hombre,(15 a 17),29013,3,10.340192327577293,True,Meta
50,2016,DANE_2005_2017,Hombre,(18 a 19),19196,3,15.62825588664305,True,Meta
50,2016,DANE_2005_2017,Hombre,(20 a 24),45989,6,13.046598099545543,False,Meta
50,2016,DANE_2005_2017,Hombre,(25 a 29),42299,3,7.092366249793139,True,Meta
50,2016,DANE_2005_2017,Hombre,(30 a 34),39467,5,12.668811918818253,False,Meta
50,2016,DANE_2005_2017,Hombre,(35 a 39),35900,6,16.71309192200557,False,Meta
50,2016,DANE_2005_2017,Hombre,(40 a 44),31514,1,3.173192866662436,True,Meta
50,2016,DANE_2005_2017,Hombre,(45 a 49),29345,3,10.223206679161697,True,Meta
50,2016,DANE_2005_2017,Hombre,(50 a 54),26701,3,11.23553424965357,True,Meta
50,2016,DANE_2005_2017,Hombre,(55 a 59),21612,0,0.0,True,Meta
50,2016,DANE_2005_2017,Hombre,(60 a 64),16269,5,30.733296453377587,False,Meta
50,2016,DANE_2005_2017,Hombre,(65 a 69),12294,3,24.40214738897023,True,Meta
50,2016,DANE_2005_2017,Hombre,(70 a 74),8887,2,22.504782266231572,True,Meta
50,2016,DANE_2005_2017,Hombre,(75 a 79),5977,1,16.730801405387318,True,Meta
50,2016,DANE_2005_2017,Hombre,(80 y más),7305,1,13.689253935660506,True,Meta
50,2016,DANE_2005_2017,Mujer,(05 a 09),43284,0,0.0,True,Meta
50,2016,DANE_2005_2017,Mujer,(10 a 14),44419,1,2.251288862873995,True,Meta
50,2016,DANE_2005_2017,Mujer,(15 a 17),27012,1,3.7020583444395085,True,Meta
50,2016,DANE_2005_2017,Mujer,(18 a 19),17845,1,5.603810591202017,True,Meta
50,2016,DANE_2005_2017,Mujer,(20 a 24),43454,1,2.301284116537028,True,Meta
50,2016,DANE_2005_2017,Mujer,(25 a 29),40720,0,0.0,True,Meta
50,2016,DANE_2005_2017,Mujer,(30 a 34),38442,1,2.601321471307424,True,Meta
50,2016,DANE_2005_2017,Mujer,(35 a 39),35657,0,0.0,True,Meta
50,2016,DANE_2005_2017,Mujer,(40 a 44),31867,0,0.0,True,Meta
50,2016,DANE_2005_2017,Mujer,(45 a 49),30125,0,0.0,True,Meta
50,2016,DANE_2005_2017,Mujer,(50 a 54),27447,0,0.0,True,Meta
50,2016,DANE_2005_2017,Mujer,(55 a 59),22331,0,0.0,True,Meta
50,2016,DANE_2005_2017,Mujer,(60 a 64),16786,1,5.957345406886692,True,Meta
50,2016,DANE_2005_2017,Mujer,(65 a 69),12227,0,0.0,True,Meta
50,2016,DANE_2005_2017,Mujer,(70 a 74),8579,0,0.0,True,Meta
50,2016,DANE_2005_2017,Mujer,(75 a 79),5629,0,0.0,True,Meta
50,2016,DANE_2005_2017,Mujer,(80 y más),6992,0,0.0,True,Meta
50,2017,DANE_2005_2017,Hombre,(05 a 09),45770,0,0.0,True,Meta
50,2017,DANE_2005_2017,Hombre,(10 a 14),47245,2,4.233252195999577,True,Meta
50,2017,DANE_2005_2017,Hombre,(15 a 17),29022,4,13.782647646612915,True,Meta
50,2017,DANE_2005_2017,Hombre,(18 a 19),19278,0,0.0,True,Meta
50,2017,DANE_2005_2017,Hombre,(20 a 24),46413,8,17.236550104496587,False,Meta
50,2017,DANE_2005_2017,Hombre,(25 a 29),43029,3,6.972042111134352,True,Meta
50,2017,DANE_2005_2017,Hombre,(30 a 34),40046,4,9.988513209808719,True,Meta
50,2017,DANE_2005_2017,Hombre,(35 a 39),36956,6,16.235523325035178,False,Meta
50,2017,DANE_2005_2017,Hombre,(40 a 44),32291,6,18.58102876962621,False,Meta
50,2017,DANE_2005_2017,Hombre,(45 a 49),29725,4,13.456686291000842,True,Meta
50,2017,DANE_2005_2017,Hombre,(50 a 54),27339,3,10.97333479644464,True,Meta
50,2017,DANE_2005_2017,Hombre,(55 a 59),22650,4,17.660044150110377,True,Meta
50,2017,DANE_2005_2017,Hombre,(60 a 64),17040,3,17.605633802816904,True,Meta
50,2017,DANE_2005_2017,Hombre,(65 a 69),12799,1,7.8131103992499416,True,Meta
50,2017,DANE_2005_2017,Hombre,(70 a 74),9245,2,21.633315305570576,True,Meta
50,2017,DANE_2005_2017,Hombre,(75 a 79),6178,2,32.37293622531564,True,Meta
50,2017,DANE_2005_2017,Hombre,(80 y más),7685,0,0.0,True,Meta
50,2017,DANE_2005_2017,Mujer,(05 a 09),43455,0,0.0,True,Meta
50,2017,DANE_2005_2017,Mujer,(10 a 14),44450,0,0.0,True,Meta
50,2017,DANE_2005_2017,Mujer,(15 a 17),27080,2,7.385524372230428,True,Meta
50,2017,DANE_2005_2017,Mujer,(18 a 19),17962,0,0.0,True,Meta
50,2017,DANE_2005_2017,Mujer,(20 a 24),43724,2,4.574146921599121,True,Meta
50,2017,DANE_2005_2017,Mujer,(25 a 29),41530,1,2.4078979051288223,True,Meta
50,2017,DANE_2005_2017,Mujer,(30 a 34),39044,1,2.561212990472288,True,Meta
50,2017,DANE_2005_2017,Mujer,(35 a 39),36610,0,0.0,True,Meta
50,2017,DANE_2005_2017,Mujer,(40 a 44),32561,1,3.071158748195694,True,Meta
50,2017,DANE_2005_2017,Mujer,(45 a 49),30473,0,0.0,True,Meta
50,2017,DANE_2005_2017,Mujer,(50 a 54),28184,0,0.0,True,Meta
50,2017,DANE_2005_2017,Mujer,(55 a 59),23484,1,4.258218361437574,True,Meta
50,2017,DANE_2005_2017,Mujer,(60 a 64),17798,0,0.0,True,Meta
50,2017,DANE_2005_2017,Mujer,(65 a 69),12935,1,7.730962504831851,True,Meta
50,2017,DANE_2005_2017,Mujer,(70 a 74),9079,0,0.0,True,Meta
50,2017,DANE_2005_2017,Mujer,(75 a 79),5961,0,0.0,True,Meta
50,2017,DANE_2005_2017,Mujer,(80 y más),7361,0,0.0,True,Meta
50,2018,DANE_2018_2050,Hombre,(05 a 09),48753,0,0.0,True,Meta
50,2018,DANE_2018_2050,Hombre,(10 a 14),51881,0,0.0,True,Meta
50,2018,DANE_2018_2050,Hombre,(15 a 17),31343,4,12.762020227802061,True,Meta
50,2018,DANE_2018_2050,Hombre,(18 a 19),20032,3,14.976038338658146,True,Meta
50,2018,DANE_2018_2050,Hombre,(20 a 24),45530,5,10.981770261366133,False,Meta
50,2018,DANE_2018_2050,Hombre,(25 a 29),41538,3,7.2223024700274445,True,Meta
50,2018,DANE_2018_2050,Hombre,(30 a 34),37701,6,15.914697222885334,False,Meta
50,2018,DANE_2018_2050,Hombre,(35 a 39),35735,4,11.193507765496012,True,Meta
50,2018,DANE_2018_2050,Hombre,(40 a 44),32030,1,3.1220730565095223,True,Meta
50,2018,DANE_2018_2050,Hombre,(45 a 49),29753,2,6.722011225758747,True,Meta
50,2018,DANE_2018_2050,Hombre,(50 a 54),27563,0,0.0,True,Meta
50,2018,DANE_2018_2050,Hombre,(55 a 59),23248,6,25.808671713695805,False,Meta
50,2018,DANE_2018_2050,Hombre,(60 a 64),17722,4,22.57081593499605,True,Meta
50,2018,DANE_2018_2050,Hombre,(65 a 69),13652,3,21.974802226779957,True,Meta
50,2018,DANE_2018_2050,Hombre,(70 a 74),10010,0,0.0,True,Meta
50,2018,DANE_2018_2050,Hombre,(75 a 79),7226,3,41.516745087185164,True,Meta
50,2018,DANE_2018_2050,Hombre,(80 y más),7739,2,25.843132187621137,True,Meta
50,2018,DANE_2018_2050,Mujer,(05 a 09),46227,0,0.0,True,Meta
50,2018,DANE_2018_2050,Mujer,(10 a 14),49219,1,2.0317357118186066,True,Meta
50,2018,DANE_2018_2050,Mujer,(15 a 17),29742,1,3.3622486719117743,True,Meta
50,2018,DANE_2018_2050,Mujer,(18 a 19),18465,0,0.0,True,Meta
50,2018,DANE_2018_2050,Mujer,(20 a 24),43655,0,0.0,True,Meta
50,2018,DANE_2018_2050,Mujer,(25 a 29),40420,1,2.474022761009401,True,Meta
50,2018,DANE_2018_2050,Mujer,(30 a 34),37357,0,0.0,True,Meta
50,2018,DANE_2018_2050,Mujer,(35 a 39),35687,1,2.802140835598397,True,Meta
50,2018,DANE_2018_2050,Mujer,(40 a 44),31748,0,0.0,True,Meta
50,2018,DANE_2018_2050,Mujer,(45 a 49),29422,0,0.0,True,Meta
50,2018,DANE_2018_2050,Mujer,(50 a 54),27305,2,7.324665812122322,True,Meta
50,2018,DANE_2018_2050,Mujer,(55 a 59),23382,0,0.0,True,Meta
50,2018,DANE_2018_2050,Mujer,(60 a 64),18558,0,0.0,True,Meta
50,2018,DANE_2018_2050,Mujer,(65 a 69),13826,0,0.0,True,Meta
50,2018,DANE_2018_2050,Mujer,(70 a 74),9915,0,0.0,True,Meta
50,2018,DANE_2018_2050,Mujer,(75 a 79),6952,0,0.0,True,Meta
50,2018,DANE_2018_2050,Mujer,(80 y más),8071,0,0.0,True,Meta
50,2019,DANE_2018_2050,Hombre,(05 a 09),48587,0,0.0,True,Meta
50,2019,DANE_2018_2050,Hombre,(10 a 14),51824,0,0.0,True,Meta
50,2019,DANE_2018_2050,Hombre,(15 a 17),31595,1,3.165057762304162,True,Meta
50,2019,DANE_2018_2050,Hombre,(18 a 19),20724,0,0.0,True,Meta
50,2019,DANE_2018_2050,Hombre,(20 a 24),47315,5,10.567473317129874,False,Meta
50,2019,DANE_2018_2050,Hombre,(25 a 29),43047,2,4.6460845122772785,True,Meta
50,2019,DANE_2018_2050,Hombre,(30 a 34),38668,2,5.172235440157237,True,Meta
50,2019,DANE_2018_2050,Hombre,(35 a 39),36496,1,2.740026304252521,True,Meta
50,2019,DANE_2018_2050,Hombre,(40 a 44),32885,0,0.0,True,Meta
50,2019,DANE_2018_2050,Hombre,(45 a 49),30181,3,9.94002849474835,True,Meta
50,2019,DANE_2018_2050,Hombre,(50 a 54),28158,1,3.5513885929398397,True,Meta
50,2019,DANE_2018_2050,Hombre,(55 a 59),24185,1,4.134794293983874,True,Meta
50,2019,DANE_2018_2050,Hombre,(60 a 64),18482,2,10.821339681852614,True,Meta
50,2019,DANE_2018_2050,Hombre,(65 a 69),14089,5,35.488679111363474,False,Meta
50,2019,DANE_2018_2050,Hombre,(70 a 74),10350,1,9.66183574879227,True,Meta
50,2019,DANE_2018_2050,Hombre,(75 a 79),7302,0,0.0,True,Meta
50,2019,DANE_2018_2050,Hombre,(80 y más),7953,1,12.57387149503332,True,Meta
50,2019,DANE_2018_2050,Mujer,(05 a 09),46048,0,0.0,True,Meta
50,2019,DANE_2018_2050,Mujer,(10 a 14),49067,1,2.038029632950863,True,Meta
50,2019,DANE_2018_2050,Mujer,(15 a 17),30348,2,6.590220113351786,True,Meta
50,2019,DANE_2018_2050,Mujer,(18 a 19),19401,0,0.0,True,Meta
50,2019,DANE_2018_2050,Mujer,(20 a 24),45191,0,0.0,True,Meta
50,2019,DANE_2018_2050,Mujer,(25 a 29),42047,1,2.3782909601160602,True,Meta
50,2019,DANE_2018_2050,Mujer,(30 a 34),38260,0,0.0,True,Meta
50,2019,DANE_2018_2050,Mujer,(35 a 39),36641,2,5.458366310963129,True,Meta
50,2019,DANE_2018_2050,Mujer,(40 a 44),32749,0,0.0,True,Meta
50,2019,DANE_2018_2050,Mujer,(45 a 49),30032,0,0.0,True,Meta
50,2019,DANE_2018_2050,Mujer,(50 a 54),28035,1,3.5669698591046908,True,Meta
50,2019,DANE_2018_2050,Mujer,(55 a 59),24423,0,0.0,True,Meta
50,2019,DANE_2018_2050,Mujer,(60 a 64),19496,0,0.0,True,Meta
50,2019,DANE_2018_2050,Mujer,(65 a 69),14517,0,0.0,True,Meta
50,2019,DANE_2018_2050,Mujer,(70 a 74),10422,0,0.0,True,Meta
50,2019,DANE_2018_2050,Mujer,(75 a 79),7104,0,0.0,True,Meta
50,2019,DANE_2018_2050,Mujer,(80 y más),8425,0,0.0,True,Meta
50,2020,DANE_2018_2050,Hombre,(05 a 09),48562,0,0.0,True,Meta
50,2020,DANE_2018_2050,Hombre,(10 a 14),51728,2,3.8663779771110427,True,Meta
50,2020,DANE_2018_2050,Hombre,(15 a 17),31846,0,0.0,True,Meta
50,2020,DANE_2018_2050,Hombre,(18 a 19),21152,2,9.4553706505295,True,Meta
50,2020,DANE_2018_2050,Hombre,(20 a 24),49361,12,24.310690626202874,False,Meta
50,2020,DANE_2018_2050,Hombre,(25 a 29),44665,9,20.150005597223778,False,Meta
50,2020,DANE_2018_2050,Hombre,(30 a 34),39917,6,15.031189718666232,False,Meta
50,2020,DANE_2018_2050,Hombre,(35 a 39),37251,3,8.053475074494644,True,Meta
50,2020,DANE_2018_2050,Hombre,(40 a 44),33885,4,11.804633318577542,True,Meta
50,2020,DANE_2018_2050,Hombre,(45 a 49),30654,3,9.786651008025053,True,Meta
50,2020,DANE_2018_2050,Hombre,(50 a 54),28740,5,17.397355601948504,False,Meta
50,2020,DANE_2018_2050,Hombre,(55 a 59),25081,2,7.974163709580957,True,Meta
50,2020,DANE_2018_2050,Hombre,(60 a 64),19354,0,0.0,True,Meta
50,2020,DANE_2018_2050,Hombre,(65 a 69),14571,6,41.17768169652048,False,Meta
50,2020,DANE_2018_2050,Hombre,(70 a 74),10744,3,27.922561429635145,True,Meta
50,2020,DANE_2018_2050,Hombre,(75 a 79),7388,0,0.0,True,Meta
50,2020,DANE_2018_2050,Hombre,(80 y más),8230,1,12.150668286755772,True,Meta
50,2020,DANE_2018_2050,Mujer,(05 a 09),46012,0,0.0,True,Meta
50,2020,DANE_2018_2050,Mujer,(10 a 14),48913,4,8.177785046920041,True,Meta
50,2020,DANE_2018_2050,Mujer,(15 a 17),30569,3,9.813863718145834,True,Meta
50,2020,DANE_2018_2050,Mujer,(18 a 19),20336,0,0.0,True,Meta
50,2020,DANE_2018_2050,Mujer,(20 a 24),47085,1,2.123818625889349,True,Meta
50,2020,DANE_2018_2050,Mujer,(25 a 29),43791,2,4.567148500833505,True,Meta
50,2020,DANE_2018_2050,Mujer,(30 a 34),39410,0,0.0,True,Meta
50,2020,DANE_2018_2050,Mujer,(35 a 39),37525,0,0.0,True,Meta
50,2020,DANE_2018_2050,Mujer,(40 a 44),33906,0,0.0,True,Meta
50,2020,DANE_2018_2050,Mujer,(45 a 49),30689,0,0.0,True,Meta
50,2020,DANE_2018_2050,Mujer,(50 a 54),28789,0,0.0,True,Meta
50,2020,DANE_2018_2050,Mujer,(55 a 59),25414,0,0.0,True,Meta
50,2020,DANE_2018_2050,Mujer,(60 a 64),20430,0,0.0,True,Meta
50,2020,DANE_2018_2050,Mujer,(65 a 69),15315,0,0.0,True,Meta
50,2020,DANE_2018_2050,Mujer,(70 a 74),10954,1,9.129085265656382,True,Meta
50,2020,DANE_2018_2050,Mujer,(75 a 79),7361,0,0.0,True,Meta
50,2020,DANE_2018_2050,Mujer,(80 y más),8783,0,0.0,True,Meta
50,2021,DANE_2018_2050,Hombre,(05 a 09),48308,0,0.0,True,Meta
50,2021,DANE_2018_2050,Hombre,(10 a 14),51304,2,3.8983315141119603,True,Meta
50,2021,DANE_2018_2050,Hombre,(15 a 17),31889,4,12.543510301357834,True,Meta
50,2021,DANE_2018_2050,Hombre,(18 a 19),21225,5,23.557126030624264,False,Meta
50,2021,DANE_2018_2050,Hombre,(20 a 24),50986,5,9.806613580198485,False,Meta
50,2021,DANE_2018_2050,Hombre,(25 a 29),45811,4,8.731527362423872,True,Meta
50,2021,DANE_2018_2050,Hombre,(30 a 34),40968,3,7.322788517867604,True,Meta
50,2021,DANE_2018_2050,Hombre,(35 a 39),37740,3,7.94912559618442,True,Meta
50,2021,DANE_2018_2050,Hombre,(40 a 44),34742,3,8.63508145760175,True,Meta
50,2021,DANE_2018_2050,Hombre,(45 a 49),31092,1,3.216261417728033,True,Meta
50,2021,DANE_2018_2050,Hombre,(50 a 54),29146,3,10.293007616825635,True,Meta
50,2021,DANE_2018_2050,Hombre,(55 a 59),25800,1,3.8759689922480622,True,Meta
50,2021,DANE_2018_2050,Hombre,(60 a 64),20207,7,34.6414608798931,False,Meta
50,2021,DANE_2018_2050,Hombre,(65 a 69),14987,3,20.01734836858611,True,Meta
50,2021,DANE_2018_2050,Hombre,(70 a 74),11025,3,27.210884353741495,True,Meta
50,2021,DANE_2018_2050,Hombre,(75 a 79),7426,2,26.932399676811205,True,Meta
50,2021,DANE_2018_2050,Hombre,(80 y más),8275,4,48.338368580060425,True,Meta
50,2021,DANE_2018_2050,Mujer,(05 a 09),45671,0,0.0,True,Meta
50,2021,DANE_2018_2050,Mujer,(10 a 14),48567,1,2.0590112627916075,True,Meta
50,2021,DANE_2018_2050,Mujer,(15 a 17),30468,0,0.0,True,Meta
50,2021,DANE_2018_2050,Mujer,(18 a 19),20727,1,4.824624885415159,True,Meta
50,2021,DANE_2018_2050,Mujer,(20 a 24),48587,0,0.0,True,Meta
50,2021,DANE_2018_2050,Mujer,(25 a 29),44991,2,4.445333511146674,True,Meta
50,2021,DANE_2018_2050,Mujer,(30 a 34),40492,1,2.469623629358886,True,Meta
50,2021,DANE_2018_2050,Mujer,(35 a 39),38102,1,2.6245341451892292,True,Meta
50,2021,DANE_2018_2050,Mujer,(40 a 44),34957,2,5.7213147581314185,True,Meta
50,2021,DANE_2018_2050,Mujer,(45 a 49),31278,0,0.0,True,Meta
50,2021,DANE_2018_2050,Mujer,(50 a 54),29361,2,6.811757092742072,True,Meta
50,2021,DANE_2018_2050,Mujer,(55 a 59),26278,0,0.0,True,Meta
50,2021,DANE_2018_2050,Mujer,(60 a 64),21302,1,4.694394892498357,True,Meta
50,2021,DANE_2018_2050,Mujer,(65 a 69),16135,0,0.0,True,Meta
50,2021,DANE_2018_2050,Mujer,(70 a 74),11468,0,0.0,True,Meta
50,2021,DANE_2018_2050,Mujer,(75 a 79),7608,0,0.0,True,Meta
50,2021,DANE_2018_2050,Mujer,(80 y más),9007,0,0.0,True,Meta
50,2022,DANE_2018_2050,Hombre,(05 a 09),47938,0,0.0,True,Meta
50,2022,DANE_2018_2050,Hombre,(10 a 14),50749,2,3.9409643539774186,True,Meta
50,2022,DANE_2018_2050,Hombre,(15 a 17),31798,3,9.434555632429714,True,Meta
50,2022,DANE_2018_2050,Hombre,(18 a 19),21228,5,23.553796872055777,False,Meta
50,2022,DANE_2018_2050,Hombre,(20 a 24),52181,9,17.247657193231255,False,Meta
50,2022,DANE_2018_2050,Hombre,(25 a 29),46684,8,17.136492160054836,False,Meta
50,2022,DANE_2018_2050,Hombre,(30 a 34),41977,4,9.529027800938609,True,Meta
50,2022,DANE_2018_2050,Hombre,(35 a 39),38144,2,5.243288590604027,True,Meta
50,2022,DANE_2018_2050,Hombre,(40 a 44),35439,5,14.108750246903128,False,Meta
50,2022,DANE_2018_2050,Hombre,(45 a 49),31572,5,15.83681743316863,False,Meta
50,2022,DANE_2018_2050,Hombre,(50 a 54),29462,4,13.576810807141403,True,Meta
50,2022,DANE_2018_2050,Hombre,(55 a 59),26388,4,15.158405335758678,True,Meta
50,2022,DANE_2018_2050,Hombre,(60 a 64),21032,1,4.7546595663750475,True,Meta
50,2022,DANE_2018_2050,Hombre,(65 a 69),15459,3,19.406171162429654,True,Meta
50,2022,DANE_2018_2050,Hombre,(70 a 74),11277,5,44.33803316484881,False,Meta
50,2022,DANE_2018_2050,Hombre,(75 a 79),7495,4,53.3689126084056,True,Meta
50,2022,DANE_2018_2050,Hombre,(80 y más),8316,2,24.05002405002405,True,Meta
50,2022,DANE_2018_2050,Mujer,(05 a 09),45225,0,0.0,True,Meta
50,2022,DANE_2018_2050,Mujer,(10 a 14),48082,3,6.239341125577139,True,Meta
50,2022,DANE_2018_2050,Mujer,(15 a 17),30269,6,19.822260398427435,False,Meta
50,2022,DANE_2018_2050,Mujer,(18 a 19),20677,2,9.672583063307057,True,Meta
50,2022,DANE_2018_2050,Mujer,(20 a 24),49898,3,6.0122650206421095,True,Meta
50,2022,DANE_2018_2050,Mujer,(25 a 29),45902,1,2.1785543113589823,True,Meta
50,2022,DANE_2018_2050,Mujer,(30 a 34),41577,0,0.0,True,Meta
50,2022,DANE_2018_2050,Mujer,(35 a 39),38532,0,0.0,True,Meta
50,2022,DANE_2018_2050,Mujer,(40 a 44),35874,0,0.0,True,Meta
50,2022,DANE_2018_2050,Mujer,(45 a 49),31914,2,6.266842138246537,True,Meta
50,2022,DANE_2018_2050,Mujer,(50 a 54),29843,1,3.3508695506483934,True,Meta
50,2022,DANE_2018_2050,Mujer,(55 a 59),27073,0,0.0,True,Meta
50,2022,DANE_2018_2050,Mujer,(60 a 64),22190,0,0.0,True,Meta
50,2022,DANE_2018_2050,Mujer,(65 a 69),16961,0,0.0,True,Meta
50,2022,DANE_2018_2050,Mujer,(70 a 74),11965,0,0.0,True,Meta
50,2022,DANE_2018_2050,Mujer,(75 a 79),7892,0,0.0,True,Meta
50,2022,DANE_2018_2050,Mujer,(80 y más),9218,0,0.0,True,Meta
50,2023,DANE_2018_2050,Hombre,(05 a 09),47467,0,0.0,True,Meta
50,2023,DANE_2018_2050,Hombre,(10 a 14),50171,0,0.0,True,Meta
50,2023,DANE_2018_2050,Hombre,(15 a 17),31587,3,9.497578117580018,True,Meta
50,2023,DANE_2018_2050,Hombre,(18 a 19),21194,1,4.718316504671134,True,Meta
50,2023,DANE_2018_2050,Hombre,(20 a 24),52925,7,13.226263580538497,False,Meta
50,2023,DANE_2018_2050,Hombre,(25 a 29),47611,6,12.602129759929428,False,Meta
50,2023,DANE_2018_2050,Hombre,(30 a 34),43010,10,23.250406882120437,False,Meta
50,2023,DANE_2018_2050,Hombre,(35 a 39),38627,3,7.766588137831051,True,Meta
50,2023,DANE_2018_2050,Hombre,(40 a 44),36039,3,8.324315325064514,True,Meta
50,2023,DANE_2018_2050,Hombre,(45 a 49),32137,6,18.67006876808663,False,Meta
50,2023,DANE_2018_2050,Hombre,(50 a 54),29756,2,6.721333512568894,True,Meta
50,2023,DANE_2018_2050,Hombre,(55 a 59),26913,1,3.7156764388957013,True,Meta
50,2023,DANE_2018_2050,Hombre,(60 a 64),21826,3,13.745074681572437,True,Meta
50,2023,DANE_2018_2050,Hombre,(65 a 69),16002,2,12.498437695288088,True,Meta
50,2023,DANE_2018_2050,Hombre,(70 a 74),11552,0,0.0,True,Meta
50,2023,DANE_2018_2050,Hombre,(75 a 79),7672,2,26.068821689259646,True,Meta
50,2023,DANE_2018_2050,Hombre,(80 y más),8350,4,47.90419161676647,True,Meta
50,2023,DANE_2018_2050,Mujer,(05 a 09),44804,0,0.0,True,Meta
50,2023,DANE_2018_2050,Mujer,(10 a 14),47587,2,4.202828503582912,True,Meta
50,2023,DANE_2018_2050,Mujer,(15 a 17),29977,2,6.671781699302799,True,Meta
50,2023,DANE_2018_2050,Mujer,(18 a 19),20539,3,14.606358634792347,True,Meta
50,2023,DANE_2018_2050,Mujer,(20 a 24),50865,4,7.863953602673744,True,Meta
50,2023,DANE_2018_2050,Mujer,(25 a 29),46735,5,10.698619878035734,False,Meta
50,2023,DANE_2018_2050,Mujer,(30 a 34),42723,1,2.340659597874681,True,Meta
50,2023,DANE_2018_2050,Mujer,(35 a 39),38960,2,5.133470225872689,True,Meta
50,2023,DANE_2018_2050,Mujer,(40 a 44),36694,3,8.175723551534311,True,Meta
50,2023,DANE_2018_2050,Mujer,(45 a 49),32637,0,0.0,True,Meta
50,2023,DANE_2018_2050,Mujer,(50 a 54),30302,0,0.0,True,Meta
50,2023,DANE_2018_2050,Mujer,(55 a 59),27753,0,0.0,True,Meta
50,2023,DANE_2018_2050,Mujer,(60 a 64),23145,0,0.0,True,Meta
50,2023,DANE_2018_2050,Mujer,(65 a 69),17774,2,11.252391133115786,True,Meta
50,2023,DANE_2018_2050,Mujer,(70 a 74),12532,0,0.0,True,Meta
50,2023,DANE_2018_2050,Mujer,(75 a 79),8266,1,12.097749818533753,True,Meta
50,2023,DANE_2018_2050,Mujer,(80 y más),9484,0,0.0,True,Meta
50,2024,DANE_2018_2050,Hombre,(05 a 09),47013,0,0.0,True,Meta
50,2024,DANE_2018_2050,Hombre,(10 a 14),49667,1,2.013409305977812,True,Meta
50,2024,DANE_2018_2050,Hombre,(15 a 17),31281,3,9.59048623765225,True,Meta
50,2024,DANE_2018_2050,Hombre,(18 a 19),21163,2,9.450455984501252,True,Meta
50,2024,DANE_2018_2050,Hombre,(20 a 24),53307,12,22.511114862963588,False,Meta
50,2024,DANE_2018_2050,Hombre,(25 a 29),48698,7,14.37430695305762,False,Meta
50,2024,DANE_2018_2050,Hombre,(30 a 34),44054,7,15.889590048576746,False,Meta
50,2024,DANE_2018_2050,Hombre,(35 a 39),39264,8,20.37489812550937,False,Meta
50,2024,DANE_2018_2050,Hombre,(40 a 44),36528,2,5.475251861585633,True,Meta
50,2024,DANE_2018_2050,Hombre,(45 a 49),32818,4,12.188433176915108,True,Meta
50,2024,DANE_2018_2050,Hombre,(50 a 54),30072,4,13.301409949454643,True,Meta
50,2024,DANE_2018_2050,Hombre,(55 a 59),27419,6,21.88263612823225,False,Meta
50,2024,DANE_2018_2050,Hombre,(60 a 64),22644,3,13.248542660307367,True,Meta
50,2024,DANE_2018_2050,Hombre,(65 a 69),16662,4,24.006721882126996,True,Meta
50,2024,DANE_2018_2050,Hombre,(70 a 74),11925,2,16.771488469601675,True,Meta
50,2024,DANE_2018_2050,Hombre,(75 a 79),7955,2,25.141420490257698,True,Meta
50,2024,DANE_2018_2050,Hombre,(80 y más),8523,1,11.732957878681216,True,Meta
50,2024,DANE_2018_2050,Mujer,(05 a 09),44389,0,0.0,True,Meta
50,2024,DANE_2018_2050,Mujer,(10 a 14),47073,3,6.373080109616978,True,Meta
50,2024,DANE_2018_2050,Mujer,(15 a 17),29659,3,10.114973532485923,True,Meta
50,2024,DANE_2018_2050,Mujer,(18 a 19),20361,1,4.911350130150779,True,Meta
50,2024,DANE_2018_2050,Mujer,(20 a 24),51590,2,3.8767202946307426,True,Meta
50,2024,DANE_2018_2050,Mujer,(25 a 29),47558,2,4.2053913116615504,True,Meta
50,2024,DANE_2018_2050,Mujer,(30 a 34),43827,1,2.2816984963606908,True,Meta
50,2024,DANE_2018_2050,Mujer,(35 a 39),39511,1,2.5309407506770265,True,Meta
50,2024,DANE_2018_2050,Mujer,(40 a 44),37370,1,2.675943270002676,True,Meta
50,2024,DANE_2018_2050,Mujer,(45 a 49),33470,0,0.0,True,Meta
50,2024,DANE_2018_2050,Mujer,(50 a 54),30760,0,0.0,True,Meta
50,2024,DANE_2018_2050,Mujer,(55 a 59),28367,0,0.0,True,Meta
50,2024,DANE_2018_2050,Mujer,(60 a 64),24084,1,4.152134196977246,True,Meta
50,2024,DANE_2018_2050,Mujer,(65 a 69),18607,0,0.0,True,Meta
50,2024,DANE_2018_2050,Mujer,(70 a 74),13123,0,0.0,True,Meta
50,2024,DANE_2018_2050,Mujer,(75 a 79),8672,0,0.0,True,Meta
50,2024,DANE_2018_2050,Mujer,(80 y más),9792,0,0.0,True,Meta
52,2015,DANE_2005_2017,Hombre,(05 a 09),65906,0,0.0,True,Nariño
52,2015,DANE_2005_2017,Hombre,(10 a 14),71500,0,0.0,True,Nariño
52,2015,DANE_2005_2017,Hombre,(15 a 17),45818,5,10.912741717229036,False,Nariño
52,2015,DANE_2005_2017,Hombre,(18 a 19),30807,6,19.476093095725,False,Nariño
52,2015,DANE_2005_2017,Hombre,(20 a 24),72747,10,13.746271323903391,False,Nariño
52,2015,DANE_2005_2017,Hombre,(25 a 29),65387,12,18.35227185832046,False,Nariño
52,2015,DANE_2005_2017,Hombre,(30 a 34),60786,9,14.806040864672786,False,Nariño
52,2015,DANE_2005_2017,Hombre,(35 a 39),53954,5,9.267153501130592,False,Nariño
52,2015,DANE_2005_2017,Hombre,(40 a 44),48170,1,2.075980900975711,True,Nariño
52,2015,DANE_2005_2017,Hombre,(45 a 49),44563,6,13.464084554451004,False,Nariño
52,2015,DANE_2005_2017,Hombre,(50 a 54),38892,1,2.5712228735986833,True,Nariño
52,2015,DANE_2005_2017,Hombre,(55 a 59),32296,2,6.192717364379489,True,Nariño
52,2015,DANE_2005_2017,Hombre,(60 a 64),27110,2,7.377351530800443,True,Nariño
52,2015,DANE_2005_2017,Hombre,(65 a 69),22389,0,0.0,True,Nariño
52,2015,DANE_2005_2017,Hombre,(70 a 74),16976,0,0.0,True,Nariño
52,2015,DANE_2005_2017,Hombre,(75 a 79),12022,1,8.318083513558477,True,Nariño
52,2015,DANE_2005_2017,Hombre,(80 y más),16449,1,6.079396923825157,True,Nariño
52,2015,DANE_2005_2017,Mujer,(05 a 09),63044,0,0.0,True,Nariño
52,2015,DANE_2005_2017,Mujer,(10 a 14),68412,1,1.4617318599076186,True,Nariño
52,2015,DANE_2005_2017,Mujer,(15 a 17),44045,4,9.08162106936088,True,Nariño
52,2015,DANE_2005_2017,Mujer,(18 a 19),29652,1,3.3724537973829762,True,Nariño
52,2015,DANE_2005_2017,Mujer,(20 a 24),70458,2,2.8385704958982654,True,Nariño
52,2015,DANE_2005_2017,Mujer,(25 a 29),65449,1,1.527907225473269,True,Nariño
52,2015,DANE_2005_2017,Mujer,(30 a 34),63373,2,3.1559181354835655,True,Nariño
52,2015,DANE_2005_2017,Mujer,(35 a 39),58659,0,0.0,True,Nariño
52,2015,DANE_2005_2017,Mujer,(40 a 44),53681,1,1.8628565041634841,True,Nariño
52,2015,DANE_2005_2017,Mujer,(45 a 49),50464,0,0.0,True,Nariño
52,2015,DANE_2005_2017,Mujer,(50 a 54),44322,1,2.256215874734895,True,Nariño
52,2015,DANE_2005_2017,Mujer,(55 a 59),36603,0,0.0,True,Nariño
52,2015,DANE_2005_2017,Mujer,(60 a 64),30338,1,3.2961961895972043,True,Nariño
52,2015,DANE_2005_2017,Mujer,(65 a 69),25124,0,0.0,True,Nariño
52,2015,DANE_2005_2017,Mujer,(70 a 74),19246,0,0.0,True,Nariño
52,2015,DANE_2005_2017,Mujer,(75 a 79),13811,0,0.0,True,Nariño
52,2015,DANE_2005_2017,Mujer,(80 y más),19976,0,0.0,True,Nariño
52,2016,DANE_2005_2017,Hombre,(05 a 09),65220,0,0.0,True,Nariño
52,2016,DANE_2005_2017,Hombre,(10 a 14),70102,0,0.0,True,Nariño
52,2016,DANE_2005_2017,Hombre,(15 a 17),45023,4,8.884347999911157,True,Nariño
52,2016,DANE_2005_2017,Hombre,(18 a 19),30521,8,26.21146096130533,False,Nariño
52,2016,DANE_2005_2017,Hombre,(20 a 24),73154,12,16.403750991059955,False,Nariño
52,2016,DANE_2005_2017,Hombre,(25 a 29),65464,11,16.803128437003544,False,Nariño
52,2016,DANE_2005_2017,Hombre,(30 a 34),61057,8,13.102510768626038,False,Nariño
52,2016,DANE_2005_2017,Hombre,(35 a 39),54917,4,7.283719066955587,True,Nariño
52,2016,DANE_2005_2017,Hombre,(40 a 44),48439,4,8.257808790437457,True,Nariño
52,2016,DANE_2005_2017,Hombre,(45 a 49),44952,1,2.2245951236874886,True,Nariño
52,2016,DANE_2005_2017,Hombre,(50 a 54),39678,3,7.5608649629517615,True,Nariño
52,2016,DANE_2005_2017,Hombre,(55 a 59),33043,0,0.0,True,Nariño
52,2016,DANE_2005_2017,Hombre,(60 a 64),27488,1,3.637951105937136,True,Nariño
52,2016,DANE_2005_2017,Hombre,(65 a 69),22792,0,0.0,True,Nariño
52,2016,DANE_2005_2017,Hombre,(70 a 74),17478,1,5.721478430026319,True,Nariño
52,2016,DANE_2005_2017,Hombre,(75 a 79),12286,2,16.278691193228063,True,Nariño
52,2016,DANE_2005_2017,Hombre,(80 y más),16941,0,0.0,True,Nariño
52,2016,DANE_2005_2017,Mujer,(05 a 09),62394,0,0.0,True,Nariño
52,2016,DANE_2005_2017,Mujer,(10 a 14),67041,4,5.966498113094971,True,Nariño
52,2016,DANE_2005_2017,Mujer,(15 a 17),43235,4,9.251763617439575,True,Nariño
52,2016,DANE_2005_2017,Mujer,(18 a 19),29362,0,0.0,True,Nariño
52,2016,DANE_2005_2017,Mujer,(20 a 24),70830,4,5.647324579980235,True,Nariño
52,2016,DANE_2005_2017,Mujer,(25 a 29),65422,2,3.0570756014796245,True,Nariño
52,2016,DANE_2005_2017,Mujer,(30 a 34),63548,1,1.5736136463775412,True,Nariño
52,2016,DANE_2005_2017,Mujer,(35 a 39),59512,1,1.6803333781422236,True,Nariño
52,2016,DANE_2005_2017,Mujer,(40 a 44),53917,0,0.0,True,Nariño
52,2016,DANE_2005_2017,Mujer,(45 a 49),50923,2,3.9274983799069183,True,Nariño
52,2016,DANE_2005_2017,Mujer,(50 a 54),45300,0,0.0,True,Nariño
52,2016,DANE_2005_2017,Mujer,(55 a 59),37675,0,0.0,True,Nariño
52,2016,DANE_2005_2017,Mujer,(60 a 64),31004,0,0.0,True,Nariño
52,2016,DANE_2005_2017,Mujer,(65 a 69),25721,1,3.8878737218615136,True,Nariño
52,2016,DANE_2005_2017,Mujer,(70 a 74),19939,0,0.0,True,Nariño
52,2016,DANE_2005_2017,Mujer,(75 a 79),14216,0,0.0,True,Nariño
52,2016,DANE_2005_2017,Mujer,(80 y más),20671,0,0.0,True,Nariño
52,2017,DANE_2005_2017,Hombre,(05 a 09),64748,1,1.5444492493976647,True,Nariño
52,2017,DANE_2005_2017,Hombre,(10 a 14),68783,2,2.9076952153875233,True,Nariño
52,2017,DANE_2005_2017,Hombre,(15 a 17),44176,4,9.054690329590729,True,Nariño
52,2017,DANE_2005_2017,Hombre,(18 a 19),30113,2,6.641649785806795,True,Nariño
52,2017,DANE_2005_2017,Hombre,(20 a 24),73207,8,10.927916729274523,False,Nariño
52,2017,DANE_2005_2017,Hombre,(25 a 29),65637,6,9.141185611773846,False,Nariño
52,2017,DANE_2005_2017,Hombre,(30 a 34),61145,7,11.448196908986835,False,Nariño
52,2017,DANE_2005_2017,Hombre,(35 a 39),55752,7,12.555603386425599,False,Nariño
52,2017,DANE_2005_2017,Hombre,(40 a 44),48860,2,4.093327875562832,True,Nariño
52,2017,DANE_2005_2017,Hombre,(45 a 49),45199,3,6.637314984844798,True,Nariño
52,2017,DANE_2005_2017,Hombre,(50 a 54),40364,2,4.954910316123278,True,Nariño
52,2017,DANE_2005_2017,Hombre,(55 a 59),33860,0,0.0,True,Nariño
52,2017,DANE_2005_2017,Hombre,(60 a 64),27928,2,7.161271841879118,True,Nariño
52,2017,DANE_2005_2017,Hombre,(65 a 69),23149,4,17.279364119400405,True,Nariño
52,2017,DANE_2005_2017,Hombre,(70 a 74),17980,1,5.561735261401558,True,Nariño
52,2017,DANE_2005_2017,Hombre,(75 a 79),12582,0,0.0,True,Nariño
52,2017,DANE_2005_2017,Hombre,(80 y más),17402,1,5.746465923457074,True,Nariño
52,2017,DANE_2005_2017,Mujer,(05 a 09),61946,0,0.0,True,Nariño
52,2017,DANE_2005_2017,Mujer,(10 a 14),65794,2,3.0397908623886676,True,Nariño
52,2017,DANE_2005_2017,Mujer,(15 a 17),42349,5,11.806654230324211,False,Nariño
52,2017,DANE_2005_2017,Mujer,(18 a 19),28923,2,6.914912007744702,True,Nariño
52,2017,DANE_2005_2017,Mujer,(20 a 24),70885,6,8.46441419200113,False,Nariño
52,2017,DANE_2005_2017,Mujer,(25 a 29),65481,2,3.054321100777325,True,Nariño
52,2017,DANE_2005_2017,Mujer,(30 a 34),63528,3,4.722327162825841,True,Nariño
52,2017,DANE_2005_2017,Mujer,(35 a 39),60260,1,1.659475605708596,True,Nariño
52,2017,DANE_2005_2017,Mujer,(40 a 44),54314,1,1.8411459292263503,True,Nariño
52,2017,DANE_2005_2017,Mujer,(45 a 49),51156,1,1.9548049104699352,True,Nariño
52,2017,DANE_2005_2017,Mujer,(50 a 54),46157,1,2.1665186212275493,True,Nariño
52,2017,DANE_2005_2017,Mujer,(55 a 59),38779,1,2.5787152840454883,True,Nariño
52,2017,DANE_2005_2017,Mujer,(60 a 64),31726,1,3.151988904999054,True,Nariño
52,2017,DANE_2005_2017,Mujer,(65 a 69),26311,1,3.800691725894113,True,Nariño
52,2017,DANE_2005_2017,Mujer,(70 a 74),20626,0,0.0,True,Nariño
52,2017,DANE_2005_2017,Mujer,(75 a 79),14659,0,0.0,True,Nariño
52,2017,DANE_2005_2017,Mujer,(80 y más),21370,0,0.0,True,Nariño
52,2018,DANE_2018_2050,Hombre,(05 a 09),74388,0,0.0,True,Nariño
52,2018,DANE_2018_2050,Hombre,(10 a 14),79905,2,2.5029722795820035,True,Nariño
52,2018,DANE_2018_2050,Hombre,(15 a 17),46387,3,6.467329208614483,True,Nariño
52,2018,DANE_2018_2050,Hombre,(18 a 19),30332,6,19.78108927864961,False,Nariño
52,2018,DANE_2018_2050,Hombre,(20 a 24),69488,9,12.951876583007138,False,Nariño
52,2018,DANE_2018_2050,Hombre,(25 a 29),61266,4,6.528906734567296,True,Nariño
52,2018,DANE_2018_2050,Hombre,(30 a 34),56688,9,15.876375952582556,False,Nariño
52,2018,DANE_2018_2050,Hombre,(35 a 39),54059,6,11.098984442923472,False,Nariño
52,2018,DANE_2018_2050,Hombre,(40 a 44),47037,3,6.3779577779195105,True,Nariño
52,2018,DANE_2018_2050,Hombre,(45 a 49),42834,7,16.342158098706633,False,Nariño
52,2018,DANE_2018_2050,Hombre,(50 a 54),38357,5,13.035430299554188,False,Nariño
52,2018,DANE_2018_2050,Hombre,(55 a 59),32551,2,6.144204479125065,True,Nariño
52,2018,DANE_2018_2050,Hombre,(60 a 64),26913,1,3.7156764388957013,True,Nariño
52,2018,DANE_2018_2050,Hombre,(65 a 69),22917,1,4.363572893485186,True,Nariño
52,2018,DANE_2018_2050,Hombre,(70 a 74),18287,0,0.0,True,Nariño
52,2018,DANE_2018_2050,Hombre,(75 a 79),13650,1,7.326007326007326,True,Nariño
52,2018,DANE_2018_2050,Hombre,(80 y más),15761,2,12.689550155446987,True,Nariño
52,2018,DANE_2018_2050,Mujer,(05 a 09),71294,0,0.0,True,Nariño
52,2018,DANE_2018_2050,Mujer,(10 a 14),76079,3,3.9432694961816006,True,Nariño
52,2018,DANE_2018_2050,Mujer,(15 a 17),44455,2,4.498931503767856,True,Nariño
52,2018,DANE_2018_2050,Mujer,(18 a 19),29098,1,3.436662313561069,True,Nariño
52,2018,DANE_2018_2050,Mujer,(20 a 24),69109,2,2.8939790765312767,True,Nariño
52,2018,DANE_2018_2050,Mujer,(25 a 29),62927,3,4.767428925580434,True,Nariño
52,2018,DANE_2018_2050,Mujer,(30 a 34),59959,3,5.003419002985373,True,Nariño
52,2018,DANE_2018_2050,Mujer,(35 a 39),58313,1,1.7148834736679641,True,Nariño
52,2018,DANE_2018_2050,Mujer,(40 a 44),51267,1,1.9505724930267034,True,Nariño
52,2018,DANE_2018_2050,Mujer,(45 a 49),47198,3,6.356201533963303,True,Nariño
52,2018,DANE_2018_2050,Mujer,(50 a 54),43225,1,2.313475997686524,True,Nariño
52,2018,DANE_2018_2050,Mujer,(55 a 59),37023,0,0.0,True,Nariño
52,2018,DANE_2018_2050,Mujer,(60 a 64),30637,0,0.0,True,Nariño
52,2018,DANE_2018_2050,Mujer,(65 a 69),26058,1,3.837593061631744,True,Nariño
52,2018,DANE_2018_2050,Mujer,(70 a 74),20824,0,0.0,True,Nariño
52,2018,DANE_2018_2050,Mujer,(75 a 79),16299,0,0.0,True,Nariño
52,2018,DANE_2018_2050,Mujer,(80 y más),21760,0,0.0,True,Nariño
52,2019,DANE_2018_2050,Hombre,(05 a 09),72952,0,0.0,True,Nariño
52,2019,DANE_2018_2050,Hombre,(10 a 14),79520,3,3.7726358148893357,True,Nariño
52,2019,DANE_2018_2050,Hombre,(15 a 17),46905,4,8.5278754930178,True,Nariño
52,2019,DANE_2018_2050,Hombre,(18 a 19),30733,5,16.269156932287768,False,Nariño
52,2019,DANE_2018_2050,Hombre,(20 a 24),71324,18,25.236946890247324,False,Nariño
52,2019,DANE_2018_2050,Hombre,(25 a 29),62729,12,19.129908017025617,False,Nariño
52,2019,DANE_2018_2050,Hombre,(30 a 34),57070,6,10.513404590853337,False,Nariño
52,2019,DANE_2018_2050,Hombre,(35 a 39),54745,7,12.786555849849302,False,Nariño
52,2019,DANE_2018_2050,Hombre,(40 a 44),48368,5,10.337413165729409,False,Nariño
52,2019,DANE_2018_2050,Hombre,(45 a 49),43152,6,13.904338153503893,False,Nariño
52,2019,DANE_2018_2050,Hombre,(50 a 54),39168,2,5.106209150326798,True,Nariño
52,2019,DANE_2018_2050,Hombre,(55 a 59),33333,2,6.000060000600006,True,Nariño
52,2019,DANE_2018_2050,Hombre,(60 a 64),27416,1,3.6475051065071487,True,Nariño
52,2019,DANE_2018_2050,Hombre,(65 a 69),23207,2,8.618089369586762,True,Nariño
52,2019,DANE_2018_2050,Hombre,(70 a 74),18627,1,5.368551028077522,True,Nariño
52,2019,DANE_2018_2050,Hombre,(75 a 79),13692,0,0.0,True,Nariño
52,2019,DANE_2018_2050,Hombre,(80 y más),16150,2,12.38390092879257,True,Nariño
52,2019,DANE_2018_2050,Mujer,(05 a 09),69807,0,0.0,True,Nariño
52,2019,DANE_2018_2050,Mujer,(10 a 14),75828,2,2.637548135253468,True,Nariño
52,2019,DANE_2018_2050,Mujer,(15 a 17),44752,5,11.172685019663925,False,Nariño
52,2019,DANE_2018_2050,Mujer,(18 a 19),29540,1,3.3852403520649967,True,Nariño
52,2019,DANE_2018_2050,Mujer,(20 a 24),70275,1,1.422981145499822,True,Nariño
52,2019,DANE_2018_2050,Mujer,(25 a 29),64180,1,1.558117793705204,True,Nariño
52,2019,DANE_2018_2050,Mujer,(30 a 34),60231,2,3.3205492188407963,True,Nariño
52,2019,DANE_2018_2050,Mujer,(35 a 39),59116,2,3.3831788348332092,True,Nariño
52,2019,DANE_2018_2050,Mujer,(40 a 44),52574,1,1.902080876478868,True,Nariño
52,2019,DANE_2018_2050,Mujer,(45 a 49),47547,1,2.103182114539298,True,Nariño
52,2019,DANE_2018_2050,Mujer,(50 a 54),43941,1,2.275778885323502,True,Nariño
52,2019,DANE_2018_2050,Mujer,(55 a 59),38057,0,0.0,True,Nariño
52,2019,DANE_2018_2050,Mujer,(60 a 64),31293,0,0.0,True,Nariño
52,2019,DANE_2018_2050,Mujer,(65 a 69),26551,0,0.0,True,Nariño
52,2019,DANE_2018_2050,Mujer,(70 a 74),21374,1,4.678581454103116,True,Nariño
52,2019,DANE_2018_2050,Mujer,(75 a 79),16393,0,0.0,True,Nariño
52,2019,DANE_2018_2050,Mujer,(80 y más),22393,0,0.0,True,Nariño
52,2020,DANE_2018_2050,Hombre,(05 a 09),71653,0,0.0,True,Nariño
52,2020,DANE_2018_2050,Hombre,(10 a 14),78655,1,1.2713749920539064,True,Nariño
52,2020,DANE_2018_2050,Hombre,(15 a 17),47590,5,10.506408909434755,False,Nariño
52,2020,DANE_2018_2050,Hombre,(18 a 19),30863,4,12.960502867511261,True,Nariño
52,2020,DANE_2018_2050,Hombre,(20 a 24),73142,11,15.039238741078998,False,Nariño
52,2020,DANE_2018_2050,Hombre,(25 a 29),64404,3,4.65809577044904,True,Nariño
52,2020,DANE_2018_2050,Hombre,(30 a 34),57639,4,6.939745658321622,True,Nariño
52,2020,DANE_2018_2050,Hombre,(35 a 39),55202,2,3.623057135611029,True,Nariño
52,2020,DANE_2018_2050,Hombre,(40 a 44),49769,3,6.027848660812956,True,Nariño
52,2020,DANE_2018_2050,Hombre,(45 a 49),43569,5,11.476049484725378,False,Nariño
52,2020,DANE_2018_2050,Hombre,(50 a 54),39892,1,2.50676827434072,True,Nariño
52,2020,DANE_2018_2050,Hombre,(55 a 59),34069,2,5.870439402389269,True,Nariño
52,2020,DANE_2018_2050,Hombre,(60 a 64),28003,4,14.284183837445989,True,Nariño
52,2020,DANE_2018_2050,Hombre,(65 a 69),23514,0,0.0,True,Nariño
52,2020,DANE_2018_2050,Hombre,(70 a 74),18979,0,0.0,True,Nariño
52,2020,DANE_2018_2050,Hombre,(75 a 79),13852,0,0.0,True,Nariño
52,2020,DANE_2018_2050,Hombre,(80 y más),16494,0,0.0,True,Nariño
52,2020,DANE_2018_2050,Mujer,(05 a 09),68400,0,0.0,True,Nariño
52,2020,DANE_2018_2050,Mujer,(10 a 14),75116,0,0.0,True,Nariño
52,2020,DANE_2018_2050,Mujer,(15 a 17),45263,6,13.255860194861144,False,Nariño
52,2020,DANE_2018_2050,Mujer,(18 a 19),29682,0,0.0,True,Nariño
52,2020,DANE_2018_2050,Mujer,(20 a 24),71526,4,5.592372004585745,True,Nariño
52,2020,DANE_2018_2050,Mujer,(25 a 29),65459,1,1.5276738110878565,True,Nariño
52,2020,DANE_2018_2050,Mujer,(30 a 34),60797,1,1.6448180008882016,True,Nariño
52,2020,DANE_2018_2050,Mujer,(35 a 39),59546,3,5.03812178819736,True,Nariño
52,2020,DANE_2018_2050,Mujer,(40 a 44),54070,1,1.84945441094877,True,Nariño
52,2020,DANE_2018_2050,Mujer,(45 a 49),47963,1,2.0849404749494402,True,Nariño
52,2020,DANE_2018_2050,Mujer,(50 a 54),44641,0,0.0,True,Nariño
52,2020,DANE_2018_2050,Mujer,(55 a 59),38959,3,7.70040298775636,True,Nariño
52,2020,DANE_2018_2050,Mujer,(60 a 64),32122,0,0.0,True,Nariño
52,2020,DANE_2018_2050,Mujer,(65 a 69),27067,0,0.0,True,Nariño
52,2020,DANE_2018_2050,Mujer,(70 a 74),21905,0,0.0,True,Nariño
52,2020,DANE_2018_2050,Mujer,(75 a 79),16499,0,0.0,True,Nariño
52,2020,DANE_2018_2050,Mujer,(80 y más),23055,1,4.337453914552158,True,Nariño
52,2021,DANE_2018_2050,Hombre,(05 a 09),70358,0,0.0,True,Nariño
52,2021,DANE_2018_2050,Hombre,(10 a 14),77294,2,2.587522964266308,True,Nariño
52,2021,DANE_2018_2050,Hombre,(15 a 17),48047,4,8.325181593023498,True,Nariño
52,2021,DANE_2018_2050,Hombre,(18 a 19),31104,6,19.290123456790123,False,Nariño
52,2021,DANE_2018_2050,Hombre,(20 a 24),74700,7,9.370816599732262,False,Nariño
52,2021,DANE_2018_2050,Hombre,(25 a 29),65937,5,7.582995890016227,False,Nariño
52,2021,DANE_2018_2050,Hombre,(30 a 34),58431,4,6.845681230853486,True,Nariño
52,2021,DANE_2018_2050,Hombre,(35 a 39),55403,8,14.439651282421531,False,Nariño
52,2021,DANE_2018_2050,Hombre,(40 a 44),51090,4,7.829320806420044,True,Nariño
52,2021,DANE_2018_2050,Hombre,(45 a 49),44060,2,4.539264639128461,True,Nariño
52,2021,DANE_2018_2050,Hombre,(50 a 54),40469,1,2.471027206009538,True,Nariño
52,2021,DANE_2018_2050,Hombre,(55 a 59),34695,3,8.64677907479464,True,Nariño
52,2021,DANE_2018_2050,Hombre,(60 a 64),28696,3,10.454418734318372,True,Nariño
52,2021,DANE_2018_2050,Hombre,(65 a 69),23753,2,8.419989054014229,True,Nariño
52,2021,DANE_2018_2050,Hombre,(70 a 74),19214,2,10.409076714895388,True,Nariño
52,2021,DANE_2018_2050,Hombre,(75 a 79),13962,1,7.1622976650909616,True,Nariño
52,2021,DANE_2018_2050,Hombre,(80 y más),16673,0,0.0,True,Nariño
52,2021,DANE_2018_2050,Mujer,(05 a 09),67017,0,0.0,True,Nariño
52,2021,DANE_2018_2050,Mujer,(10 a 14),73955,2,2.704347238185383,True,Nariño
52,2021,DANE_2018_2050,Mujer,(15 a 17),45705,1,2.187944426211574,True,Nariño
52,2021,DANE_2018_2050,Mujer,(18 a 19),29773,2,6.71749571759648,True,Nariño
52,2021,DANE_2018_2050,Mujer,(20 a 24),72573,3,4.133768756975735,True,Nariño
52,2021,DANE_2018_2050,Mujer,(25 a 29),66754,3,4.494112712346825,True,Nariño
52,2021,DANE_2018_2050,Mujer,(30 a 34),61328,1,1.6305765718758152,True,Nariño
52,2021,DANE_2018_2050,Mujer,(35 a 39),59754,0,0.0,True,Nariño
52,2021,DANE_2018_2050,Mujer,(40 a 44),55550,2,3.6003600360036003,True,Nariño
52,2021,DANE_2018_2050,Mujer,(45 a 49),48527,1,2.060708471572527,True,Nariño
52,2021,DANE_2018_2050,Mujer,(50 a 54),45149,1,2.2148884803650137,True,Nariño
52,2021,DANE_2018_2050,Mujer,(55 a 59),39798,0,0.0,True,Nariño
52,2021,DANE_2018_2050,Mujer,(60 a 64),33038,0,0.0,True,Nariño
52,2021,DANE_2018_2050,Mujer,(65 a 69),27498,1,3.6366281184086118,True,Nariño
52,2021,DANE_2018_2050,Mujer,(70 a 74),22382,0,0.0,True,Nariño
52,2021,DANE_2018_2050,Mujer,(75 a 79),16655,0,0.0,True,Nariño
52,2021,DANE_2018_2050,Mujer,(80 y más),23523,1,4.251158440675083,True,Nariño
52,2022,DANE_2018_2050,Hombre,(05 a 09),69019,0,0.0,True,Nariño
52,2022,DANE_2018_2050,Hombre,(10 a 14),75535,1,1.3238895876083936,True,Nariño
52,2022,DANE_2018_2050,Hombre,(15 a 17),48311,2,4.139843927883919,True,Nariño
52,2022,DANE_2018_2050,Hombre,(18 a 19),31571,8,25.339710493807605,False,Nariño
52,2022,DANE_2018_2050,Hombre,(20 a 24),75738,7,9.242388233119438,False,Nariño
52,2022,DANE_2018_2050,Hombre,(25 a 29),67454,12,17.789901266047973,False,Nariño
52,2022,DANE_2018_2050,Hombre,(30 a 34),59315,5,8.429570934839417,False,Nariño
52,2022,DANE_2018_2050,Hombre,(35 a 39),55587,6,10.793890657887635,False,Nariño
52,2022,DANE_2018_2050,Hombre,(40 a 44),52143,5,9.589014824616918,False,Nariño
52,2022,DANE_2018_2050,Hombre,(45 a 49),44829,0,0.0,True,Nariño
52,2022,DANE_2018_2050,Hombre,(50 a 54),40800,2,4.901960784313725,True,Nariño
52,2022,DANE_2018_2050,Hombre,(55 a 59),35357,1,2.8282942557343667,True,Nariño
52,2022,DANE_2018_2050,Hombre,(60 a 64),29422,2,6.797634423220719,True,Nariño
52,2022,DANE_2018_2050,Hombre,(65 a 69),23985,2,8.338544923910778,True,Nariño
52,2022,DANE_2018_2050,Hombre,(70 a 74),19397,4,20.621745630767645,True,Nariño
52,2022,DANE_2018_2050,Hombre,(75 a 79),14100,0,0.0,True,Nariño
52,2022,DANE_2018_2050,Hombre,(80 y más),16739,2,11.948145050480914,True,Nariño
52,2022,DANE_2018_2050,Mujer,(05 a 09),65663,0,0.0,True,Nariño
52,2022,DANE_2018_2050,Mujer,(10 a 14),72364,4,5.52761041401802,True,Nariño
52,2022,DANE_2018_2050,Mujer,(15 a 17),46049,3,6.514799452756845,True,Nariño
52,2022,DANE_2018_2050,Mujer,(18 a 19),30053,3,9.982364489402055,True,Nariño
52,2022,DANE_2018_2050,Mujer,(20 a 24),73221,4,5.462913644992557,True,Nariño
52,2022,DANE_2018_2050,Mujer,(25 a 29),67935,4,5.887981158460293,True,Nariño
52,2022,DANE_2018_2050,Mujer,(30 a 34),62029,3,4.836447468119751,True,Nariño
52,2022,DANE_2018_2050,Mujer,(35 a 39),59795,0,0.0,True,Nariño
52,2022,DANE_2018_2050,Mujer,(40 a 44),56822,1,1.7598817359473442,True,Nariño
52,2022,DANE_2018_2050,Mujer,(45 a 49),49297,1,2.0285210053350102,True,Nariño
52,2022,DANE_2018_2050,Mujer,(50 a 54),45501,0,0.0,True,Nariño
52,2022,DANE_2018_2050,Mujer,(55 a 59),40590,1,2.463661000246366,True,Nariño
52,2022,DANE_2018_2050,Mujer,(60 a 64),34037,0,0.0,True,Nariño
52,2022,DANE_2018_2050,Mujer,(65 a 69),27945,0,0.0,True,Nariño
52,2022,DANE_2018_2050,Mujer,(70 a 74),22872,1,4.372158097236796,True,Nariño
52,2022,DANE_2018_2050,Mujer,(75 a 79),16974,1,5.891363261458701,True,Nariño
52,2022,DANE_2018_2050,Mujer,(80 y más),23954,1,4.174668113884946,True,Nariño
52,2023,DANE_2018_2050,Hombre,(05 a 09),67707,0,0.0,True,Nariño
52,2023,DANE_2018_2050,Hombre,(10 a 14),73862,1,1.353876147410035,True,Nariño
52,2023,DANE_2018_2050,Hombre,(15 a 17),48057,2,4.161724618681982,True,Nariño
52,2023,DANE_2018_2050,Hombre,(18 a 19),31885,7,21.95389681668496,False,Nariño
52,2023,DANE_2018_2050,Hombre,(20 a 24),76609,18,23.495933898105967,False,Nariño
52,2023,DANE_2018_2050,Hombre,(25 a 29),68917,12,17.41224951753559,False,Nariño
52,2023,DANE_2018_2050,Hombre,(30 a 34),60470,8,13.229700678022159,False,Nariño
52,2023,DANE_2018_2050,Hombre,(35 a 39),55699,7,12.567550584391103,False,Nariño
52,2023,DANE_2018_2050,Hombre,(40 a 44),52967,3,5.663903940189175,True,Nariño
52,2023,DANE_2018_2050,Hombre,(45 a 49),45819,10,21.825007093127304,False,Nariño
52,2023,DANE_2018_2050,Hombre,(50 a 54),41077,3,7.303357109818146,True,Nariño
52,2023,DANE_2018_2050,Hombre,(55 a 59),36058,5,13.866548338787508,False,Nariño
52,2023,DANE_2018_2050,Hombre,(60 a 64),30160,2,6.63129973474801,True,Nariño
52,2023,DANE_2018_2050,Hombre,(65 a 69),24331,3,12.329949447207266,True,Nariño
52,2023,DANE_2018_2050,Hombre,(70 a 74),19592,2,10.208248264597795,True,Nariño
52,2023,DANE_2018_2050,Hombre,(75 a 79),14302,2,13.984058173682003,True,Nariño
52,2023,DANE_2018_2050,Hombre,(80 y más),16917,0,0.0,True,Nariño
52,2023,DANE_2018_2050,Mujer,(05 a 09),64280,0,0.0,True,Nariño
52,2023,DANE_2018_2050,Mujer,(10 a 14),70802,3,4.237168441569447,True,Nariño
52,2023,DANE_2018_2050,Mujer,(15 a 17),45877,6,13.07844889596094,False,Nariño
52,2023,DANE_2018_2050,Mujer,(18 a 19),30312,1,3.2990234890472423,True,Nariño
52,2023,DANE_2018_2050,Mujer,(20 a 24),73688,4,5.4282922592552385,True,Nariño
52,2023,DANE_2018_2050,Mujer,(25 a 29),69007,5,7.245641746489486,False,Nariño
52,2023,DANE_2018_2050,Mujer,(30 a 34),62879,4,6.361424322905898,True,Nariño
52,2023,DANE_2018_2050,Mujer,(35 a 39),59851,2,3.3416317187682747,True,Nariño
52,2023,DANE_2018_2050,Mujer,(40 a 44),57820,4,6.918021445866483,True,Nariño
52,2023,DANE_2018_2050,Mujer,(45 a 49),50316,3,5.962318149296446,True,Nariño
52,2023,DANE_2018_2050,Mujer,(50 a 54),45754,3,6.556803776718976,True,Nariño
52,2023,DANE_2018_2050,Mujer,(55 a 59),41339,1,2.419023198432473,True,Nariño
52,2023,DANE_2018_2050,Mujer,(60 a 64),35025,1,2.8551034975017844,True,Nariño
52,2023,DANE_2018_2050,Mujer,(65 a 69),28482,0,0.0,True,Nariño
52,2023,DANE_2018_2050,Mujer,(70 a 74),23327,1,4.286877866849573,True,Nariño
52,2023,DANE_2018_2050,Mujer,(75 a 79),17431,0,0.0,True,Nariño
52,2023,DANE_2018_2050,Mujer,(80 y más),24327,0,0.0,True,Nariño
52,2024,DANE_2018_2050,Hombre,(05 a 09),66835,0,0.0,True,Nariño
52,2024,DANE_2018_2050,Hombre,(10 a 14),72361,2,2.763919791047664,True,Nariño
52,2024,DANE_2018_2050,Hombre,(15 a 17),47373,6,12.665442340573744,False,Nariño
52,2024,DANE_2018_2050,Hombre,(18 a 19),32073,6,18.70732391731363,False,Nariño
52,2024,DANE_2018_2050,Hombre,(20 a 24),77363,16,20.68172123624989,False,Nariño
52,2024,DANE_2018_2050,Hombre,(25 a 29),70471,24,34.05656227384314,False,Nariño
52,2024,DANE_2018_2050,Hombre,(30 a 34),61773,7,11.331811632914055,False,Nariño
52,2024,DANE_2018_2050,Hombre,(35 a 39),55985,9,16.075734571760293,False,Nariño
52,2024,DANE_2018_2050,Hombre,(40 a 44),53548,10,18.674833793979236,False,Nariño
52,2024,DANE_2018_2050,Hombre,(45 a 49),47036,5,10.630155625478357,False,Nariño
52,2024,DANE_2018_2050,Hombre,(50 a 54),41319,1,2.420194099566785,True,Nariño
52,2024,DANE_2018_2050,Hombre,(55 a 59),36790,2,5.436259853220983,True,Nariño
52,2024,DANE_2018_2050,Hombre,(60 a 64),30857,3,9.722267232718671,True,Nariño
52,2024,DANE_2018_2050,Hombre,(65 a 69),24782,3,12.10556048745057,True,Nariño
52,2024,DANE_2018_2050,Hombre,(70 a 74),19875,3,15.09433962264151,True,Nariño
52,2024,DANE_2018_2050,Hombre,(75 a 79),14597,3,20.55216825375077,True,Nariño
52,2024,DANE_2018_2050,Hombre,(80 y más),17190,2,11.634671320535196,True,Nariño
52,2024,DANE_2018_2050,Mujer,(05 a 09),63432,0,0.0,True,Nariño
52,2024,DANE_2018_2050,Mujer,(10 a 14),69263,0,0.0,True,Nariño
52,2024,DANE_2018_2050,Mujer,(15 a 17),45257,7,15.467220540468876,False,Nariño
52,2024,DANE_2018_2050,Mujer,(18 a 19),30566,3,9.814826931885102,True,Nariño
52,2024,DANE_2018_2050,Mujer,(20 a 24),74170,9,12.134286099501146,False,Nariño
52,2024,DANE_2018_2050,Mujer,(25 a 29),69902,4,5.722296929987697,True,Nariño
52,2024,DANE_2018_2050,Mujer,(30 a 34),63960,2,3.1269543464665417,True,Nariño
52,2024,DANE_2018_2050,Mujer,(35 a 39),60048,0,0.0,True,Nariño
52,2024,DANE_2018_2050,Mujer,(40 a 44),58502,4,6.83737308126218,True,Nariño
52,2024,DANE_2018_2050,Mujer,(45 a 49),51511,3,5.823998757546931,True,Nariño
52,2024,DANE_2018_2050,Mujer,(50 a 54),46052,1,2.1714583514288197,True,Nariño
52,2024,DANE_2018_2050,Mujer,(55 a 59),42011,0,0.0,True,Nariño
52,2024,DANE_2018_2050,Mujer,(60 a 64),35987,0,0.0,True,Nariño
52,2024,DANE_2018_2050,Mujer,(65 a 69),29095,1,3.4370166695308475,True,Nariño
52,2024,DANE_2018_2050,Mujer,(70 a 74),23780,1,4.205214465937763,True,Nariño
52,2024,DANE_2018_2050,Mujer,(75 a 79),17892,0,0.0,True,Nariño
52,2024,DANE_2018_2050,Mujer,(80 y más),24780,0,0.0,True,Nariño
54,2015,DANE_2005_2017,Hombre,(05 a 09),64071,0,0.0,True,Norte de Santander
54,2015,DANE_2005_2017,Hombre,(10 a 14),65849,1,1.5186259472429346,True,Norte de Santander
54,2015,DANE_2005_2017,Hombre,(15 a 17),40474,0,0.0,True,Norte de Santander
54,2015,DANE_2005_2017,Hombre,(18 a 19),26905,4,14.86712506968965,True,Norte de Santander
54,2015,DANE_2005_2017,Hombre,(20 a 24),63398,10,15.773368245055048,False,Norte de Santander
54,2015,DANE_2005_2017,Hombre,(25 a 29),57106,4,7.004517914054565,True,Norte de Santander
54,2015,DANE_2005_2017,Hombre,(30 a 34),52603,6,11.406193563104766,False,Norte de Santander
54,2015,DANE_2005_2017,Hombre,(35 a 39),46059,6,13.026770012375431,False,Norte de Santander
54,2015,DANE_2005_2017,Hombre,(40 a 44),41343,9,21.769102387344894,False,Norte de Santander
54,2015,DANE_2005_2017,Hombre,(45 a 49),39332,9,22.88213159768128,False,Norte de Santander
54,2015,DANE_2005_2017,Hombre,(50 a 54),35611,5,14.040605430906181,False,Norte de Santander
54,2015,DANE_2005_2017,Hombre,(55 a 59),29767,6,20.156549198777167,False,Norte de Santander
54,2015,DANE_2005_2017,Hombre,(60 a 64),23392,1,4.2749658002735975,True,Norte de Santander
54,2015,DANE_2005_2017,Hombre,(65 a 69),17329,1,5.770673437590167,True,Norte de Santander
54,2015,DANE_2005_2017,Hombre,(70 a 74),12303,3,24.384296513045598,True,Norte de Santander
54,2015,DANE_2005_2017,Hombre,(75 a 79),8557,1,11.68633867009466,True,Norte de Santander
54,2015,DANE_2005_2017,Hombre,(80 y más),10903,0,0.0,True,Norte de Santander
54,2015,DANE_2005_2017,Mujer,(05 a 09),59935,0,0.0,True,Norte de Santander
54,2015,DANE_2005_2017,Mujer,(10 a 14),61834,0,0.0,True,Norte de Santander
54,2015,DANE_2005_2017,Mujer,(15 a 17),38139,3,7.865963973884999,True,Norte de Santander
54,2015,DANE_2005_2017,Mujer,(18 a 19),25502,0,0.0,True,Norte de Santander
54,2015,DANE_2005_2017,Mujer,(20 a 24),60921,1,1.6414701006221173,True,Norte de Santander
54,2015,DANE_2005_2017,Mujer,(25 a 29),56210,3,5.337128624799858,True,Norte de Santander
54,2015,DANE_2005_2017,Mujer,(30 a 34),53443,1,1.871152442789514,True,Norte de Santander
54,2015,DANE_2005_2017,Mujer,(35 a 39),48777,0,0.0,True,Norte de Santander
54,2015,DANE_2005_2017,Mujer,(40 a 44),45498,1,2.197898808738846,True,Norte de Santander
54,2015,DANE_2005_2017,Mujer,(45 a 49),44145,0,0.0,True,Norte de Santander
54,2015,DANE_2005_2017,Mujer,(50 a 54),40280,1,2.4826216484607744,True,Norte de Santander
54,2015,DANE_2005_2017,Mujer,(55 a 59),33623,2,5.948309193111858,True,Norte de Santander
54,2015,DANE_2005_2017,Mujer,(60 a 64),26206,0,0.0,True,Norte de Santander
54,2015,DANE_2005_2017,Mujer,(65 a 69),19689,1,5.078978109604347,True,Norte de Santander
54,2015,DANE_2005_2017,Mujer,(70 a 74),14392,0,0.0,True,Norte de Santander
54,2015,DANE_2005_2017,Mujer,(75 a 79),10278,0,0.0,True,Norte de Santander
54,2015,DANE_2005_2017,Mujer,(80 y más),14680,0,0.0,True,Norte de Santander
54,2016,DANE_2005_2017,Hombre,(05 a 09),63831,0,0.0,True,Norte de Santander
54,2016,DANE_2005_2017,Hombre,(10 a 14),65472,1,1.5273704789833822,True,Norte de Santander
54,2016,DANE_2005_2017,Hombre,(15 a 17),40214,1,2.486696175461282,True,Norte de Santander
54,2016,DANE_2005_2017,Hombre,(18 a 19),26966,2,7.416747014759327,True,Norte de Santander
54,2016,DANE_2005_2017,Hombre,(20 a 24),64388,8,12.424675405355034,False,Norte de Santander
54,2016,DANE_2005_2017,Hombre,(25 a 29),57843,6,10.372905969607386,False,Norte de Santander
54,2016,DANE_2005_2017,Hombre,(30 a 34),53198,8,15.038159329298093,False,Norte de Santander
54,2016,DANE_2005_2017,Hombre,(35 a 39),47360,5,10.557432432432433,False,Norte de Santander
54,2016,DANE_2005_2017,Hombre,(40 a 44),41586,7,16.83258789015534,False,Norte de Santander
54,2016,DANE_2005_2017,Hombre,(45 a 49),39643,5,12.612567161920138,False,Norte de Santander
54,2016,DANE_2005_2017,Hombre,(50 a 54),36103,5,13.849264604049527,False,Norte de Santander
54,2016,DANE_2005_2017,Hombre,(55 a 59),30679,1,3.2595586557580103,True,Norte de Santander
54,2016,DANE_2005_2017,Hombre,(60 a 64),24145,5,20.70822116380203,False,Norte de Santander
54,2016,DANE_2005_2017,Hombre,(65 a 69),18008,1,5.553087516659263,True,Norte de Santander
54,2016,DANE_2005_2017,Hombre,(70 a 74),12641,1,7.9107665532790135,True,Norte de Santander
54,2016,DANE_2005_2017,Hombre,(75 a 79),8670,2,23.06805074971165,True,Norte de Santander
54,2016,DANE_2005_2017,Hombre,(80 y más),11247,1,8.891259891526628,True,Norte de Santander
54,2016,DANE_2005_2017,Mujer,(05 a 09),59795,0,0.0,True,Norte de Santander
54,2016,DANE_2005_2017,Mujer,(10 a 14),61511,1,1.625725479995448,True,Norte de Santander
54,2016,DANE_2005_2017,Mujer,(15 a 17),37913,2,5.2752354073800545,True,Norte de Santander
54,2016,DANE_2005_2017,Mujer,(18 a 19),25567,0,0.0,True,Norte de Santander
54,2016,DANE_2005_2017,Mujer,(20 a 24),61806,1,1.6179658932789696,True,Norte de Santander
54,2016,DANE_2005_2017,Mujer,(25 a 29),56791,1,1.7608423869979397,True,Norte de Santander
54,2016,DANE_2005_2017,Mujer,(30 a 34),53866,2,3.7129172390747414,True,Norte de Santander
54,2016,DANE_2005_2017,Mujer,(35 a 39),49845,0,0.0,True,Norte de Santander
54,2016,DANE_2005_2017,Mujer,(40 a 44),45529,0,0.0,True,Norte de Santander
54,2016,DANE_2005_2017,Mujer,(45 a 49),44457,1,2.24936455451335,True,Norte de Santander
54,2016,DANE_2005_2017,Mujer,(50 a 54),40922,0,0.0,True,Norte de Santander
54,2016,DANE_2005_2017,Mujer,(55 a 59),34810,0,0.0,True,Norte de Santander
54,2016,DANE_2005_2017,Mujer,(60 a 64),27292,0,0.0,True,Norte de Santander
54,2016,DANE_2005_2017,Mujer,(65 a 69),20531,0,0.0,True,Norte de Santander
54,2016,DANE_2005_2017,Mujer,(70 a 74),14900,0,0.0,True,Norte de Santander
54,2016,DANE_2005_2017,Mujer,(75 a 79),10515,0,0.0,True,Norte de Santander
54,2016,DANE_2005_2017,Mujer,(80 y más),15078,0,0.0,True,Norte de Santander
54,2017,DANE_2005_2017,Hombre,(05 a 09),64070,0,0.0,True,Norte de Santander
54,2017,DANE_2005_2017,Hombre,(10 a 14),65390,0,0.0,True,Norte de Santander
54,2017,DANE_2005_2017,Hombre,(15 a 17),40073,3,7.486337434182617,True,Norte de Santander
54,2017,DANE_2005_2017,Hombre,(18 a 19),27016,5,18.507551080840983,False,Norte de Santander
54,2017,DANE_2005_2017,Hombre,(20 a 24),65629,6,9.142299897910984,False,Norte de Santander
54,2017,DANE_2005_2017,Hombre,(25 a 29),59193,13,21.962056324227525,False,Norte de Santander
54,2017,DANE_2005_2017,Hombre,(30 a 34),54122,8,14.781419755367505,False,Norte de Santander
54,2017,DANE_2005_2017,Hombre,(35 a 39),48904,10,20.448225094061836,False,Norte de Santander
54,2017,DANE_2005_2017,Hombre,(40 a 44),42300,5,11.82033096926714,False,Norte de Santander
54,2017,DANE_2005_2017,Hombre,(45 a 49),40023,9,22.4870699347875,False,Norte de Santander
54,2017,DANE_2005_2017,Hombre,(50 a 54),36657,5,13.63995962571951,False,Norte de Santander
54,2017,DANE_2005_2017,Hombre,(55 a 59),31602,6,18.98614011771407,False,Norte de Santander
54,2017,DANE_2005_2017,Hombre,(60 a 64),24979,2,8.006725649545618,True,Norte de Santander
54,2017,DANE_2005_2017,Hombre,(65 a 69),18739,3,16.009392176743688,True,Norte de Santander
54,2017,DANE_2005_2017,Hombre,(70 a 74),13034,2,15.344483658124904,True,Norte de Santander
54,2017,DANE_2005_2017,Hombre,(75 a 79),8837,6,67.89634491343216,False,Norte de Santander
54,2017,DANE_2005_2017,Hombre,(80 y más),11596,2,17.247326664367023,True,Norte de Santander
54,2017,DANE_2005_2017,Mujer,(05 a 09),60084,0,0.0,True,Norte de Santander
54,2017,DANE_2005_2017,Mujer,(10 a 14),61461,3,4.88114414018646,True,Norte de Santander
54,2017,DANE_2005_2017,Mujer,(15 a 17),37875,0,0.0,True,Norte de Santander
54,2017,DANE_2005_2017,Mujer,(18 a 19),25632,2,7.802746566791511,True,Norte de Santander
54,2017,DANE_2005_2017,Mujer,(20 a 24),62959,2,3.1766705316158133,True,Norte de Santander
54,2017,DANE_2005_2017,Mujer,(25 a 29),57944,2,3.4516084495374844,True,Norte de Santander
54,2017,DANE_2005_2017,Mujer,(30 a 34),54558,2,3.665823527255398,True,Norte de Santander
54,2017,DANE_2005_2017,Mujer,(35 a 39),51110,0,0.0,True,Norte de Santander
54,2017,DANE_2005_2017,Mujer,(40 a 44),45947,2,4.352841317169783,True,Norte de Santander
54,2017,DANE_2005_2017,Mujer,(45 a 49),44776,1,2.2333392889047703,True,Norte de Santander
54,2017,DANE_2005_2017,Mujer,(50 a 54),41582,2,4.809773459670049,True,Norte de Santander
54,2017,DANE_2005_2017,Mujer,(55 a 59),36024,1,2.77592715967133,True,Norte de Santander
54,2017,DANE_2005_2017,Mujer,(60 a 64),28450,1,3.51493848857645,True,Norte de Santander
54,2017,DANE_2005_2017,Mujer,(65 a 69),21450,1,4.662004662004662,True,Norte de Santander
54,2017,DANE_2005_2017,Mujer,(70 a 74),15474,0,0.0,True,Norte de Santander
54,2017,DANE_2005_2017,Mujer,(75 a 79),10823,0,0.0,True,Norte de Santander
54,2017,DANE_2005_2017,Mujer,(80 y más),15476,0,0.0,True,Norte de Santander
54,2018,DANE_2018_2050,Hombre,(05 a 09),66630,0,0.0,True,Norte de Santander
54,2018,DANE_2018_2050,Hombre,(10 a 14),71912,1,1.3905884970519524,True,Norte de Santander
54,2018,DANE_2018_2050,Hombre,(15 a 17),42897,2,4.662330699116488,True,Norte de Santander
54,2018,DANE_2018_2050,Hombre,(18 a 19),27148,4,14.734050390452333,True,Norte de Santander
54,2018,DANE_2018_2050,Hombre,(20 a 24),65460,8,12.221203788573176,False,Norte de Santander
54,2018,DANE_2018_2050,Hombre,(25 a 29),61013,4,6.555979873141789,True,Norte de Santander
54,2018,DANE_2018_2050,Hombre,(30 a 34),54059,8,14.798645923897963,False,Norte de Santander
54,2018,DANE_2018_2050,Hombre,(35 a 39),50371,6,11.91161581068472,False,Norte de Santander
54,2018,DANE_2018_2050,Hombre,(40 a 44),43619,10,22.92578922029391,False,Norte de Santander
54,2018,DANE_2018_2050,Hombre,(45 a 49),40572,10,24.647540175490487,False,Norte de Santander
54,2018,DANE_2018_2050,Hombre,(50 a 54),37246,9,24.16366858186114,False,Norte de Santander
54,2018,DANE_2018_2050,Hombre,(55 a 59),32341,3,9.276151015738536,True,Norte de Santander
54,2018,DANE_2018_2050,Hombre,(60 a 64),25536,4,15.664160401002505,True,Norte de Santander
54,2018,DANE_2018_2050,Hombre,(65 a 69),19996,2,10.002000400080016,True,Norte de Santander
54,2018,DANE_2018_2050,Hombre,(70 a 74),14222,4,28.12543945999156,True,Norte de Santander
54,2018,DANE_2018_2050,Hombre,(75 a 79),10208,1,9.796238244514106,True,Norte de Santander
54,2018,DANE_2018_2050,Hombre,(80 y más),11355,0,0.0,True,Norte de Santander
54,2018,DANE_2018_2050,Mujer,(05 a 09),63071,0,0.0,True,Norte de Santander
54,2018,DANE_2018_2050,Mujer,(10 a 14),67366,3,4.453285039931123,True,Norte de Santander
54,2018,DANE_2018_2050,Mujer,(15 a 17),41276,1,2.4227153793972285,True,Norte de Santander
54,2018,DANE_2018_2050,Mujer,(18 a 19),27058,0,0.0,True,Norte de Santander
54,2018,DANE_2018_2050,Mujer,(20 a 24),65247,4,6.130550063604456,True,Norte de Santander
54,2018,DANE_2018_2050,Mujer,(25 a 29),59778,1,1.6728562347351867,True,Norte de Santander
54,2018,DANE_2018_2050,Mujer,(30 a 34),55205,1,1.8114301240829633,True,Norte de Santander
54,2018,DANE_2018_2050,Mujer,(35 a 39),52611,2,3.8014863811750392,True,Norte de Santander
54,2018,DANE_2018_2050,Mujer,(40 a 44),46615,2,4.290464442775931,True,Norte de Santander
54,2018,DANE_2018_2050,Mujer,(45 a 49),43786,1,2.2838350157584615,True,Norte de Santander
54,2018,DANE_2018_2050,Mujer,(50 a 54),41233,2,4.850483835762618,True,Norte de Santander
54,2018,DANE_2018_2050,Mujer,(55 a 59),36026,1,2.7757730527952034,True,Norte de Santander
54,2018,DANE_2018_2050,Mujer,(60 a 64),29394,0,0.0,True,Norte de Santander
54,2018,DANE_2018_2050,Mujer,(65 a 69),22702,0,0.0,True,Norte de Santander
54,2018,DANE_2018_2050,Mujer,(70 a 74),16935,1,5.90493061706525,True,Norte de Santander
54,2018,DANE_2018_2050,Mujer,(75 a 79),12664,0,0.0,True,Norte de Santander
54,2018,DANE_2018_2050,Mujer,(80 y más),16493,0,0.0,True,Norte de Santander
54,2019,DANE_2018_2050,Hombre,(05 a 09),67695,0,0.0,True,Norte de Santander
54,2019,DANE_2018_2050,Hombre,(10 a 14),72768,1,1.3742304309586633,True,Norte de Santander
54,2019,DANE_2018_2050,Hombre,(15 a 17),44261,3,6.777976096337634,True,Norte de Santander
54,2019,DANE_2018_2050,Hombre,(18 a 19),28643,6,20.947526446252137,False,Norte de Santander
54,2019,DANE_2018_2050,Hombre,(20 a 24),68406,10,14.618600707540274,False,Norte de Santander
54,2019,DANE_2018_2050,Hombre,(25 a 29),64846,6,9.252690990963206,False,Norte de Santander
54,2019,DANE_2018_2050,Hombre,(30 a 34),56927,5,8.783178456619881,False,Norte de Santander
54,2019,DANE_2018_2050,Hombre,(35 a 39),52602,9,17.10961560396943,False,Norte de Santander
54,2019,DANE_2018_2050,Hombre,(40 a 44),45851,5,10.904887570609146,False,Norte de Santander
54,2019,DANE_2018_2050,Hombre,(45 a 49),41591,9,21.639296963285325,False,Norte de Santander
54,2019,DANE_2018_2050,Hombre,(50 a 54),38367,10,26.064065472932466,False,Norte de Santander
54,2019,DANE_2018_2050,Hombre,(55 a 59),33638,4,11.89131339556454,True,Norte de Santander
54,2019,DANE_2018_2050,Hombre,(60 a 64),26600,7,26.31578947368421,False,Norte de Santander
54,2019,DANE_2018_2050,Hombre,(65 a 69),20915,2,9.562514941429596,True,Norte de Santander
54,2019,DANE_2018_2050,Hombre,(70 a 74),14915,4,26.81863895407308,True,Norte de Santander
54,2019,DANE_2018_2050,Hombre,(75 a 79),10458,0,0.0,True,Norte de Santander
54,2019,DANE_2018_2050,Hombre,(80 y más),11940,2,16.750418760469014,True,Norte de Santander
54,2019,DANE_2018_2050,Mujer,(05 a 09),64089,0,0.0,True,Norte de Santander
54,2019,DANE_2018_2050,Mujer,(10 a 14),68292,0,0.0,True,Norte de Santander
54,2019,DANE_2018_2050,Mujer,(15 a 17),42404,1,2.358268087916234,True,Norte de Santander
54,2019,DANE_2018_2050,Mujer,(18 a 19),28246,3,10.62097288111591,True,Norte de Santander
54,2019,DANE_2018_2050,Mujer,(20 a 24),68658,3,4.3694835270471035,True,Norte de Santander
54,2019,DANE_2018_2050,Mujer,(25 a 29),63679,3,4.711129257683067,True,Norte de Santander
54,2019,DANE_2018_2050,Mujer,(30 a 34),57686,2,3.467045730333183,True,Norte de Santander
54,2019,DANE_2018_2050,Mujer,(35 a 39),54692,1,1.8284209756454326,True,Norte de Santander
54,2019,DANE_2018_2050,Mujer,(40 a 44),48652,3,6.166241881114857,True,Norte de Santander
54,2019,DANE_2018_2050,Mujer,(45 a 49),44625,1,2.2408963585434174,True,Norte de Santander
54,2019,DANE_2018_2050,Mujer,(50 a 54),42257,0,0.0,True,Norte de Santander
54,2019,DANE_2018_2050,Mujer,(55 a 59),37413,0,0.0,True,Norte de Santander
54,2019,DANE_2018_2050,Mujer,(60 a 64),30790,0,0.0,True,Norte de Santander
54,2019,DANE_2018_2050,Mujer,(65 a 69),23726,0,0.0,True,Norte de Santander
54,2019,DANE_2018_2050,Mujer,(70 a 74),17750,0,0.0,True,Norte de Santander
54,2019,DANE_2018_2050,Mujer,(75 a 79),12986,0,0.0,True,Norte de Santander
54,2019,DANE_2018_2050,Mujer,(80 y más),17188,0,0.0,True,Norte de Santander
54,2020,DANE_2018_2050,Hombre,(05 a 09),69355,0,0.0,True,Norte de Santander
54,2020,DANE_2018_2050,Hombre,(10 a 14),73766,2,2.7112761977062605,True,Norte de Santander
54,2020,DANE_2018_2050,Hombre,(15 a 17),45625,4,8.767123287671234,True,Norte de Santander
54,2020,DANE_2018_2050,Hombre,(18 a 19),30194,6,19.871497648539446,False,Norte de Santander
54,2020,DANE_2018_2050,Hombre,(20 a 24),71946,11,15.28924471131126,False,Norte de Santander
54,2020,DANE_2018_2050,Hombre,(25 a 29),69077,7,10.133619004878614,False,Norte de Santander
54,2020,DANE_2018_2050,Hombre,(30 a 34),60521,2,3.3046380595165314,True,Norte de Santander
54,2020,DANE_2018_2050,Hombre,(35 a 39),55065,8,14.528284754381184,False,Norte de Santander
54,2020,DANE_2018_2050,Hombre,(40 a 44),48581,3,6.175253700006175,True,Norte de Santander
54,2020,DANE_2018_2050,Hombre,(45 a 49),42767,5,11.691257277807654,False,Norte de Santander
54,2020,DANE_2018_2050,Hombre,(50 a 54),39611,5,12.622756305066774,False,Norte de Santander
54,2020,DANE_2018_2050,Hombre,(55 a 59),34919,4,11.455081760646067,True,Norte de Santander
54,2020,DANE_2018_2050,Hombre,(60 a 64),27854,8,28.72118905722697,False,Norte de Santander
54,2020,DANE_2018_2050,Hombre,(65 a 69),21850,2,9.153318077803204,True,Norte de Santander
54,2020,DANE_2018_2050,Hombre,(70 a 74),15705,1,6.367398917542184,True,Norte de Santander
54,2020,DANE_2018_2050,Hombre,(75 a 79),10747,2,18.609844607797527,True,Norte de Santander
54,2020,DANE_2018_2050,Hombre,(80 y más),12584,3,23.839796567069293,True,Norte de Santander
54,2020,DANE_2018_2050,Mujer,(05 a 09),65593,0,0.0,True,Norte de Santander
54,2020,DANE_2018_2050,Mujer,(10 a 14),69513,0,0.0,True,Norte de Santander
54,2020,DANE_2018_2050,Mujer,(15 a 17),43424,4,9.211495946941783,True,Norte de Santander
54,2020,DANE_2018_2050,Mujer,(18 a 19),29508,1,3.3889114816320993,True,Norte de Santander
54,2020,DANE_2018_2050,Mujer,(20 a 24),72519,2,2.7578979301976037,True,Norte de Santander
54,2020,DANE_2018_2050,Mujer,(25 a 29),68109,1,1.4682347413704504,True,Norte de Santander
54,2020,DANE_2018_2050,Mujer,(30 a 34),60876,2,3.2853669754911623,True,Norte de Santander
54,2020,DANE_2018_2050,Mujer,(35 a 39),56948,0,0.0,True,Norte de Santander
54,2020,DANE_2018_2050,Mujer,(40 a 44),51174,0,0.0,True,Norte de Santander
54,2020,DANE_2018_2050,Mujer,(45 a 49),45666,1,2.1898129899706564,True,Norte de Santander
54,2020,DANE_2018_2050,Mujer,(50 a 54),43398,0,0.0,True,Norte de Santander
54,2020,DANE_2018_2050,Mujer,(55 a 59),38817,2,5.152381688435479,True,Norte de Santander
54,2020,DANE_2018_2050,Mujer,(60 a 64),32266,0,0.0,True,Norte de Santander
54,2020,DANE_2018_2050,Mujer,(65 a 69),24907,0,0.0,True,Norte de Santander
54,2020,DANE_2018_2050,Mujer,(70 a 74),18652,0,0.0,True,Norte de Santander
54,2020,DANE_2018_2050,Mujer,(75 a 79),13357,0,0.0,True,Norte de Santander
54,2020,DANE_2018_2050,Mujer,(80 y más),17917,0,0.0,True,Norte de Santander
54,2021,DANE_2018_2050,Hombre,(05 a 09),69743,0,0.0,True,Norte de Santander
54,2021,DANE_2018_2050,Hombre,(10 a 14),73664,4,5.430060816681147,True,Norte de Santander
54,2021,DANE_2018_2050,Hombre,(15 a 17),46042,2,4.343859953955085,True,Norte de Santander
54,2021,DANE_2018_2050,Hombre,(18 a 19),30740,4,13.012361743656474,True,Norte de Santander
54,2021,DANE_2018_2050,Hombre,(20 a 24),73904,16,21.649707728945657,False,Norte de Santander
54,2021,DANE_2018_2050,Hombre,(25 a 29),71127,7,9.841551028442082,False,Norte de Santander
54,2021,DANE_2018_2050,Hombre,(30 a 34),63042,10,15.862440912407601,False,Norte de Santander
54,2021,DANE_2018_2050,Hombre,(35 a 39),56503,6,10.618905190874822,False,Norte de Santander
54,2021,DANE_2018_2050,Hombre,(40 a 44),50647,4,7.897802436472052,True,Norte de Santander
54,2021,DANE_2018_2050,Hombre,(45 a 49),43540,9,20.670647680293982,False,Norte de Santander
54,2021,DANE_2018_2050,Hombre,(50 a 54),40357,7,17.34519414228015,False,Norte de Santander
54,2021,DANE_2018_2050,Hombre,(55 a 59),35770,5,13.97819401733296,False,Norte de Santander
54,2021,DANE_2018_2050,Hombre,(60 a 64),29059,4,13.765098592518669,True,Norte de Santander
54,2021,DANE_2018_2050,Hombre,(65 a 69),22531,4,17.753317651236074,True,Norte de Santander
54,2021,DANE_2018_2050,Hombre,(70 a 74),16357,1,6.1135905117075255,True,Norte de Santander
54,2021,DANE_2018_2050,Hombre,(75 a 79),10935,3,27.434842249657066,True,Norte de Santander
54,2021,DANE_2018_2050,Hombre,(80 y más),12842,5,38.9347453667653,False,Norte de Santander
54,2021,DANE_2018_2050,Mujer,(05 a 09),65938,0,0.0,True,Norte de Santander
54,2021,DANE_2018_2050,Mujer,(10 a 14),69550,3,4.313443565780014,True,Norte de Santander
54,2021,DANE_2018_2050,Mujer,(15 a 17),43506,0,0.0,True,Norte de Santander
54,2021,DANE_2018_2050,Mujer,(18 a 19),29845,0,0.0,True,Norte de Santander
54,2021,DANE_2018_2050,Mujer,(20 a 24),74259,3,4.039914353815699,True,Norte de Santander
54,2021,DANE_2018_2050,Mujer,(25 a 29),70588,0,0.0,True,Norte de Santander
54,2021,DANE_2018_2050,Mujer,(30 a 34),62857,0,0.0,True,Norte de Santander
54,2021,DANE_2018_2050,Mujer,(35 a 39),58185,2,3.437312021998797,True,Norte de Santander
54,2021,DANE_2018_2050,Mujer,(40 a 44),52984,0,0.0,True,Norte de Santander
54,2021,DANE_2018_2050,Mujer,(45 a 49),46491,0,0.0,True,Norte de Santander
54,2021,DANE_2018_2050,Mujer,(50 a 54),44031,1,2.271127160409711,True,Norte de Santander
54,2021,DANE_2018_2050,Mujer,(55 a 59),39897,0,0.0,True,Norte de Santander
54,2021,DANE_2018_2050,Mujer,(60 a 64),33399,0,0.0,True,Norte de Santander
54,2021,DANE_2018_2050,Mujer,(65 a 69),25978,0,0.0,True,Norte de Santander
54,2021,DANE_2018_2050,Mujer,(70 a 74),19416,0,0.0,True,Norte de Santander
54,2021,DANE_2018_2050,Mujer,(75 a 79),13656,1,7.322788517867604,True,Norte de Santander
54,2021,DANE_2018_2050,Mujer,(80 y más),18221,0,0.0,True,Norte de Santander
54,2022,DANE_2018_2050,Hombre,(05 a 09),69575,0,0.0,True,Norte de Santander
54,2022,DANE_2018_2050,Hombre,(10 a 14),73133,1,1.3673717747118264,True,Norte de Santander
54,2022,DANE_2018_2050,Hombre,(15 a 17),46005,4,8.694707097054668,True,Norte de Santander
54,2022,DANE_2018_2050,Hombre,(18 a 19),30856,4,12.963443090484832,True,Norte de Santander
54,2022,DANE_2018_2050,Hombre,(20 a 24),75164,6,7.982544835293491,False,Norte de Santander
54,2022,DANE_2018_2050,Hombre,(25 a 29),72085,4,5.549004647291392,True,Norte de Santander
54,2022,DANE_2018_2050,Hombre,(30 a 34),65111,5,7.679193991798621,False,Norte de Santander
54,2022,DANE_2018_2050,Hombre,(35 a 39),57613,3,5.207158106677312,True,Norte de Santander
54,2022,DANE_2018_2050,Hombre,(40 a 44),52185,10,19.162594615310912,False,Norte de Santander
54,2022,DANE_2018_2050,Hombre,(45 a 49),44410,6,13.510470614726414,False,Norte de Santander
54,2022,DANE_2018_2050,Hombre,(50 a 54),40842,4,9.793839674844522,True,Norte de Santander
54,2022,DANE_2018_2050,Hombre,(55 a 59),36440,3,8.232711306256862,True,Norte de Santander
54,2022,DANE_2018_2050,Hombre,(60 a 64),30170,6,19.887305270135897,False,Norte de Santander
54,2022,DANE_2018_2050,Hombre,(65 a 69),23128,3,12.971290210999655,True,Norte de Santander
54,2022,DANE_2018_2050,Hombre,(70 a 74),16946,3,17.70329281246312,True,Norte de Santander
54,2022,DANE_2018_2050,Hombre,(75 a 79),11167,1,8.954956568460643,True,Norte de Santander
54,2022,DANE_2018_2050,Hombre,(80 y más),12987,3,23.100023100023098,True,Norte de Santander
54,2022,DANE_2018_2050,Mujer,(05 a 09),65826,0,0.0,True,Norte de Santander
54,2022,DANE_2018_2050,Mujer,(10 a 14),69119,1,1.446780190685629,True,Norte de Santander
54,2022,DANE_2018_2050,Mujer,(15 a 17),43248,5,11.561228264890863,False,Norte de Santander
54,2022,DANE_2018_2050,Mujer,(18 a 19),29703,3,10.099989900010101,True,Norte de Santander
54,2022,DANE_2018_2050,Mujer,(20 a 24),75078,1,1.3319481073017396,True,Norte de Santander
54,2022,DANE_2018_2050,Mujer,(25 a 29),71964,3,4.16875104218776,True,Norte de Santander
54,2022,DANE_2018_2050,Mujer,(30 a 34),64486,2,3.101448376391775,True,Norte de Santander
54,2022,DANE_2018_2050,Mujer,(35 a 39),59004,3,5.084401057555421,True,Norte de Santander
54,2022,DANE_2018_2050,Mujer,(40 a 44),54365,1,1.839418743676998,True,Norte de Santander
54,2022,DANE_2018_2050,Mujer,(45 a 49),47363,0,0.0,True,Norte de Santander
54,2022,DANE_2018_2050,Mujer,(50 a 54),44397,2,4.504808883483118,True,Norte de Santander
54,2022,DANE_2018_2050,Mujer,(55 a 59),40716,0,0.0,True,Norte de Santander
54,2022,DANE_2018_2050,Mujer,(60 a 64),34469,1,2.9011575618671848,True,Norte de Santander
54,2022,DANE_2018_2050,Mujer,(65 a 69),27047,0,0.0,True,Norte de Santander
54,2022,DANE_2018_2050,Mujer,(70 a 74),20124,0,0.0,True,Norte de Santander
54,2022,DANE_2018_2050,Mujer,(75 a 79),14056,0,0.0,True,Norte de Santander
54,2022,DANE_2018_2050,Mujer,(80 y más),18432,0,0.0,True,Norte de Santander
54,2023,DANE_2018_2050,Hombre,(05 a 09),69359,0,0.0,True,Norte de Santander
54,2023,DANE_2018_2050,Hombre,(10 a 14),72684,2,2.7516372241483684,True,Norte de Santander
54,2023,DANE_2018_2050,Hombre,(15 a 17),45661,3,6.570158340816014,True,Norte de Santander
54,2023,DANE_2018_2050,Hombre,(18 a 19),30958,3,9.690548485044253,True,Norte de Santander
54,2023,DANE_2018_2050,Hombre,(20 a 24),76178,12,15.75257948489065,False,Norte de Santander
54,2023,DANE_2018_2050,Hombre,(25 a 29),72726,8,11.00019250336881,False,Norte de Santander
54,2023,DANE_2018_2050,Hombre,(30 a 34),67097,8,11.923036797472315,False,Norte de Santander
54,2023,DANE_2018_2050,Hombre,(35 a 39),58776,8,13.610997686130393,False,Norte de Santander
54,2023,DANE_2018_2050,Hombre,(40 a 44),53524,7,13.078245273148495,False,Norte de Santander
54,2023,DANE_2018_2050,Hombre,(45 a 49),45515,8,17.576623091288585,False,Norte de Santander
54,2023,DANE_2018_2050,Hombre,(50 a 54),41361,10,24.17736515074587,False,Norte de Santander
54,2023,DANE_2018_2050,Hombre,(55 a 59),37098,7,18.86894172192571,False,Norte de Santander
54,2023,DANE_2018_2050,Hombre,(60 a 64),31286,4,12.785271367384771,True,Norte de Santander
54,2023,DANE_2018_2050,Hombre,(65 a 69),23773,9,37.85807428595466,False,Norte de Santander
54,2023,DANE_2018_2050,Hombre,(70 a 74),17579,6,34.13163433642414,False,Norte de Santander
54,2023,DANE_2018_2050,Hombre,(75 a 79),11566,1,8.646031471554558,True,Norte de Santander
54,2023,DANE_2018_2050,Hombre,(80 y más),13255,1,7.544322897019993,True,Norte de Santander
54,2023,DANE_2018_2050,Mujer,(05 a 09),65613,0,0.0,True,Norte de Santander
54,2023,DANE_2018_2050,Mujer,(10 a 14),68682,2,2.911971113246557,True,Norte de Santander
54,2023,DANE_2018_2050,Mujer,(15 a 17),42979,3,6.980153098024617,True,Norte de Santander
54,2023,DANE_2018_2050,Mujer,(18 a 19),29424,1,3.398586188145731,True,Norte de Santander
54,2023,DANE_2018_2050,Mujer,(20 a 24),75387,0,0.0,True,Norte de Santander
54,2023,DANE_2018_2050,Mujer,(25 a 29),73074,2,2.736951583326491,True,Norte de Santander
54,2023,DANE_2018_2050,Mujer,(30 a 34),66190,1,1.5108022359873092,True,Norte de Santander
54,2023,DANE_2018_2050,Mujer,(35 a 39),59827,0,0.0,True,Norte de Santander
54,2023,DANE_2018_2050,Mujer,(40 a 44),55560,0,0.0,True,Norte de Santander
54,2023,DANE_2018_2050,Mujer,(45 a 49),48448,3,6.19220607661823,True,Norte de Santander
54,2023,DANE_2018_2050,Mujer,(50 a 54),44696,2,4.474673348845535,True,Norte de Santander
54,2023,DANE_2018_2050,Mujer,(55 a 59),41423,2,4.82823552132873,True,Norte de Santander
54,2023,DANE_2018_2050,Mujer,(60 a 64),35533,1,2.8142853122449556,True,Norte de Santander
54,2023,DANE_2018_2050,Mujer,(65 a 69),28192,1,3.547105561861521,True,Norte de Santander
54,2023,DANE_2018_2050,Mujer,(70 a 74),20895,0,0.0,True,Norte de Santander
54,2023,DANE_2018_2050,Mujer,(75 a 79),14595,1,6.851661527920521,True,Norte de Santander
54,2023,DANE_2018_2050,Mujer,(80 y más),18855,1,5.303632988597189,True,Norte de Santander
54,2024,DANE_2018_2050,Hombre,(05 a 09),68626,0,0.0,True,Norte de Santander
54,2024,DANE_2018_2050,Hombre,(10 a 14),72256,0,0.0,True,Norte de Santander
54,2024,DANE_2018_2050,Hombre,(15 a 17),45184,4,8.852691218130312,True,Norte de Santander
54,2024,DANE_2018_2050,Hombre,(18 a 19),30961,3,9.689609508736797,True,Norte de Santander
54,2024,DANE_2018_2050,Hombre,(20 a 24),76943,12,15.595960646192637,False,Norte de Santander
54,2024,DANE_2018_2050,Hombre,(25 a 29),73248,9,12.2870249017038,False,Norte de Santander
54,2024,DANE_2018_2050,Hombre,(30 a 34),68863,11,15.97374497190073,False,Norte de Santander
54,2024,DANE_2018_2050,Hombre,(35 a 39),60074,7,11.652295502213937,False,Norte de Santander
54,2024,DANE_2018_2050,Hombre,(40 a 44),54651,8,14.63834147591078,False,Norte de Santander
54,2024,DANE_2018_2050,Hombre,(45 a 49),46920,8,17.050298380221655,False,Norte de Santander
54,2024,DANE_2018_2050,Hombre,(50 a 54),41815,5,11.957431543704413,False,Norte de Santander
54,2024,DANE_2018_2050,Hombre,(55 a 59),37802,11,29.098989471456537,False,Norte de Santander
54,2024,DANE_2018_2050,Hombre,(60 a 64),32247,3,9.303190994511118,True,Norte de Santander
54,2024,DANE_2018_2050,Hombre,(65 a 69),24567,3,12.211503236048358,True,Norte de Santander
54,2024,DANE_2018_2050,Hombre,(70 a 74),18269,4,21.895013410695714,True,Norte de Santander
54,2024,DANE_2018_2050,Hombre,(75 a 79),12036,4,33.23363243602525,True,Norte de Santander
54,2024,DANE_2018_2050,Hombre,(80 y más),13586,2,14.721036360959813,True,Norte de Santander
54,2024,DANE_2018_2050,Mujer,(05 a 09),64844,0,0.0,True,Norte de Santander
54,2024,DANE_2018_2050,Mujer,(10 a 14),68268,2,2.9296302806585808,True,Norte de Santander
54,2024,DANE_2018_2050,Mujer,(15 a 17),42660,0,0.0,True,Norte de Santander
54,2024,DANE_2018_2050,Mujer,(18 a 19),29146,2,6.862005077883757,True,Norte de Santander
54,2024,DANE_2018_2050,Mujer,(20 a 24),75349,6,7.9629457590678046,False,Norte de Santander
54,2024,DANE_2018_2050,Mujer,(25 a 29),73912,1,1.3529602770862648,True,Norte de Santander
54,2024,DANE_2018_2050,Mujer,(30 a 34),67968,1,1.4712806026365348,True,Norte de Santander
54,2024,DANE_2018_2050,Mujer,(35 a 39),60777,3,4.936077792586011,True,Norte de Santander
54,2024,DANE_2018_2050,Mujer,(40 a 44),56538,0,0.0,True,Norte de Santander
54,2024,DANE_2018_2050,Mujer,(45 a 49),49668,3,6.040106305870983,True,Norte de Santander
54,2024,DANE_2018_2050,Mujer,(50 a 54),44976,1,2.223408039843472,True,Norte de Santander
54,2024,DANE_2018_2050,Mujer,(55 a 59),42011,3,7.140986884387423,True,Norte de Santander
54,2024,DANE_2018_2050,Mujer,(60 a 64),36598,1,2.732389748073665,True,Norte de Santander
54,2024,DANE_2018_2050,Mujer,(65 a 69),29310,1,3.4118048447628797,True,Norte de Santander
54,2024,DANE_2018_2050,Mujer,(70 a 74),21679,1,4.612758891092763,True,Norte de Santander
54,2024,DANE_2018_2050,Mujer,(75 a 79),15187,0,0.0,True,Norte de Santander
54,2024,DANE_2018_2050,Mujer,(80 y más),19219,0,0.0,True,Norte de Santander
63,2015,DANE_2005_2017,Hombre,(05 a 09),16734,0,0.0,True,Quindío
63,2015,DANE_2005_2017,Hombre,(10 a 14),19565,0,0.0,True,Quindío
63,2015,DANE_2005_2017,Hombre,(15 a 17),13160,2,15.197568389057752,True,Quindío
63,2015,DANE_2005_2017,Hombre,(18 a 19),9135,1,10.946907498631637,True,Quindío
63,2015,DANE_2005_2017,Hombre,(20 a 24),22288,5,22.433596554199568,False,Quindío
63,2015,DANE_2005_2017,Hombre,(25 a 29),19148,3,15.66743263003969,True,Quindío
63,2015,DANE_2005_2017,Hombre,(30 a 34),18163,1,5.505698397841766,True,Quindío
63,2015,DANE_2005_2017,Hombre,(35 a 39),16637,1,6.0106990442988515,True,Quindío
63,2015,DANE_2005_2017,Hombre,(40 a 44),15659,1,6.386103838048407,True,Quindío
63,2015,DANE_2005_2017,Hombre,(45 a 49),16648,4,24.02691013935608,True,Quindío
63,2015,DANE_2005_2017,Hombre,(50 a 54),16552,2,12.08313194780087,True,Quindío
63,2015,DANE_2005_2017,Hombre,(55 a 59),15129,1,6.609822195782933,True,Quindío
63,2015,DANE_2005_2017,Hombre,(60 a 64),12695,1,7.877116975187081,True,Quindío
63,2015,DANE_2005_2017,Hombre,(65 a 69),9893,1,10.108157282927323,True,Quindío
63,2015,DANE_2005_2017,Hombre,(70 a 74),7088,1,14.108352144469524,True,Quindío
63,2015,DANE_2005_2017,Hombre,(75 a 79),4732,1,21.132713440405748,True,Quindío
63,2015,DANE_2005_2017,Hombre,(80 y más),5880,3,51.02040816326531,True,Quindío
63,2015,DANE_2005_2017,Mujer,(05 a 09),15919,0,0.0,True,Quindío
63,2015,DANE_2005_2017,Mujer,(10 a 14),18896,1,5.2921253175275185,True,Quindío
63,2015,DANE_2005_2017,Mujer,(15 a 17),12908,1,7.747133560582585,True,Quindío
63,2015,DANE_2005_2017,Mujer,(18 a 19),8990,1,11.123470522803116,True,Quindío
63,2015,DANE_2005_2017,Mujer,(20 a 24),22199,1,4.504707419253119,True,Quindío
63,2015,DANE_2005_2017,Mujer,(25 a 29),19757,1,5.061497190869059,True,Quindío
63,2015,DANE_2005_2017,Mujer,(30 a 34),19223,1,5.202101649066223,True,Quindío
63,2015,DANE_2005_2017,Mujer,(35 a 39),18244,0,0.0,True,Quindío
63,2015,DANE_2005_2017,Mujer,(40 a 44),18047,1,5.541087161301047,True,Quindío
63,2015,DANE_2005_2017,Mujer,(45 a 49),19622,0,0.0,True,Quindío
63,2015,DANE_2005_2017,Mujer,(50 a 54),19554,0,0.0,True,Quindío
63,2015,DANE_2005_2017,Mujer,(55 a 59),17716,1,5.644615037254459,True,Quindío
63,2015,DANE_2005_2017,Mujer,(60 a 64),14594,0,0.0,True,Quindío
63,2015,DANE_2005_2017,Mujer,(65 a 69),11190,0,0.0,True,Quindío
63,2015,DANE_2005_2017,Mujer,(70 a 74),8018,0,0.0,True,Quindío
63,2015,DANE_2005_2017,Mujer,(75 a 79),5361,0,0.0,True,Quindío
63,2015,DANE_2005_2017,Mujer,(80 y más),6995,0,0.0,True,Quindío
63,2016,DANE_2005_2017,Hombre,(05 a 09),16479,0,0.0,True,Quindío
63,2016,DANE_2005_2017,Hombre,(10 a 14),19021,0,0.0,True,Quindío
63,2016,DANE_2005_2017,Hombre,(15 a 17),12881,2,15.526744817948918,True,Quindío
63,2016,DANE_2005_2017,Hombre,(18 a 19),8999,2,22.2246916324036,True,Quindío
63,2016,DANE_2005_2017,Hombre,(20 a 24),22331,5,22.390398996910125,False,Quindío
63,2016,DANE_2005_2017,Hombre,(25 a 29),19517,4,20.494953117794743,True,Quindío
63,2016,DANE_2005_2017,Hombre,(30 a 34),18104,3,16.57092355280601,True,Quindío
63,2016,DANE_2005_2017,Hombre,(35 a 39),17155,1,5.829204313611192,True,Quindío
63,2016,DANE_2005_2017,Hombre,(40 a 44),15626,1,6.399590426212723,True,Quindío
63,2016,DANE_2005_2017,Hombre,(45 a 49),16410,4,24.37538086532602,True,Quindío
63,2016,DANE_2005_2017,Hombre,(50 a 54),16665,6,36.003600360036,False,Quindío
63,2016,DANE_2005_2017,Hombre,(55 a 59),15344,2,13.034410844629823,True,Quindío
63,2016,DANE_2005_2017,Hombre,(60 a 64),13126,3,22.855401493219563,True,Quindío
63,2016,DANE_2005_2017,Hombre,(65 a 69),10285,1,9.722897423432181,True,Quindío
63,2016,DANE_2005_2017,Hombre,(70 a 74),7412,1,13.491635186184565,True,Quindío
63,2016,DANE_2005_2017,Hombre,(75 a 79),4891,1,20.445716622367613,True,Quindío
63,2016,DANE_2005_2017,Hombre,(80 y más),6082,2,32.88391976323578,True,Quindío
63,2016,DANE_2005_2017,Mujer,(05 a 09),15643,0,0.0,True,Quindío
63,2016,DANE_2005_2017,Mujer,(10 a 14),18314,3,16.380910778639294,True,Quindío
63,2016,DANE_2005_2017,Mujer,(15 a 17),12618,1,7.925186241876684,True,Quindío
63,2016,DANE_2005_2017,Mujer,(18 a 19),8845,1,11.305822498586771,True,Quindío
63,2016,DANE_2005_2017,Mujer,(20 a 24),22290,0,0.0,True,Quindío
63,2016,DANE_2005_2017,Mujer,(25 a 29),20152,1,4.9622866216752675,True,Quindío
63,2016,DANE_2005_2017,Mujer,(30 a 34),19216,0,0.0,True,Quindío
63,2016,DANE_2005_2017,Mujer,(35 a 39),18760,0,0.0,True,Quindío
63,2016,DANE_2005_2017,Mujer,(40 a 44),17835,1,5.60695262125035,True,Quindío
63,2016,DANE_2005_2017,Mujer,(45 a 49),19333,0,0.0,True,Quindío
63,2016,DANE_2005_2017,Mujer,(50 a 54),19713,0,0.0,True,Quindío
63,2016,DANE_2005_2017,Mujer,(55 a 59),18093,1,5.526999392030066,True,Quindío
63,2016,DANE_2005_2017,Mujer,(60 a 64),15244,0,0.0,True,Quindío
63,2016,DANE_2005_2017,Mujer,(65 a 69),11720,0,0.0,True,Quindío
63,2016,DANE_2005_2017,Mujer,(70 a 74),8499,0,0.0,True,Quindío
63,2016,DANE_2005_2017,Mujer,(75 a 79),5623,0,0.0,True,Quindío
63,2016,DANE_2005_2017,Mujer,(80 y más),7278,0,0.0,True,Quindío
63,2017,DANE_2005_2017,Hombre,(05 a 09),16349,0,0.0,True,Quindío
63,2017,DANE_2005_2017,Hombre,(10 a 14),18548,3,16.174250593055856,True,Quindío
63,2017,DANE_2005_2017,Hombre,(15 a 17),12587,2,15.889409708429332,True,Quindío
63,2017,DANE_2005_2017,Hombre,(18 a 19),8852,0,0.0,True,Quindío
63,2017,DANE_2005_2017,Hombre,(20 a 24),22263,10,44.91757624758568,False,Quindío
63,2017,DANE_2005_2017,Hombre,(25 a 29),19913,4,20.08738010345001,True,Quindío
63,2017,DANE_2005_2017,Hombre,(30 a 34),18088,1,5.528527200353826,True,Quindío
63,2017,DANE_2005_2017,Hombre,(35 a 39),17663,4,22.646209590669763,True,Quindío
63,2017,DANE_2005_2017,Hombre,(40 a 44),15754,3,19.042782785324363,True,Quindío
63,2017,DANE_2005_2017,Hombre,(45 a 49),16192,1,6.17588932806324,True,Quindío
63,2017,DANE_2005_2017,Hombre,(50 a 54),16724,7,41.856015307342744,False,Quindío
63,2017,DANE_2005_2017,Hombre,(55 a 59),15546,5,32.162614177280325,False,Quindío
63,2017,DANE_2005_2017,Hombre,(60 a 64),13553,3,22.13532059322659,True,Quindío
63,2017,DANE_2005_2017,Hombre,(65 a 69),10658,4,37.53049352598987,True,Quindío
63,2017,DANE_2005_2017,Hombre,(70 a 74),7760,1,12.88659793814433,True,Quindío
63,2017,DANE_2005_2017,Hombre,(75 a 79),5113,0,0.0,True,Quindío
63,2017,DANE_2005_2017,Hombre,(80 y más),6270,0,0.0,True,Quindío
63,2017,DANE_2005_2017,Mujer,(05 a 09),15497,0,0.0,True,Quindío
63,2017,DANE_2005_2017,Mujer,(10 a 14),17780,3,16.87289088863892,True,Quindío
63,2017,DANE_2005_2017,Mujer,(15 a 17),12296,0,0.0,True,Quindío
63,2017,DANE_2005_2017,Mujer,(18 a 19),8706,0,0.0,True,Quindío
63,2017,DANE_2005_2017,Mujer,(20 a 24),22251,2,8.988360073704552,True,Quindío
63,2017,DANE_2005_2017,Mujer,(25 a 29),20559,2,9.728099615740065,True,Quindío
63,2017,DANE_2005_2017,Mujer,(30 a 34),19268,0,0.0,True,Quindío
63,2017,DANE_2005_2017,Mujer,(35 a 39),19244,0,0.0,True,Quindío
63,2017,DANE_2005_2017,Mujer,(40 a 44),17812,0,0.0,True,Quindío
63,2017,DANE_2005_2017,Mujer,(45 a 49),18992,0,0.0,True,Quindío
63,2017,DANE_2005_2017,Mujer,(50 a 54),19805,0,0.0,True,Quindío
63,2017,DANE_2005_2017,Mujer,(55 a 59),18440,0,0.0,True,Quindío
63,2017,DANE_2005_2017,Mujer,(60 a 64),15883,1,6.296039790971479,True,Quindío
63,2017,DANE_2005_2017,Mujer,(65 a 69),12266,0,0.0,True,Quindío
63,2017,DANE_2005_2017,Mujer,(70 a 74),8979,0,0.0,True,Quindío
63,2017,DANE_2005_2017,Mujer,(75 a 79),5927,0,0.0,True,Quindío
63,2017,DANE_2005_2017,Mujer,(80 y más),7581,0,0.0,True,Quindío
63,2018,DANE_2018_2050,Hombre,(05 a 09),18044,0,0.0,True,Quindío
63,2018,DANE_2018_2050,Hombre,(10 a 14),19860,2,10.070493454179255,True,Quindío
63,2018,DANE_2018_2050,Hombre,(15 a 17),12872,2,15.537600994406462,True,Quindío
63,2018,DANE_2018_2050,Hombre,(18 a 19),8600,3,34.883720930232556,True,Quindío
63,2018,DANE_2018_2050,Hombre,(20 a 24),21325,8,37.51465416178195,False,Quindío
63,2018,DANE_2018_2050,Hombre,(25 a 29),19499,0,0.0,True,Quindío
63,2018,DANE_2018_2050,Hombre,(30 a 34),17115,3,17.5284837861525,True,Quindío
63,2018,DANE_2018_2050,Hombre,(35 a 39),17042,5,29.339279427297267,False,Quindío
63,2018,DANE_2018_2050,Hombre,(40 a 44),15565,1,6.424670735624799,True,Quindío
63,2018,DANE_2018_2050,Hombre,(45 a 49),15791,3,18.998163510860618,True,Quindío
63,2018,DANE_2018_2050,Hombre,(50 a 54),16369,3,18.327326043130306,True,Quindío
63,2018,DANE_2018_2050,Hombre,(55 a 59),15385,9,58.498537536561585,False,Quindío
63,2018,DANE_2018_2050,Hombre,(60 a 64),13634,2,14.669209329617132,True,Quindío
63,2018,DANE_2018_2050,Hombre,(65 a 69),11205,4,35.698348951361,True,Quindío
63,2018,DANE_2018_2050,Hombre,(70 a 74),8400,2,23.80952380952381,True,Quindío
63,2018,DANE_2018_2050,Hombre,(75 a 79),5888,2,33.96739130434783,True,Quindío
63,2018,DANE_2018_2050,Hombre,(80 y más),7194,0,0.0,True,Quindío
63,2018,DANE_2018_2050,Mujer,(05 a 09),17175,0,0.0,True,Quindío
63,2018,DANE_2018_2050,Mujer,(10 a 14),18818,0,0.0,True,Quindío
63,2018,DANE_2018_2050,Mujer,(15 a 17),12387,2,16.14595947364172,True,Quindío
63,2018,DANE_2018_2050,Mujer,(18 a 19),8681,0,0.0,True,Quindío
63,2018,DANE_2018_2050,Mujer,(20 a 24),21638,1,4.621499214345134,True,Quindío
63,2018,DANE_2018_2050,Mujer,(25 a 29),20217,0,0.0,True,Quindío
63,2018,DANE_2018_2050,Mujer,(30 a 34),18623,0,0.0,True,Quindío
63,2018,DANE_2018_2050,Mujer,(35 a 39),18932,3,15.846186351151488,True,Quindío
63,2018,DANE_2018_2050,Mujer,(40 a 44),17287,0,0.0,True,Quindío
63,2018,DANE_2018_2050,Mujer,(45 a 49),17970,1,5.564830272676683,True,Quindío
63,2018,DANE_2018_2050,Mujer,(50 a 54),18906,1,5.289326139849782,True,Quindío
63,2018,DANE_2018_2050,Mujer,(55 a 59),17987,0,0.0,True,Quindío
63,2018,DANE_2018_2050,Mujer,(60 a 64),16135,0,0.0,True,Quindío
63,2018,DANE_2018_2050,Mujer,(65 a 69),12939,0,0.0,True,Quindío
63,2018,DANE_2018_2050,Mujer,(70 a 74),9639,0,0.0,True,Quindío
63,2018,DANE_2018_2050,Mujer,(75 a 79),6936,0,0.0,True,Quindío
63,2018,DANE_2018_2050,Mujer,(80 y más),8971,0,0.0,True,Quindío
63,2019,DANE_2018_2050,Hombre,(05 a 09),17804,0,0.0,True,Quindío
63,2019,DANE_2018_2050,Hombre,(10 a 14),19617,1,5.09761941173472,True,Quindío
63,2019,DANE_2018_2050,Hombre,(15 a 17),12766,1,7.833307222309259,True,Quindío
63,2019,DANE_2018_2050,Hombre,(18 a 19),8767,2,22.812820805292574,True,Quindío
63,2019,DANE_2018_2050,Hombre,(20 a 24),21554,5,23.197550338684234,False,Quindío
63,2019,DANE_2018_2050,Hombre,(25 a 29),20167,2,9.917191451380969,True,Quindío
63,2019,DANE_2018_2050,Hombre,(30 a 34),17532,2,11.407711613050422,True,Quindío
63,2019,DANE_2018_2050,Hombre,(35 a 39),17148,2,11.663167716351762,True,Quindío
63,2019,DANE_2018_2050,Hombre,(40 a 44),15940,2,12.547051442910915,True,Quindío
63,2019,DANE_2018_2050,Hombre,(45 a 49),15601,1,6.409845522722902,True,Quindío
63,2019,DANE_2018_2050,Hombre,(50 a 54),16335,0,0.0,True,Quindío
63,2019,DANE_2018_2050,Hombre,(55 a 59),15614,3,19.213526322531063,True,Quindío
63,2019,DANE_2018_2050,Hombre,(60 a 64),13767,1,7.263746640517178,True,Quindío
63,2019,DANE_2018_2050,Hombre,(65 a 69),11527,2,17.35056823110957,True,Quindío
63,2019,DANE_2018_2050,Hombre,(70 a 74),8618,1,11.603620329542817,True,Quindío
63,2019,DANE_2018_2050,Hombre,(75 a 79),5955,1,16.79261125104954,True,Quindío
63,2019,DANE_2018_2050,Hombre,(80 y más),7248,2,27.59381898454746,True,Quindío
63,2019,DANE_2018_2050,Mujer,(05 a 09),16956,0,0.0,True,Quindío
63,2019,DANE_2018_2050,Mujer,(10 a 14),18577,1,5.383000484470044,True,Quindío
63,2019,DANE_2018_2050,Mujer,(15 a 17),12239,1,8.170602173380178,True,Quindío
63,2019,DANE_2018_2050,Mujer,(18 a 19),8632,2,23.169601482854496,True,Quindío
63,2019,DANE_2018_2050,Mujer,(20 a 24),21954,5,22.774892958003097,False,Quindío
63,2019,DANE_2018_2050,Mujer,(25 a 29),20744,2,9.641342074816814,True,Quindío
63,2019,DANE_2018_2050,Mujer,(30 a 34),18857,1,5.30307047780665,True,Quindío
63,2019,DANE_2018_2050,Mujer,(35 a 39),19040,1,5.2521008403361344,True,Quindío
63,2019,DANE_2018_2050,Mujer,(40 a 44),17714,0,0.0,True,Quindío
63,2019,DANE_2018_2050,Mujer,(45 a 49),17654,0,0.0,True,Quindío
63,2019,DANE_2018_2050,Mujer,(50 a 54),18828,0,0.0,True,Quindío
63,2019,DANE_2018_2050,Mujer,(55 a 59),18214,1,5.490282200505106,True,Quindío
63,2019,DANE_2018_2050,Mujer,(60 a 64),16436,0,0.0,True,Quindío
63,2019,DANE_2018_2050,Mujer,(65 a 69),13438,0,0.0,True,Quindío
63,2019,DANE_2018_2050,Mujer,(70 a 74),10006,0,0.0,True,Quindío
63,2019,DANE_2018_2050,Mujer,(75 a 79),7092,0,0.0,True,Quindío
63,2019,DANE_2018_2050,Mujer,(80 y más),9134,0,0.0,True,Quindío
63,2020,DANE_2018_2050,Hombre,(05 a 09),17601,0,0.0,True,Quindío
63,2020,DANE_2018_2050,Hombre,(10 a 14),19347,1,5.168760014472528,True,Quindío
63,2020,DANE_2018_2050,Hombre,(15 a 17),12631,1,7.917029530520149,True,Quindío
63,2020,DANE_2018_2050,Hombre,(18 a 19),8854,1,11.294330246216399,True,Quindío
63,2020,DANE_2018_2050,Hombre,(20 a 24),21808,13,59.61115187087308,False,Quindío
63,2020,DANE_2018_2050,Hombre,(25 a 29),20807,4,19.224299514586438,True,Quindío
63,2020,DANE_2018_2050,Hombre,(30 a 34),18067,1,5.534953229645209,True,Quindío
63,2020,DANE_2018_2050,Hombre,(35 a 39),17204,1,5.812601720530109,True,Quindío
63,2020,DANE_2018_2050,Hombre,(40 a 44),16415,3,18.275967103259216,True,Quindío
63,2020,DANE_2018_2050,Hombre,(45 a 49),15475,3,19.38610662358643,True,Quindío
63,2020,DANE_2018_2050,Hombre,(50 a 54),16246,2,12.310722639418936,True,Quindío
63,2020,DANE_2018_2050,Hombre,(55 a 59),15835,4,25.260498894853175,True,Quindío
63,2020,DANE_2018_2050,Hombre,(60 a 64),13909,1,7.189589474441009,True,Quindío
63,2020,DANE_2018_2050,Hombre,(65 a 69),11842,2,16.889039013680122,True,Quindío
63,2020,DANE_2018_2050,Hombre,(70 a 74),8832,1,11.322463768115941,True,Quindío
63,2020,DANE_2018_2050,Hombre,(75 a 79),6057,1,16.50982334489021,True,Quindío
63,2020,DANE_2018_2050,Hombre,(80 y más),7351,1,13.603591348115902,True,Quindío
63,2020,DANE_2018_2050,Mujer,(05 a 09),16761,0,0.0,True,Quindío
63,2020,DANE_2018_2050,Mujer,(10 a 14),18354,0,0.0,True,Quindío
63,2020,DANE_2018_2050,Mujer,(15 a 17),12076,0,0.0,True,Quindío
63,2020,DANE_2018_2050,Mujer,(18 a 19),8562,0,0.0,True,Quindío
63,2020,DANE_2018_2050,Mujer,(20 a 24),22215,0,0.0,True,Quindío
63,2020,DANE_2018_2050,Mujer,(25 a 29),21237,0,0.0,True,Quindío
63,2020,DANE_2018_2050,Mujer,(30 a 34),19238,0,0.0,True,Quindío
63,2020,DANE_2018_2050,Mujer,(35 a 39),19039,0,0.0,True,Quindío
63,2020,DANE_2018_2050,Mujer,(40 a 44),18247,0,0.0,True,Quindío
63,2020,DANE_2018_2050,Mujer,(45 a 49),17391,0,0.0,True,Quindío
63,2020,DANE_2018_2050,Mujer,(50 a 54),18721,0,0.0,True,Quindío
63,2020,DANE_2018_2050,Mujer,(55 a 59),18395,0,0.0,True,Quindío
63,2020,DANE_2018_2050,Mujer,(60 a 64),16701,0,0.0,True,Quindío
63,2020,DANE_2018_2050,Mujer,(65 a 69),13942,0,0.0,True,Quindío
63,2020,DANE_2018_2050,Mujer,(70 a 74),10418,0,0.0,True,Quindío
63,2020,DANE_2018_2050,Mujer,(75 a 79),7294,0,0.0,True,Quindío
63,2020,DANE_2018_2050,Mujer,(80 y más),9332,0,0.0,True,Quindío
63,2021,DANE_2018_2050,Hombre,(05 a 09),17423,0,0.0,True,Quindío
63,2021,DANE_2018_2050,Hombre,(10 a 14),19060,0,0.0,True,Quindío
63,2021,DANE_2018_2050,Hombre,(15 a 17),12524,3,23.95400830405621,True,Quindío
63,2021,DANE_2018_2050,Hombre,(18 a 19),8803,4,45.439054867658754,True,Quindío
63,2021,DANE_2018_2050,Hombre,(20 a 24),22102,4,18.09790969143064,True,Quindío
63,2021,DANE_2018_2050,Hombre,(25 a 29),21285,0,0.0,True,Quindío
63,2021,DANE_2018_2050,Hombre,(30 a 34),18623,4,21.478816517209903,True,Quindío
63,2021,DANE_2018_2050,Hombre,(35 a 39),17262,5,28.965357432510718,False,Quindío
63,2021,DANE_2018_2050,Hombre,(40 a 44),16852,0,0.0,True,Quindío
63,2021,DANE_2018_2050,Hombre,(45 a 49),15438,3,19.4325689856199,True,Quindío
63,2021,DANE_2018_2050,Hombre,(50 a 54),16146,3,18.58045336306206,True,Quindío
63,2021,DANE_2018_2050,Hombre,(55 a 59),15970,1,6.261740763932373,True,Quindío
63,2021,DANE_2018_2050,Hombre,(60 a 64),14129,3,21.232925189326917,True,Quindío
63,2021,DANE_2018_2050,Hombre,(65 a 69),12089,0,0.0,True,Quindío
63,2021,DANE_2018_2050,Hombre,(70 a 74),9039,1,11.063170704723975,True,Quindío
63,2021,DANE_2018_2050,Hombre,(75 a 79),6159,1,16.23640201331385,True,Quindío
63,2021,DANE_2018_2050,Hombre,(80 y más),7307,0,0.0,True,Quindío
63,2021,DANE_2018_2050,Mujer,(05 a 09),16569,0,0.0,True,Quindío
63,2021,DANE_2018_2050,Mujer,(10 a 14),18167,2,11.008972312434635,True,Quindío
63,2021,DANE_2018_2050,Mujer,(15 a 17),11939,1,8.375910880308233,True,Quindío
63,2021,DANE_2018_2050,Mujer,(18 a 19),8481,1,11.791062374719962,True,Quindío
63,2021,DANE_2018_2050,Mujer,(20 a 24),22333,0,0.0,True,Quindío
63,2021,DANE_2018_2050,Mujer,(25 a 29),21646,0,0.0,True,Quindío
63,2021,DANE_2018_2050,Mujer,(30 a 34),19690,0,0.0,True,Quindío
63,2021,DANE_2018_2050,Mujer,(35 a 39),19043,1,5.2512734338076985,True,Quindío
63,2021,DANE_2018_2050,Mujer,(40 a 44),18752,0,0.0,True,Quindío
63,2021,DANE_2018_2050,Mujer,(45 a 49),17281,0,0.0,True,Quindío
63,2021,DANE_2018_2050,Mujer,(50 a 54),18537,0,0.0,True,Quindío
63,2021,DANE_2018_2050,Mujer,(55 a 59),18555,0,0.0,True,Quindío
63,2021,DANE_2018_2050,Mujer,(60 a 64),16916,2,11.823126034523527,True,Quindío
63,2021,DANE_2018_2050,Mujer,(65 a 69),14436,0,0.0,True,Quindío
63,2021,DANE_2018_2050,Mujer,(70 a 74),10817,0,0.0,True,Quindío
63,2021,DANE_2018_2050,Mujer,(75 a 79),7502,0,0.0,True,Quindío
63,2021,DANE_2018_2050,Mujer,(80 y más),9413,0,0.0,True,Quindío
63,2022,DANE_2018_2050,Hombre,(05 a 09),17176,1,5.822077317186772,True,Quindío
63,2022,DANE_2018_2050,Hombre,(10 a 14),18747,2,10.668373606443698,True,Quindío
63,2022,DANE_2018_2050,Hombre,(15 a 17),12394,2,16.13684040664838,True,Quindío
63,2022,DANE_2018_2050,Hombre,(18 a 19),8678,4,46.09356994699239,True,Quindío
63,2022,DANE_2018_2050,Hombre,(20 a 24),22254,5,22.467870944549293,False,Quindío
63,2022,DANE_2018_2050,Hombre,(25 a 29),21548,4,18.563207722294415,True,Quindío
63,2022,DANE_2018_2050,Hombre,(30 a 34),19155,1,5.220569042025581,True,Quindío
63,2022,DANE_2018_2050,Hombre,(35 a 39),17345,1,5.765350245027386,True,Quindío
63,2022,DANE_2018_2050,Hombre,(40 a 44),17151,2,11.661127631041921,True,Quindío
63,2022,DANE_2018_2050,Hombre,(45 a 49),15482,0,0.0,True,Quindío
63,2022,DANE_2018_2050,Hombre,(50 a 54),15961,5,31.326357997619194,False,Quindío
63,2022,DANE_2018_2050,Hombre,(55 a 59),16029,3,18.716077110237695,True,Quindío
63,2022,DANE_2018_2050,Hombre,(60 a 64),14326,2,13.96063102052213,True,Quindío
63,2022,DANE_2018_2050,Hombre,(65 a 69),12266,2,16.305233980107616,True,Quindío
63,2022,DANE_2018_2050,Hombre,(70 a 74),9242,2,21.64033758926639,True,Quindío
63,2022,DANE_2018_2050,Hombre,(75 a 79),6277,1,15.931177314003504,True,Quindío
63,2022,DANE_2018_2050,Hombre,(80 y más),7217,1,13.856172925038104,True,Quindío
63,2022,DANE_2018_2050,Mujer,(05 a 09),16356,0,0.0,True,Quindío
63,2022,DANE_2018_2050,Mujer,(10 a 14),17891,0,0.0,True,Quindío
63,2022,DANE_2018_2050,Mujer,(15 a 17),11801,0,0.0,True,Quindío
63,2022,DANE_2018_2050,Mujer,(18 a 19),8338,0,0.0,True,Quindío
63,2022,DANE_2018_2050,Mujer,(20 a 24),22268,0,0.0,True,Quindío
63,2022,DANE_2018_2050,Mujer,(25 a 29),21885,0,0.0,True,Quindío
63,2022,DANE_2018_2050,Mujer,(30 a 34),20107,0,0.0,True,Quindío
63,2022,DANE_2018_2050,Mujer,(35 a 39),19007,1,5.261219550691851,True,Quindío
63,2022,DANE_2018_2050,Mujer,(40 a 44),19117,0,0.0,True,Quindío
63,2022,DANE_2018_2050,Mujer,(45 a 49),17324,0,0.0,True,Quindío
63,2022,DANE_2018_2050,Mujer,(50 a 54),18284,0,0.0,True,Quindío
63,2022,DANE_2018_2050,Mujer,(55 a 59),18590,0,0.0,True,Quindío
63,2022,DANE_2018_2050,Mujer,(60 a 64),17144,0,0.0,True,Quindío
63,2022,DANE_2018_2050,Mujer,(65 a 69),14848,1,6.734913793103448,True,Quindío
63,2022,DANE_2018_2050,Mujer,(70 a 74),11214,0,0.0,True,Quindío
63,2022,DANE_2018_2050,Mujer,(75 a 79),7738,0,0.0,True,Quindío
63,2022,DANE_2018_2050,Mujer,(80 y más),9454,0,0.0,True,Quindío
63,2023,DANE_2018_2050,Hombre,(05 a 09),16889,0,0.0,True,Quindío
63,2023,DANE_2018_2050,Hombre,(10 a 14),18414,0,0.0,True,Quindío
63,2023,DANE_2018_2050,Hombre,(15 a 17),12217,2,16.370631087828436,True,Quindío
63,2023,DANE_2018_2050,Hombre,(18 a 19),8557,3,35.05901601028398,True,Quindío
63,2023,DANE_2018_2050,Hombre,(20 a 24),22260,4,17.969451931716083,True,Quindío
63,2023,DANE_2018_2050,Hombre,(25 a 29),21596,5,23.15243563622893,False,Quindío
63,2023,DANE_2018_2050,Hombre,(30 a 34),19632,5,25.468622656886712,False,Quindío
63,2023,DANE_2018_2050,Hombre,(35 a 39),17453,2,11.4593479631009,True,Quindío
63,2023,DANE_2018_2050,Hombre,(40 a 44),17291,3,17.350066508588284,True,Quindío
63,2023,DANE_2018_2050,Hombre,(45 a 49),15624,1,6.400409626216078,True,Quindío
63,2023,DANE_2018_2050,Hombre,(50 a 54),15733,3,19.068200597470284,True,Quindío
63,2023,DANE_2018_2050,Hombre,(55 a 59),15982,1,6.257039169065198,True,Quindío
63,2023,DANE_2018_2050,Hombre,(60 a 64),14561,2,13.73532037634778,True,Quindío
63,2023,DANE_2018_2050,Hombre,(65 a 69),12370,0,0.0,True,Quindío
63,2023,DANE_2018_2050,Hombre,(70 a 74),9493,0,0.0,True,Quindío
63,2023,DANE_2018_2050,Hombre,(75 a 79),6410,0,0.0,True,Quindío
63,2023,DANE_2018_2050,Hombre,(80 y más),7155,3,41.92872117400419,True,Quindío
63,2023,DANE_2018_2050,Mujer,(05 a 09),16095,0,0.0,True,Quindío
63,2023,DANE_2018_2050,Mujer,(10 a 14),17603,1,5.680849855138328,True,Quindío
63,2023,DANE_2018_2050,Mujer,(15 a 17),11629,1,8.599191675982457,True,Quindío
63,2023,DANE_2018_2050,Mujer,(18 a 19),8187,0,0.0,True,Quindío
63,2023,DANE_2018_2050,Mujer,(20 a 24),21963,1,4.553112052087601,True,Quindío
63,2023,DANE_2018_2050,Mujer,(25 a 29),22021,3,13.623359520457745,True,Quindío
63,2023,DANE_2018_2050,Mujer,(30 a 34),20442,1,4.891889247627433,True,Quindío
63,2023,DANE_2018_2050,Mujer,(35 a 39),18992,0,0.0,True,Quindío
63,2023,DANE_2018_2050,Mujer,(40 a 44),19287,0,0.0,True,Quindío
63,2023,DANE_2018_2050,Mujer,(45 a 49),17507,0,0.0,True,Quindío
63,2023,DANE_2018_2050,Mujer,(50 a 54),17936,1,5.575379125780553,True,Quindío
63,2023,DANE_2018_2050,Mujer,(55 a 59),18560,0,0.0,True,Quindío
63,2023,DANE_2018_2050,Mujer,(60 a 64),17355,0,0.0,True,Quindío
63,2023,DANE_2018_2050,Mujer,(65 a 69),15193,1,6.58197854274995,True,Quindío
63,2023,DANE_2018_2050,Mujer,(70 a 74),11621,0,0.0,True,Quindío
63,2023,DANE_2018_2050,Mujer,(75 a 79),7997,0,0.0,True,Quindío
63,2023,DANE_2018_2050,Mujer,(80 y más),9545,0,0.0,True,Quindío
63,2024,DANE_2018_2050,Hombre,(05 a 09),16679,0,0.0,True,Quindío
63,2024,DANE_2018_2050,Hombre,(10 a 14),18119,0,0.0,True,Quindío
63,2024,DANE_2018_2050,Hombre,(15 a 17),12012,1,8.325008325008325,True,Quindío
63,2024,DANE_2018_2050,Hombre,(18 a 19),8466,3,35.43586109142452,True,Quindío
63,2024,DANE_2018_2050,Hombre,(20 a 24),22196,3,13.515948819607136,True,Quindío
63,2024,DANE_2018_2050,Hombre,(25 a 29),21640,5,23.10536044362292,False,Quindío
63,2024,DANE_2018_2050,Hombre,(30 a 34),20121,4,19.879727647731226,True,Quindío
63,2024,DANE_2018_2050,Hombre,(35 a 39),17735,1,5.638567803777841,True,Quindío
63,2024,DANE_2018_2050,Hombre,(40 a 44),17325,3,17.316017316017316,True,Quindío
63,2024,DANE_2018_2050,Hombre,(45 a 49),15955,0,0.0,True,Quindío
63,2024,DANE_2018_2050,Hombre,(50 a 54),15529,5,32.19782342713633,False,Quindío
63,2024,DANE_2018_2050,Hombre,(55 a 59),15947,1,6.270771932024832,True,Quindío
63,2024,DANE_2018_2050,Hombre,(60 a 64),14807,1,6.7535625042209775,True,Quindío
63,2024,DANE_2018_2050,Hombre,(65 a 69),12535,6,47.865975269246114,False,Quindío
63,2024,DANE_2018_2050,Hombre,(70 a 74),9799,5,51.02561485865905,False,Quindío
63,2024,DANE_2018_2050,Hombre,(75 a 79),6614,0,0.0,True,Quindío
63,2024,DANE_2018_2050,Hombre,(80 y más),7311,2,27.356038845575164,True,Quindío
63,2024,DANE_2018_2050,Mujer,(05 a 09),15886,0,0.0,True,Quindío
63,2024,DANE_2018_2050,Mujer,(10 a 14),17328,0,0.0,True,Quindío
63,2024,DANE_2018_2050,Mujer,(15 a 17),11458,2,17.455053237912377,True,Quindío
63,2024,DANE_2018_2050,Mujer,(18 a 19),8069,0,0.0,True,Quindío
63,2024,DANE_2018_2050,Mujer,(20 a 24),21617,1,4.625988805107092,True,Quindío
63,2024,DANE_2018_2050,Mujer,(25 a 29),22123,0,0.0,True,Quindío
63,2024,DANE_2018_2050,Mujer,(30 a 34),20805,1,4.806536890170633,True,Quindío
63,2024,DANE_2018_2050,Mujer,(35 a 39),19100,1,5.2356020942408374,True,Quindío
63,2024,DANE_2018_2050,Mujer,(40 a 44),19331,0,0.0,True,Quindío
63,2024,DANE_2018_2050,Mujer,(45 a 49),17877,0,0.0,True,Quindío
63,2024,DANE_2018_2050,Mujer,(50 a 54),17622,0,0.0,True,Quindío
63,2024,DANE_2018_2050,Mujer,(55 a 59),18480,0,0.0,True,Quindío
63,2024,DANE_2018_2050,Mujer,(60 a 64),17588,0,0.0,True,Quindío
63,2024,DANE_2018_2050,Mujer,(65 a 69),15500,0,0.0,True,Quindío
63,2024,DANE_2018_2050,Mujer,(70 a 74),12088,0,0.0,True,Quindío
63,2024,DANE_2018_2050,Mujer,(75 a 79),8326,0,0.0,True,Quindío
63,2024,DANE_2018_2050,Mujer,(80 y más),9794,0,0.0,True,Quindío
66,2015,DANE_2005_2017,Hombre,(05 a 09),32697,0,0.0,True,Risaralda
66,2015,DANE_2005_2017,Hombre,(10 a 14),35870,1,2.7878449958182325,True,Risaralda
66,2015,DANE_2005_2017,Hombre,(15 a 17),23028,3,13.027618551328816,True,Risaralda
66,2015,DANE_2005_2017,Hombre,(18 a 19),15714,2,12.727504136438844,True,Risaralda
66,2015,DANE_2005_2017,Hombre,(20 a 24),39179,6,15.314326552489854,False,Risaralda
66,2015,DANE_2005_2017,Hombre,(25 a 29),35306,7,19.826658358352688,False,Risaralda
66,2015,DANE_2005_2017,Hombre,(30 a 34),33510,2,5.968367651447329,True,Risaralda
66,2015,DANE_2005_2017,Hombre,(35 a 39),29918,2,6.68493883280968,True,Risaralda
66,2015,DANE_2005_2017,Hombre,(40 a 44),27244,1,3.670532961385993,True,Risaralda
66,2015,DANE_2005_2017,Hombre,(45 a 49),28080,5,17.806267806267808,False,Risaralda
66,2015,DANE_2005_2017,Hombre,(50 a 54),26897,5,18.58943376584749,False,Risaralda
66,2015,DANE_2005_2017,Hombre,(55 a 59),24325,4,16.44398766700925,True,Risaralda
66,2015,DANE_2005_2017,Hombre,(60 a 64),20090,3,14.932802389248383,True,Risaralda
66,2015,DANE_2005_2017,Hombre,(65 a 69),15485,2,12.915724895059736,True,Risaralda
66,2015,DANE_2005_2017,Hombre,(70 a 74),10995,4,36.38017280582083,True,Risaralda
66,2015,DANE_2005_2017,Hombre,(75 a 79),7091,0,0.0,True,Risaralda
66,2015,DANE_2005_2017,Hombre,(80 y más),8505,0,0.0,True,Risaralda
66,2015,DANE_2005_2017,Mujer,(05 a 09),30898,0,0.0,True,Risaralda
66,2015,DANE_2005_2017,Mujer,(10 a 14),34580,2,5.78368999421631,True,Risaralda
66,2015,DANE_2005_2017,Mujer,(15 a 17),22749,3,13.187392852433074,True,Risaralda
66,2015,DANE_2005_2017,Mujer,(18 a 19),15667,1,6.382842918235783,True,Risaralda
66,2015,DANE_2005_2017,Mujer,(20 a 24),39676,2,5.040830728904123,True,Risaralda
66,2015,DANE_2005_2017,Mujer,(25 a 29),36277,0,0.0,True,Risaralda
66,2015,DANE_2005_2017,Mujer,(30 a 34),35545,2,5.626670417780279,True,Risaralda
66,2015,DANE_2005_2017,Mujer,(35 a 39),32638,0,0.0,True,Risaralda
66,2015,DANE_2005_2017,Mujer,(40 a 44),30813,1,3.2453834420536785,True,Risaralda
66,2015,DANE_2005_2017,Mujer,(45 a 49),32894,0,0.0,True,Risaralda
66,2015,DANE_2005_2017,Mujer,(50 a 54),32238,0,0.0,True,Risaralda
66,2015,DANE_2005_2017,Mujer,(55 a 59),29293,0,0.0,True,Risaralda
66,2015,DANE_2005_2017,Mujer,(60 a 64),23998,0,0.0,True,Risaralda
66,2015,DANE_2005_2017,Mujer,(65 a 69),18524,0,0.0,True,Risaralda
66,2015,DANE_2005_2017,Mujer,(70 a 74),13356,0,0.0,True,Risaralda
66,2015,DANE_2005_2017,Mujer,(75 a 79),8751,0,0.0,True,Risaralda
66,2015,DANE_2005_2017,Mujer,(80 y más),11147,0,0.0,True,Risaralda
66,2016,DANE_2005_2017,Hombre,(05 a 09),32293,0,0.0,True,Risaralda
66,2016,DANE_2005_2017,Hombre,(10 a 14),35171,2,5.6865030849279234,True,Risaralda
66,2016,DANE_2005_2017,Hombre,(15 a 17),22664,0,0.0,True,Risaralda
66,2016,DANE_2005_2017,Hombre,(18 a 19),15525,3,19.32367149758454,True,Risaralda
66,2016,DANE_2005_2017,Hombre,(20 a 24),38922,10,25.692410461949542,False,Risaralda
66,2016,DANE_2005_2017,Hombre,(25 a 29),35637,6,16.836434043269637,False,Risaralda
66,2016,DANE_2005_2017,Hombre,(30 a 34),33216,2,6.021194605009634,True,Risaralda
66,2016,DANE_2005_2017,Hombre,(35 a 39),30824,5,16.22112639501687,False,Risaralda
66,2016,DANE_2005_2017,Hombre,(40 a 44),27176,4,14.718869590815427,True,Risaralda
66,2016,DANE_2005_2017,Hombre,(45 a 49),27776,6,21.601382488479263,False,Risaralda
66,2016,DANE_2005_2017,Hombre,(50 a 54),27188,3,11.034279829336471,True,Risaralda
66,2016,DANE_2005_2017,Hombre,(55 a 59),24576,2,8.138020833333332,True,Risaralda
66,2016,DANE_2005_2017,Hombre,(60 a 64),20877,2,9.57992048665996,True,Risaralda
66,2016,DANE_2005_2017,Hombre,(65 a 69),15962,3,18.794637263500814,True,Risaralda
66,2016,DANE_2005_2017,Hombre,(70 a 74),11555,0,0.0,True,Risaralda
66,2016,DANE_2005_2017,Hombre,(75 a 79),7410,0,0.0,True,Risaralda
66,2016,DANE_2005_2017,Hombre,(80 y más),8806,1,11.355893708834886,True,Risaralda
66,2016,DANE_2005_2017,Mujer,(05 a 09),30529,0,0.0,True,Risaralda
66,2016,DANE_2005_2017,Mujer,(10 a 14),33803,2,5.916634618229152,True,Risaralda
66,2016,DANE_2005_2017,Mujer,(15 a 17),22352,1,4.473872584108804,True,Risaralda
66,2016,DANE_2005_2017,Mujer,(18 a 19),15479,3,19.381096970088507,True,Risaralda
66,2016,DANE_2005_2017,Mujer,(20 a 24),39549,1,2.528508938279097,True,Risaralda
66,2016,DANE_2005_2017,Mujer,(25 a 29),36972,0,0.0,True,Risaralda
66,2016,DANE_2005_2017,Mujer,(30 a 34),35373,1,2.8270149549091115,True,Risaralda
66,2016,DANE_2005_2017,Mujer,(35 a 39),33761,0,0.0,True,Risaralda
66,2016,DANE_2005_2017,Mujer,(40 a 44),30626,2,6.5303990073793505,True,Risaralda
66,2016,DANE_2005_2017,Mujer,(45 a 49),32467,0,0.0,True,Risaralda
66,2016,DANE_2005_2017,Mujer,(50 a 54),32641,0,0.0,True,Risaralda
66,2016,DANE_2005_2017,Mujer,(55 a 59),29792,0,0.0,True,Risaralda
66,2016,DANE_2005_2017,Mujer,(60 a 64),25170,0,0.0,True,Risaralda
66,2016,DANE_2005_2017,Mujer,(65 a 69),19224,0,0.0,True,Risaralda
66,2016,DANE_2005_2017,Mujer,(70 a 74),14155,0,0.0,True,Risaralda
66,2016,DANE_2005_2017,Mujer,(75 a 79),9256,0,0.0,True,Risaralda
66,2016,DANE_2005_2017,Mujer,(80 y más),11703,0,0.0,True,Risaralda
66,2017,DANE_2005_2017,Hombre,(05 a 09),32045,0,0.0,True,Risaralda
66,2017,DANE_2005_2017,Hombre,(10 a 14),34526,3,8.689103863754852,True,Risaralda
66,2017,DANE_2005_2017,Hombre,(15 a 17),22325,2,8.958566629339305,True,Risaralda
66,2017,DANE_2005_2017,Hombre,(18 a 19),15320,2,13.054830287206267,True,Risaralda
66,2017,DANE_2005_2017,Hombre,(20 a 24),38497,6,15.585630049094734,False,Risaralda
66,2017,DANE_2005_2017,Hombre,(25 a 29),35962,7,19.464990823647184,False,Risaralda
66,2017,DANE_2005_2017,Hombre,(30 a 34),32904,3,9.11743253099927,True,Risaralda
66,2017,DANE_2005_2017,Hombre,(35 a 39),31647,5,15.799285872278572,False,Risaralda
66,2017,DANE_2005_2017,Hombre,(40 a 44),27362,3,10.96411081061326,True,Risaralda
66,2017,DANE_2005_2017,Hombre,(45 a 49),27456,5,18.210955710955712,False,Risaralda
66,2017,DANE_2005_2017,Hombre,(50 a 54),27385,6,21.909804637575316,False,Risaralda
66,2017,DANE_2005_2017,Hombre,(55 a 59),24842,5,20.127203928830205,False,Risaralda
66,2017,DANE_2005_2017,Hombre,(60 a 64),21594,2,9.261831990367696,True,Risaralda
66,2017,DANE_2005_2017,Hombre,(65 a 69),16502,3,18.179614592170648,True,Risaralda
66,2017,DANE_2005_2017,Hombre,(70 a 74),12104,2,16.523463317911432,True,Risaralda
66,2017,DANE_2005_2017,Hombre,(75 a 79),7769,0,0.0,True,Risaralda
66,2017,DANE_2005_2017,Hombre,(80 y más),9124,3,32.88031565103025,True,Risaralda
66,2017,DANE_2005_2017,Mujer,(05 a 09),30318,0,0.0,True,Risaralda
66,2017,DANE_2005_2017,Mujer,(10 a 14),33110,0,0.0,True,Risaralda
66,2017,DANE_2005_2017,Mujer,(15 a 17),21934,0,0.0,True,Risaralda
66,2017,DANE_2005_2017,Mujer,(18 a 19),15266,0,0.0,True,Risaralda
66,2017,DANE_2005_2017,Mujer,(20 a 24),39202,0,0.0,True,Risaralda
66,2017,DANE_2005_2017,Mujer,(25 a 29),37647,3,7.96876245119133,True,Risaralda
66,2017,DANE_2005_2017,Mujer,(30 a 34),35273,0,0.0,True,Risaralda
66,2017,DANE_2005_2017,Mujer,(35 a 39),34746,1,2.8780291256547517,True,Risaralda
66,2017,DANE_2005_2017,Mujer,(40 a 44),30745,0,0.0,True,Risaralda
66,2017,DANE_2005_2017,Mujer,(45 a 49),31998,0,0.0,True,Risaralda
66,2017,DANE_2005_2017,Mujer,(50 a 54),32884,0,0.0,True,Risaralda
66,2017,DANE_2005_2017,Mujer,(55 a 59),30258,1,3.3049110978914666,True,Risaralda
66,2017,DANE_2005_2017,Mujer,(60 a 64),26277,0,0.0,True,Risaralda
66,2017,DANE_2005_2017,Mujer,(65 a 69),20008,0,0.0,True,Risaralda
66,2017,DANE_2005_2017,Mujer,(70 a 74),14985,1,6.673340006673341,True,Risaralda
66,2017,DANE_2005_2017,Mujer,(75 a 79),9806,0,0.0,True,Risaralda
66,2017,DANE_2005_2017,Mujer,(80 y más),12297,0,0.0,True,Risaralda
66,2018,DANE_2018_2050,Hombre,(05 a 09),34412,0,0.0,True,Risaralda
66,2018,DANE_2018_2050,Hombre,(10 a 14),37266,1,2.683411152256749,True,Risaralda
66,2018,DANE_2018_2050,Hombre,(15 a 17),23373,1,4.278440936122877,True,Risaralda
66,2018,DANE_2018_2050,Hombre,(18 a 19),15284,2,13.085579691180317,True,Risaralda
66,2018,DANE_2018_2050,Hombre,(20 a 24),37388,11,29.421204664598267,False,Risaralda
66,2018,DANE_2018_2050,Hombre,(25 a 29),34461,8,23.21464844316764,False,Risaralda
66,2018,DANE_2018_2050,Hombre,(30 a 34),30661,8,26.091777828511788,False,Risaralda
66,2018,DANE_2018_2050,Hombre,(35 a 39),30333,4,13.186958098440643,True,Risaralda
66,2018,DANE_2018_2050,Hombre,(40 a 44),27091,2,7.382525561994758,True,Risaralda
66,2018,DANE_2018_2050,Hombre,(45 a 49),26734,5,18.702775491882996,False,Risaralda
66,2018,DANE_2018_2050,Hombre,(50 a 54),26869,6,22.330566824221222,False,Risaralda
66,2018,DANE_2018_2050,Hombre,(55 a 59),24691,6,24.30035235510915,False,Risaralda
66,2018,DANE_2018_2050,Hombre,(60 a 64),21578,2,9.268699601445917,True,Risaralda
66,2018,DANE_2018_2050,Hombre,(65 a 69),17499,1,5.7146122635579175,True,Risaralda
66,2018,DANE_2018_2050,Hombre,(70 a 74),12989,2,15.397644160443454,True,Risaralda
66,2018,DANE_2018_2050,Hombre,(75 a 79),9001,2,22.2197533607377,True,Risaralda
66,2018,DANE_2018_2050,Hombre,(80 y más),10359,0,0.0,True,Risaralda
66,2018,DANE_2018_2050,Mujer,(05 a 09),32903,0,0.0,True,Risaralda
66,2018,DANE_2018_2050,Mujer,(10 a 14),35428,0,0.0,True,Risaralda
66,2018,DANE_2018_2050,Mujer,(15 a 17),22606,3,13.27081305848005,True,Risaralda
66,2018,DANE_2018_2050,Mujer,(18 a 19),15573,2,12.842740640852757,True,Risaralda
66,2018,DANE_2018_2050,Mujer,(20 a 24),38536,2,5.189952252439278,True,Risaralda
66,2018,DANE_2018_2050,Mujer,(25 a 29),36474,2,5.483358008444371,True,Risaralda
66,2018,DANE_2018_2050,Mujer,(30 a 34),33949,1,2.9455948628825595,True,Risaralda
66,2018,DANE_2018_2050,Mujer,(35 a 39),34067,0,0.0,True,Risaralda
66,2018,DANE_2018_2050,Mujer,(40 a 44),30181,2,6.626685663165567,True,Risaralda
66,2018,DANE_2018_2050,Mujer,(45 a 49),30407,0,0.0,True,Risaralda
66,2018,DANE_2018_2050,Mujer,(50 a 54),31406,0,0.0,True,Risaralda
66,2018,DANE_2018_2050,Mujer,(55 a 59),29631,0,0.0,True,Risaralda
66,2018,DANE_2018_2050,Mujer,(60 a 64),26520,1,3.7707390648567123,True,Risaralda
66,2018,DANE_2018_2050,Mujer,(65 a 69),21222,0,0.0,True,Risaralda
66,2018,DANE_2018_2050,Mujer,(70 a 74),15901,0,0.0,True,Risaralda
66,2018,DANE_2018_2050,Mujer,(75 a 79),11500,0,0.0,True,Risaralda
66,2018,DANE_2018_2050,Mujer,(80 y más),14590,0,0.0,True,Risaralda
66,2019,DANE_2018_2050,Hombre,(05 a 09),34174,0,0.0,True,Risaralda
66,2019,DANE_2018_2050,Hombre,(10 a 14),37009,1,2.702045448404442,True,Risaralda
66,2019,DANE_2018_2050,Hombre,(15 a 17),23314,4,17.157073003345626,True,Risaralda
66,2019,DANE_2018_2050,Hombre,(18 a 19),15683,6,38.257986354651536,False,Risaralda
66,2019,DANE_2018_2050,Hombre,(20 a 24),38017,11,28.93442407344083,False,Risaralda
66,2019,DANE_2018_2050,Hombre,(25 a 29),35859,11,30.67570205527204,False,Risaralda
66,2019,DANE_2018_2050,Hombre,(30 a 34),31599,6,18.98794265641318,False,Risaralda
66,2019,DANE_2018_2050,Hombre,(35 a 39),30694,5,16.289828631002802,False,Risaralda
66,2019,DANE_2018_2050,Hombre,(40 a 44),27921,7,25.070735288850685,False,Risaralda
66,2019,DANE_2018_2050,Hombre,(45 a 49),26550,4,15.065913370998116,True,Risaralda
66,2019,DANE_2018_2050,Hombre,(50 a 54),26973,3,11.122233344455568,True,Risaralda
66,2019,DANE_2018_2050,Hombre,(55 a 59),25213,3,11.89862372585571,True,Risaralda
66,2019,DANE_2018_2050,Hombre,(60 a 64),21930,5,22.79981760145919,False,Risaralda
66,2019,DANE_2018_2050,Hombre,(65 a 69),18097,3,16.577333259656296,True,Risaralda
66,2019,DANE_2018_2050,Hombre,(70 a 74),13411,1,7.456565505927969,True,Risaralda
66,2019,DANE_2018_2050,Hombre,(75 a 79),9146,1,10.933741526350317,True,Risaralda
66,2019,DANE_2018_2050,Hombre,(80 y más),10500,0,0.0,True,Risaralda
66,2019,DANE_2018_2050,Mujer,(05 a 09),32675,0,0.0,True,Risaralda
66,2019,DANE_2018_2050,Mujer,(10 a 14),35205,1,2.84050560999858,True,Risaralda
66,2019,DANE_2018_2050,Mujer,(15 a 17),22483,4,17.791220032913756,True,Risaralda
66,2019,DANE_2018_2050,Mujer,(18 a 19),15588,0,0.0,True,Risaralda
66,2019,DANE_2018_2050,Mujer,(20 a 24),39343,2,5.083496428843759,True,Risaralda
66,2019,DANE_2018_2050,Mujer,(25 a 29),37666,1,2.654914246269845,True,Risaralda
66,2019,DANE_2018_2050,Mujer,(30 a 34),34568,3,8.678546632723906,True,Risaralda
66,2019,DANE_2018_2050,Mujer,(35 a 39),34486,0,0.0,True,Risaralda
66,2019,DANE_2018_2050,Mujer,(40 a 44),31108,1,3.2146071750032146,True,Risaralda
66,2019,DANE_2018_2050,Mujer,(45 a 49),30061,2,6.653138618143109,True,Risaralda
66,2019,DANE_2018_2050,Mujer,(50 a 54),31483,1,3.176317377632373,True,Risaralda
66,2019,DANE_2018_2050,Mujer,(55 a 59),30215,0,0.0,True,Risaralda
66,2019,DANE_2018_2050,Mujer,(60 a 64),27191,1,3.6776874701187894,True,Risaralda
66,2019,DANE_2018_2050,Mujer,(65 a 69),22203,1,4.503895869927487,True,Risaralda
66,2019,DANE_2018_2050,Mujer,(70 a 74),16631,0,0.0,True,Risaralda
66,2019,DANE_2018_2050,Mujer,(75 a 79),11854,0,0.0,True,Risaralda
66,2019,DANE_2018_2050,Mujer,(80 y más),14970,0,0.0,True,Risaralda
66,2020,DANE_2018_2050,Hombre,(05 a 09),33984,0,0.0,True,Risaralda
66,2020,DANE_2018_2050,Hombre,(10 a 14),36727,1,2.7227924959838807,True,Risaralda
66,2020,DANE_2018_2050,Hombre,(15 a 17),23206,2,8.618460742911317,True,Risaralda
66,2020,DANE_2018_2050,Hombre,(18 a 19),15954,4,25.072082236429733,True,Risaralda
66,2020,DANE_2018_2050,Hombre,(20 a 24),38721,4,10.330311717156064,True,Risaralda
66,2020,DANE_2018_2050,Hombre,(25 a 29),37247,8,21.478239858243615,False,Risaralda
66,2020,DANE_2018_2050,Hombre,(30 a 34),32763,8,24.417788358819397,False,Risaralda
66,2020,DANE_2018_2050,Hombre,(35 a 39),31005,4,12.901144976616674,True,Risaralda
66,2020,DANE_2018_2050,Hombre,(40 a 44),28892,2,6.922331441229407,True,Risaralda
66,2020,DANE_2018_2050,Hombre,(45 a 49),26499,2,7.547454620929092,True,Risaralda
66,2020,DANE_2018_2050,Hombre,(50 a 54),26985,4,14.823049842505094,True,Risaralda
66,2020,DANE_2018_2050,Hombre,(55 a 59),25702,2,7.781495603454983,True,Risaralda
66,2020,DANE_2018_2050,Hombre,(60 a 64),22294,1,4.485511796896026,True,Risaralda
66,2020,DANE_2018_2050,Hombre,(65 a 69),18695,5,26.74511901577962,False,Risaralda
66,2020,DANE_2018_2050,Hombre,(70 a 74),13817,2,14.474922197293191,True,Risaralda
66,2020,DANE_2018_2050,Hombre,(75 a 79),9362,0,0.0,True,Risaralda
66,2020,DANE_2018_2050,Hombre,(80 y más),10676,1,9.366804046459348,True,Risaralda
66,2020,DANE_2018_2050,Mujer,(05 a 09),32505,0,0.0,True,Risaralda
66,2020,DANE_2018_2050,Mujer,(10 a 14),35009,4,11.425633408552088,True,Risaralda
66,2020,DANE_2018_2050,Mujer,(15 a 17),22310,1,4.482294935006723,True,Risaralda
66,2020,DANE_2018_2050,Mujer,(18 a 19),15569,1,6.4230201040529264,True,Risaralda
66,2020,DANE_2018_2050,Mujer,(20 a 24),40059,3,7.488953793155097,True,Risaralda
66,2020,DANE_2018_2050,Mujer,(25 a 29),38813,2,5.152912683894571,True,Risaralda
66,2020,DANE_2018_2050,Mujer,(30 a 34),35522,0,0.0,True,Risaralda
66,2020,DANE_2018_2050,Mujer,(35 a 39),34696,3,8.64652985934978,True,Risaralda
66,2020,DANE_2018_2050,Mujer,(40 a 44),32250,2,6.2015503875969,True,Risaralda
66,2020,DANE_2018_2050,Mujer,(45 a 49),29798,1,3.3559299281830994,True,Risaralda
66,2020,DANE_2018_2050,Mujer,(50 a 54),31500,0,0.0,True,Risaralda
66,2020,DANE_2018_2050,Mujer,(55 a 59),30703,3,9.771032146695763,True,Risaralda
66,2020,DANE_2018_2050,Mujer,(60 a 64),27824,0,0.0,True,Risaralda
66,2020,DANE_2018_2050,Mujer,(65 a 69),23194,1,4.311459860308701,True,Risaralda
66,2020,DANE_2018_2050,Mujer,(70 a 74),17424,0,0.0,True,Risaralda
66,2020,DANE_2018_2050,Mujer,(75 a 79),12257,1,8.158603247124091,True,Risaralda
66,2020,DANE_2018_2050,Mujer,(80 y más),15383,0,0.0,True,Risaralda
66,2021,DANE_2018_2050,Hombre,(05 a 09),33764,1,2.961734391659756,True,Risaralda
66,2021,DANE_2018_2050,Hombre,(10 a 14),36320,3,8.259911894273127,True,Risaralda
66,2021,DANE_2018_2050,Hombre,(15 a 17),23084,4,17.32801940738174,True,Risaralda
66,2021,DANE_2018_2050,Hombre,(18 a 19),15908,3,18.85843600704048,True,Risaralda
66,2021,DANE_2018_2050,Hombre,(20 a 24),39381,6,15.235773596404357,False,Risaralda
66,2021,DANE_2018_2050,Hombre,(25 a 29),38250,8,20.915032679738562,False,Risaralda
66,2021,DANE_2018_2050,Hombre,(30 a 34),33925,8,23.581429624170966,False,Risaralda
66,2021,DANE_2018_2050,Hombre,(35 a 39),31214,3,9.611071954892035,True,Risaralda
66,2021,DANE_2018_2050,Hombre,(40 a 44),29798,3,10.0677897845493,True,Risaralda
66,2021,DANE_2018_2050,Hombre,(45 a 49),26520,5,18.85369532428356,False,Risaralda
66,2021,DANE_2018_2050,Hombre,(50 a 54),26895,6,22.30897936419409,False,Risaralda
66,2021,DANE_2018_2050,Hombre,(55 a 59),26004,8,30.764497769573914,False,Risaralda
66,2021,DANE_2018_2050,Hombre,(60 a 64),22706,5,22.02061129216947,False,Risaralda
66,2021,DANE_2018_2050,Hombre,(65 a 69),19137,5,26.12739718869206,False,Risaralda
66,2021,DANE_2018_2050,Hombre,(70 a 74),14176,2,14.108352144469524,True,Risaralda
66,2021,DANE_2018_2050,Hombre,(75 a 79),9566,3,31.36107045787163,True,Risaralda
66,2021,DANE_2018_2050,Hombre,(80 y más),10670,1,9.372071227741332,True,Risaralda
66,2021,DANE_2018_2050,Mujer,(05 a 09),32250,0,0.0,True,Risaralda
66,2021,DANE_2018_2050,Mujer,(10 a 14),34751,3,8.632845097982791,True,Risaralda
66,2021,DANE_2018_2050,Mujer,(15 a 17),22138,0,0.0,True,Risaralda
66,2021,DANE_2018_2050,Mujer,(18 a 19),15469,1,6.464541987200207,True,Risaralda
66,2021,DANE_2018_2050,Mujer,(20 a 24),40432,0,0.0,True,Risaralda
66,2021,DANE_2018_2050,Mujer,(25 a 29),39725,1,2.5173064820641913,True,Risaralda
66,2021,DANE_2018_2050,Mujer,(30 a 34),36486,2,5.481554568875733,True,Risaralda
66,2021,DANE_2018_2050,Mujer,(35 a 39),34849,0,0.0,True,Risaralda
66,2021,DANE_2018_2050,Mujer,(40 a 44),33274,1,3.0053495221494257,True,Risaralda
66,2021,DANE_2018_2050,Mujer,(45 a 49),29738,1,3.362700921380053,True,Risaralda
66,2021,DANE_2018_2050,Mujer,(50 a 54),31317,1,3.193153878085385,True,Risaralda
66,2021,DANE_2018_2050,Mujer,(55 a 59),31093,1,3.2161579776798637,True,Risaralda
66,2021,DANE_2018_2050,Mujer,(60 a 64),28289,2,7.069885821343986,True,Risaralda
66,2021,DANE_2018_2050,Mujer,(65 a 69),24124,0,0.0,True,Risaralda
66,2021,DANE_2018_2050,Mujer,(70 a 74),18167,1,5.504486156217317,True,Risaralda
66,2021,DANE_2018_2050,Mujer,(75 a 79),12667,0,0.0,True,Risaralda
66,2021,DANE_2018_2050,Mujer,(80 y más),15574,0,0.0,True,Risaralda
66,2022,DANE_2018_2050,Hombre,(05 a 09),33413,0,0.0,True,Risaralda
66,2022,DANE_2018_2050,Hombre,(10 a 14),35850,1,2.789400278940028,True,Risaralda
66,2022,DANE_2018_2050,Hombre,(15 a 17),22930,6,26.166593981683384,False,Risaralda
66,2022,DANE_2018_2050,Hombre,(18 a 19),15735,0,0.0,True,Risaralda
66,2022,DANE_2018_2050,Hombre,(20 a 24),39836,9,22.592629782106638,False,Risaralda
66,2022,DANE_2018_2050,Hombre,(25 a 29),38866,11,28.30237225338342,False,Risaralda
66,2022,DANE_2018_2050,Hombre,(30 a 34),35004,4,11.427265455376528,True,Risaralda
66,2022,DANE_2018_2050,Hombre,(35 a 39),31468,3,9.533494343460022,True,Risaralda
66,2022,DANE_2018_2050,Hombre,(40 a 44),30415,3,9.863554167351635,True,Risaralda
66,2022,DANE_2018_2050,Hombre,(45 a 49),26704,8,29.958058717795087,False,Risaralda
66,2022,DANE_2018_2050,Hombre,(50 a 54),26681,2,7.495970915632848,True,Risaralda
66,2022,DANE_2018_2050,Hombre,(55 a 59),26187,5,19.09344331156681,False,Risaralda
66,2022,DANE_2018_2050,Hombre,(60 a 64),23104,2,8.65650969529086,True,Risaralda
66,2022,DANE_2018_2050,Hombre,(65 a 69),19485,5,25.660764690787786,False,Risaralda
66,2022,DANE_2018_2050,Hombre,(70 a 74),14558,4,27.476301689792553,True,Risaralda
66,2022,DANE_2018_2050,Hombre,(75 a 79),9772,4,40.93327875562832,True,Risaralda
66,2022,DANE_2018_2050,Hombre,(80 y más),10592,2,18.882175226586103,True,Risaralda
66,2022,DANE_2018_2050,Mujer,(05 a 09),31969,0,0.0,True,Risaralda
66,2022,DANE_2018_2050,Mujer,(10 a 14),34362,1,2.9101914906000816,True,Risaralda
66,2022,DANE_2018_2050,Mujer,(15 a 17),21982,0,0.0,True,Risaralda
66,2022,DANE_2018_2050,Mujer,(18 a 19),15273,0,0.0,True,Risaralda
66,2022,DANE_2018_2050,Mujer,(20 a 24),40496,1,2.4693796918214144,True,Risaralda
66,2022,DANE_2018_2050,Mujer,(25 a 29),40336,4,9.916699722332408,True,Risaralda
66,2022,DANE_2018_2050,Mujer,(30 a 34),37406,2,5.346735817783244,True,Risaralda
66,2022,DANE_2018_2050,Mujer,(35 a 39),34905,0,0.0,True,Risaralda
66,2022,DANE_2018_2050,Mujer,(40 a 44),34068,1,2.9353058588704943,True,Risaralda
66,2022,DANE_2018_2050,Mujer,(45 a 49),29906,1,3.343810606567244,True,Risaralda
66,2022,DANE_2018_2050,Mujer,(50 a 54),31013,0,0.0,True,Risaralda
66,2022,DANE_2018_2050,Mujer,(55 a 59),31286,1,3.196317841846193,True,Risaralda
66,2022,DANE_2018_2050,Mujer,(60 a 64),28781,0,0.0,True,Risaralda
66,2022,DANE_2018_2050,Mujer,(65 a 69),24888,0,0.0,True,Risaralda
66,2022,DANE_2018_2050,Mujer,(70 a 74),18919,0,0.0,True,Risaralda
66,2022,DANE_2018_2050,Mujer,(75 a 79),13117,0,0.0,True,Risaralda
66,2022,DANE_2018_2050,Mujer,(80 y más),15721,0,0.0,True,Risaralda
66,2023,DANE_2018_2050,Hombre,(05 a 09),32979,0,0.0,True,Risaralda
66,2023,DANE_2018_2050,Hombre,(10 a 14),35342,1,2.829494652255107,True,Risaralda
66,2023,DANE_2018_2050,Hombre,(15 a 17),22692,4,17.627357659086904,True,Risaralda
66,2023,DANE_2018_2050,Hombre,(18 a 19),15573,2,12.842740640852757,True,Risaralda
66,2023,DANE_2018_2050,Hombre,(20 a 24),39987,13,32.510565933928525,False,Risaralda
66,2023,DANE_2018_2050,Hombre,(25 a 29),39115,7,17.89594784609485,False,Risaralda
66,2023,DANE_2018_2050,Hombre,(30 a 34),36028,3,8.326856889086265,True,Risaralda
66,2023,DANE_2018_2050,Hombre,(35 a 39),31779,5,15.733660593473676,False,Risaralda
66,2023,DANE_2018_2050,Hombre,(40 a 44),30785,0,0.0,True,Risaralda
66,2023,DANE_2018_2050,Hombre,(45 a 49),27054,6,22.177866489243733,False,Risaralda
66,2023,DANE_2018_2050,Hombre,(50 a 54),26410,4,15.145778114350623,True,Risaralda
66,2023,DANE_2018_2050,Hombre,(55 a 59),26205,2,7.63213127265789,True,Risaralda
66,2023,DANE_2018_2050,Hombre,(60 a 64),23553,3,12.73723092599669,True,Risaralda
66,2023,DANE_2018_2050,Hombre,(65 a 69),19714,4,20.290149132596124,True,Risaralda
66,2023,DANE_2018_2050,Hombre,(70 a 74),14986,1,6.672894701721607,True,Risaralda
66,2023,DANE_2018_2050,Hombre,(75 a 79),10015,1,9.98502246630055,True,Risaralda
66,2023,DANE_2018_2050,Hombre,(80 y más),10530,0,0.0,True,Risaralda
66,2023,DANE_2018_2050,Mujer,(05 a 09),31587,0,0.0,True,Risaralda
66,2023,DANE_2018_2050,Mujer,(10 a 14),33943,1,2.9461155466517397,True,Risaralda
66,2023,DANE_2018_2050,Mujer,(15 a 17),21743,4,18.396725382881847,True,Risaralda
66,2023,DANE_2018_2050,Mujer,(18 a 19),15043,2,13.295220368277603,True,Risaralda
66,2023,DANE_2018_2050,Mujer,(20 a 24),40076,3,7.485777023655055,True,Risaralda
66,2023,DANE_2018_2050,Mujer,(25 a 29),40738,2,4.909421179242967,True,Risaralda
66,2023,DANE_2018_2050,Mujer,(30 a 34),38188,1,2.6186236514088193,True,Risaralda
66,2023,DANE_2018_2050,Mujer,(35 a 39),35029,2,5.709554940192413,True,Risaralda
66,2023,DANE_2018_2050,Mujer,(40 a 44),34516,2,5.794414184725924,True,Risaralda
66,2023,DANE_2018_2050,Mujer,(45 a 49),30371,3,9.877843995917157,True,Risaralda
66,2023,DANE_2018_2050,Mujer,(50 a 54),30555,1,3.272786777941417,True,Risaralda
66,2023,DANE_2018_2050,Mujer,(55 a 59),31359,2,6.377754392678338,True,Risaralda
66,2023,DANE_2018_2050,Mujer,(60 a 64),29258,1,3.417868617130358,True,Risaralda
66,2023,DANE_2018_2050,Mujer,(65 a 69),25588,0,0.0,True,Risaralda
66,2023,DANE_2018_2050,Mujer,(70 a 74),19686,1,5.079752108097125,True,Risaralda
66,2023,DANE_2018_2050,Mujer,(75 a 79),13615,0,0.0,True,Risaralda
66,2023,DANE_2018_2050,Mujer,(80 y más),15913,1,6.284170175328349,True,Risaralda
66,2024,DANE_2018_2050,Hombre,(05 a 09),32684,0,0.0,True,Risaralda
66,2024,DANE_2018_2050,Hombre,(10 a 14),34925,3,8.589835361488905,True,Risaralda
66,2024,DANE_2018_2050,Hombre,(15 a 17),22409,2,8.924985496898568,True,Risaralda
66,2024,DANE_2018_2050,Hombre,(18 a 19),15466,3,19.39738781844045,True,Risaralda
66,2024,DANE_2018_2050,Hombre,(20 a 24),40031,9,22.482576003597213,False,Risaralda
66,2024,DANE_2018_2050,Hombre,(25 a 29),39376,8,20.316944331572532,False,Risaralda
66,2024,DANE_2018_2050,Hombre,(30 a 34),37087,7,18.87453824790358,False,Risaralda
66,2024,DANE_2018_2050,Hombre,(35 a 39),32441,5,15.412595172775191,False,Risaralda
66,2024,DANE_2018_2050,Hombre,(40 a 44),30960,2,6.459948320413436,True,Risaralda
66,2024,DANE_2018_2050,Hombre,(45 a 49),27715,6,21.64892657405737,False,Risaralda
66,2024,DANE_2018_2050,Hombre,(50 a 54),26139,1,3.8257010597191936,True,Risaralda
66,2024,DANE_2018_2050,Hombre,(55 a 59),26245,8,30.481996570775383,False,Risaralda
66,2024,DANE_2018_2050,Hombre,(60 a 64),24029,7,29.131466145074704,False,Risaralda
66,2024,DANE_2018_2050,Hombre,(65 a 69),20037,5,24.95383540450167,False,Risaralda
66,2024,DANE_2018_2050,Hombre,(70 a 74),15529,3,19.318694056281796,True,Risaralda
66,2024,DANE_2018_2050,Hombre,(75 a 79),10356,1,9.656237929702588,True,Risaralda
66,2024,DANE_2018_2050,Hombre,(80 y más),10751,0,0.0,True,Risaralda
66,2024,DANE_2018_2050,Mujer,(05 a 09),31299,0,0.0,True,Risaralda
66,2024,DANE_2018_2050,Mujer,(10 a 14),33550,5,14.903129657228018,False,Risaralda
66,2024,DANE_2018_2050,Mujer,(15 a 17),21510,1,4.6490004649000465,True,Risaralda
66,2024,DANE_2018_2050,Mujer,(18 a 19),14896,0,0.0,True,Risaralda
66,2024,DANE_2018_2050,Mujer,(20 a 24),39633,1,2.523149900335579,True,Risaralda
66,2024,DANE_2018_2050,Mujer,(25 a 29),41131,2,4.86251246018818,True,Risaralda
66,2024,DANE_2018_2050,Mujer,(30 a 34),39051,2,5.121507771888044,True,Risaralda
66,2024,DANE_2018_2050,Mujer,(35 a 39),35396,2,5.650355972426263,True,Risaralda
66,2024,DANE_2018_2050,Mujer,(40 a 44),34737,0,0.0,True,Risaralda
66,2024,DANE_2018_2050,Mujer,(45 a 49),31145,0,0.0,True,Risaralda
66,2024,DANE_2018_2050,Mujer,(50 a 54),30116,1,3.320494089520521,True,Risaralda
66,2024,DANE_2018_2050,Mujer,(55 a 59),31346,1,3.1901997065016268,True,Risaralda
66,2024,DANE_2018_2050,Mujer,(60 a 64),29785,1,3.357394661742488,True,Risaralda
66,2024,DANE_2018_2050,Mujer,(65 a 69),26187,1,3.818688662313362,True,Risaralda
66,2024,DANE_2018_2050,Mujer,(70 a 74),20575,0,0.0,True,Risaralda
66,2024,DANE_2018_2050,Mujer,(75 a 79),14237,2,14.04790335042495,True,Risaralda
66,2024,DANE_2018_2050,Mujer,(80 y más),16418,0,0.0,True,Risaralda
68,2015,DANE_2005_2017,Hombre,(05 a 09),83464,0,0.0,True,Santander
68,2015,DANE_2005_2017,Hombre,(10 a 14),88190,1,1.1339154099104207,True,Santander
68,2015,DANE_2005_2017,Hombre,(15 a 17),55882,6,10.736909917325795,False,Santander
68,2015,DANE_2005_2017,Hombre,(18 a 19),38264,3,7.8402676144679075,True,Santander
68,2015,DANE_2005_2017,Hombre,(20 a 24),91519,4,4.370677127153924,True,Santander
68,2015,DANE_2005_2017,Hombre,(25 a 29),83709,10,11.94614677035922,False,Santander
68,2015,DANE_2005_2017,Hombre,(30 a 34),78523,2,2.547024438699489,True,Santander
68,2015,DANE_2005_2017,Hombre,(35 a 39),70725,7,9.897490279250619,False,Santander
68,2015,DANE_2005_2017,Hombre,(40 a 44),65400,7,10.703363914373089,False,Santander
68,2015,DANE_2005_2017,Hombre,(45 a 49),64200,9,14.018691588785046,False,Santander
68,2015,DANE_2005_2017,Hombre,(50 a 54),58254,4,6.866481271672331,True,Santander
68,2015,DANE_2005_2017,Hombre,(55 a 59),48188,5,10.376027226695443,False,Santander
68,2015,DANE_2005_2017,Hombre,(60 a 64),38441,3,7.804167425405166,True,Santander
68,2015,DANE_2005_2017,Hombre,(65 a 69),29603,3,10.134108029591596,True,Santander
68,2015,DANE_2005_2017,Hombre,(70 a 74),21288,3,14.092446448703495,True,Santander
68,2015,DANE_2005_2017,Hombre,(75 a 79),14484,4,27.616680475006905,True,Santander
68,2015,DANE_2005_2017,Hombre,(80 y más),18333,3,16.363933889707084,True,Santander
68,2015,DANE_2005_2017,Mujer,(05 a 09),78916,0,0.0,True,Santander
68,2015,DANE_2005_2017,Mujer,(10 a 14),82924,4,4.823693984853601,True,Santander
68,2015,DANE_2005_2017,Mujer,(15 a 17),52839,1,1.8925414939722556,True,Santander
68,2015,DANE_2005_2017,Mujer,(18 a 19),36603,2,5.4640330027593365,True,Santander
68,2015,DANE_2005_2017,Mujer,(20 a 24),89708,2,2.2294555669505507,True,Santander
68,2015,DANE_2005_2017,Mujer,(25 a 29),84129,4,4.754603050077857,True,Santander
68,2015,DANE_2005_2017,Mujer,(30 a 34),80037,1,1.2494221422592051,True,Santander
68,2015,DANE_2005_2017,Mujer,(35 a 39),74804,3,4.010480722955991,True,Santander
68,2015,DANE_2005_2017,Mujer,(40 a 44),71950,1,1.389854065323141,True,Santander
68,2015,DANE_2005_2017,Mujer,(45 a 49),72268,2,2.7674766148226047,True,Santander
68,2015,DANE_2005_2017,Mujer,(50 a 54),66453,0,0.0,True,Santander
68,2015,DANE_2005_2017,Mujer,(55 a 59),55201,0,0.0,True,Santander
68,2015,DANE_2005_2017,Mujer,(60 a 64),44011,1,2.272159232919043,True,Santander
68,2015,DANE_2005_2017,Mujer,(65 a 69),34436,0,0.0,True,Santander
68,2015,DANE_2005_2017,Mujer,(70 a 74),25515,0,0.0,True,Santander
68,2015,DANE_2005_2017,Mujer,(75 a 79),17892,0,0.0,True,Santander
68,2015,DANE_2005_2017,Mujer,(80 y más),25370,2,7.883326763894364,True,Santander
68,2016,DANE_2005_2017,Hombre,(05 a 09),83028,0,0.0,True,Santander
68,2016,DANE_2005_2017,Hombre,(10 a 14),87439,0,0.0,True,Santander
68,2016,DANE_2005_2017,Hombre,(15 a 17),55161,3,5.438625115570783,True,Santander
68,2016,DANE_2005_2017,Hombre,(18 a 19),37999,1,2.6316482012684546,True,Santander
68,2016,DANE_2005_2017,Hombre,(20 a 24),92823,7,7.541234392338105,False,Santander
68,2016,DANE_2005_2017,Hombre,(25 a 29),84615,8,9.454588429947409,False,Santander
68,2016,DANE_2005_2017,Hombre,(30 a 34),79418,10,12.59160391850714,False,Santander
68,2016,DANE_2005_2017,Hombre,(35 a 39),72498,12,16.552180749813786,False,Santander
68,2016,DANE_2005_2017,Hombre,(40 a 44),65799,5,7.598899679326434,False,Santander
68,2016,DANE_2005_2017,Hombre,(45 a 49),64569,11,17.036038966067306,False,Santander
68,2016,DANE_2005_2017,Hombre,(50 a 54),59744,9,15.064274236743438,False,Santander
68,2016,DANE_2005_2017,Hombre,(55 a 59),49893,4,8.017156715370895,True,Santander
68,2016,DANE_2005_2017,Hombre,(60 a 64),39812,7,17.582638400482267,False,Santander
68,2016,DANE_2005_2017,Hombre,(65 a 69),30736,8,26.028110359187924,False,Santander
68,2016,DANE_2005_2017,Hombre,(70 a 74),22136,1,4.517528008673654,True,Santander
68,2016,DANE_2005_2017,Hombre,(75 a 79),14893,3,20.143691667226214,True,Santander
68,2016,DANE_2005_2017,Hombre,(80 y más),18906,5,26.446630699248914,False,Santander
68,2016,DANE_2005_2017,Mujer,(05 a 09),78633,0,0.0,True,Santander
68,2016,DANE_2005_2017,Mujer,(10 a 14),82405,1,1.2135185971725018,True,Santander
68,2016,DANE_2005_2017,Mujer,(15 a 17),52041,3,5.764685536403989,True,Santander
68,2016,DANE_2005_2017,Mujer,(18 a 19),36237,1,2.7596103430195655,True,Santander
68,2016,DANE_2005_2017,Mujer,(20 a 24),90489,1,1.105106698051697,True,Santander
68,2016,DANE_2005_2017,Mujer,(25 a 29),84903,3,3.5334440479135014,True,Santander
68,2016,DANE_2005_2017,Mujer,(30 a 34),80811,1,1.2374552969273984,True,Santander
68,2016,DANE_2005_2017,Mujer,(35 a 39),76186,0,0.0,True,Santander
68,2016,DANE_2005_2017,Mujer,(40 a 44),72035,2,2.7764281252169085,True,Santander
68,2016,DANE_2005_2017,Mujer,(45 a 49),72543,1,1.378492756020567,True,Santander
68,2016,DANE_2005_2017,Mujer,(50 a 54),68122,2,2.935909104254132,True,Santander
68,2016,DANE_2005_2017,Mujer,(55 a 59),57374,0,0.0,True,Santander
68,2016,DANE_2005_2017,Mujer,(60 a 64),45802,0,0.0,True,Santander
68,2016,DANE_2005_2017,Mujer,(65 a 69),35850,0,0.0,True,Santander
68,2016,DANE_2005_2017,Mujer,(70 a 74),26731,1,3.740974898058434,True,Santander
68,2016,DANE_2005_2017,Mujer,(75 a 79),18634,0,0.0,True,Santander
68,2016,DANE_2005_2017,Mujer,(80 y más),26288,0,0.0,True,Santander
68,2017,DANE_2005_2017,Hombre,(05 a 09),82867,0,0.0,True,Santander
68,2017,DANE_2005_2017,Hombre,(10 a 14),86891,2,2.301734356837877,True,Santander
68,2017,DANE_2005_2017,Hombre,(15 a 17),54570,6,10.995052226498077,False,Santander
68,2017,DANE_2005_2017,Hombre,(18 a 19),37655,6,15.934138892577346,False,Santander
68,2017,DANE_2005_2017,Hombre,(20 a 24),93981,18,19.152807482363457,False,Santander
68,2017,DANE_2005_2017,Hombre,(25 a 29),85945,12,13.962417825353423,False,Santander
68,2017,DANE_2005_2017,Hombre,(30 a 34),80420,9,11.191245958716738,False,Santander
68,2017,DANE_2005_2017,Hombre,(35 a 39),74366,11,14.791705887098942,False,Santander
68,2017,DANE_2005_2017,Hombre,(40 a 44),66642,5,7.5027760271300385,False,Santander
68,2017,DANE_2005_2017,Hombre,(45 a 49),64863,10,15.417109908576537,False,Santander
68,2017,DANE_2005_2017,Hombre,(50 a 54),61075,8,13.098649201801065,False,Santander
68,2017,DANE_2005_2017,Hombre,(55 a 59),51678,10,19.350594063237743,False,Santander
68,2017,DANE_2005_2017,Hombre,(60 a 64),41290,8,19.375151368370066,False,Santander
68,2017,DANE_2005_2017,Hombre,(65 a 69),31932,6,18.789928598271327,False,Santander
68,2017,DANE_2005_2017,Hombre,(70 a 74),23033,4,17.366387357270007,True,Santander
68,2017,DANE_2005_2017,Hombre,(75 a 79),15395,1,6.495615459564793,True,Santander
68,2017,DANE_2005_2017,Hombre,(80 y más),19472,2,10.271158586688578,True,Santander
68,2017,DANE_2005_2017,Mujer,(05 a 09),78611,0,0.0,True,Santander
68,2017,DANE_2005_2017,Mujer,(10 a 14),82102,1,1.2179971255267836,True,Santander
68,2017,DANE_2005_2017,Mujer,(15 a 17),51423,2,3.8893102308305623,True,Santander
68,2017,DANE_2005_2017,Mujer,(18 a 19),35808,2,5.5853440571939235,True,Santander
68,2017,DANE_2005_2017,Mujer,(20 a 24),91181,2,2.193439422686744,True,Santander
68,2017,DANE_2005_2017,Mujer,(25 a 29),85938,1,1.16362959342782,True,Santander
68,2017,DANE_2005_2017,Mujer,(30 a 34),81701,4,4.895900906965643,True,Santander
68,2017,DANE_2005_2017,Mujer,(35 a 39),77701,2,2.573969446982664,True,Santander
68,2017,DANE_2005_2017,Mujer,(40 a 44),72489,4,5.518078605029729,True,Santander
68,2017,DANE_2005_2017,Mujer,(45 a 49),72677,0,0.0,True,Santander
68,2017,DANE_2005_2017,Mujer,(50 a 54),69589,3,4.311026167928839,True,Santander
68,2017,DANE_2005_2017,Mujer,(55 a 59),59566,1,1.6788100594298763,True,Santander
68,2017,DANE_2005_2017,Mujer,(60 a 64),47762,0,0.0,True,Santander
68,2017,DANE_2005_2017,Mujer,(65 a 69),37338,0,0.0,True,Santander
68,2017,DANE_2005_2017,Mujer,(70 a 74),28003,0,0.0,True,Santander
68,2017,DANE_2005_2017,Mujer,(75 a 79),19450,0,0.0,True,Santander
68,2017,DANE_2005_2017,Mujer,(80 y más),27264,0,0.0,True,Santander
68,2018,DANE_2018_2050,Hombre,(05 a 09),88336,0,0.0,True,Santander
68,2018,DANE_2018_2050,Hombre,(10 a 14),93303,2,2.1435537978414416,True,Santander
68,2018,DANE_2018_2050,Hombre,(15 a 17),56033,6,10.707975657202006,False,Santander
68,2018,DANE_2018_2050,Hombre,(18 a 19),37266,10,26.834111522567486,False,Santander
68,2018,DANE_2018_2050,Hombre,(20 a 24),93248,15,16.086135895676048,False,Santander
68,2018,DANE_2018_2050,Hombre,(25 a 29),85864,13,15.140221746016959,False,Santander
68,2018,DANE_2018_2050,Hombre,(30 a 34),78025,12,15.379685998077539,False,Santander
68,2018,DANE_2018_2050,Hombre,(35 a 39),73875,12,16.243654822335024,False,Santander
68,2018,DANE_2018_2050,Hombre,(40 a 44),66776,7,10.48280819456092,False,Santander
68,2018,DANE_2018_2050,Hombre,(45 a 49),64219,6,9.343029321540355,False,Santander
68,2018,DANE_2018_2050,Hombre,(50 a 54),61222,11,17.967397340825194,False,Santander
68,2018,DANE_2018_2050,Hombre,(55 a 59),52371,9,17.18508334765424,False,Santander
68,2018,DANE_2018_2050,Hombre,(60 a 64),41996,8,19.04943327935994,False,Santander
68,2018,DANE_2018_2050,Hombre,(65 a 69),33580,3,8.933889219773674,True,Santander
68,2018,DANE_2018_2050,Hombre,(70 a 74),24860,4,16.090104585679807,True,Santander
68,2018,DANE_2018_2050,Hombre,(75 a 79),17708,3,16.9414953693246,True,Santander
68,2018,DANE_2018_2050,Hombre,(80 y más),20245,3,14.818473697209187,True,Santander
68,2018,DANE_2018_2050,Mujer,(05 a 09),83999,0,0.0,True,Santander
68,2018,DANE_2018_2050,Mujer,(10 a 14),88041,1,1.1358344407719132,True,Santander
68,2018,DANE_2018_2050,Mujer,(15 a 17),53313,5,9.378575581940614,False,Santander
68,2018,DANE_2018_2050,Mujer,(18 a 19),35765,0,0.0,True,Santander
68,2018,DANE_2018_2050,Mujer,(20 a 24),91059,3,3.2945672585905843,True,Santander
68,2018,DANE_2018_2050,Mujer,(25 a 29),85230,1,1.1732957878681216,True,Santander
68,2018,DANE_2018_2050,Mujer,(30 a 34),79535,0,0.0,True,Santander
68,2018,DANE_2018_2050,Mujer,(35 a 39),77485,4,5.162289475382332,True,Santander
68,2018,DANE_2018_2050,Mujer,(40 a 44),71505,0,0.0,True,Santander
68,2018,DANE_2018_2050,Mujer,(45 a 49),69897,1,1.43067656694851,True,Santander
68,2018,DANE_2018_2050,Mujer,(50 a 54),67971,1,1.4712156655044062,True,Santander
68,2018,DANE_2018_2050,Mujer,(55 a 59),59429,1,1.6826801729795218,True,Santander
68,2018,DANE_2018_2050,Mujer,(60 a 64),48429,1,2.06487848190134,True,Santander
68,2018,DANE_2018_2050,Mujer,(65 a 69),39015,0,0.0,True,Santander
68,2018,DANE_2018_2050,Mujer,(70 a 74),30142,0,0.0,True,Santander
68,2018,DANE_2018_2050,Mujer,(75 a 79),22762,1,4.393287057376329,True,Santander
68,2018,DANE_2018_2050,Mujer,(80 y más),30194,0,0.0,True,Santander
68,2019,DANE_2018_2050,Hombre,(05 a 09),88812,0,0.0,True,Santander
68,2019,DANE_2018_2050,Hombre,(10 a 14),93684,2,2.134836258059007,True,Santander
68,2019,DANE_2018_2050,Hombre,(15 a 17),56664,10,17.64788931243823,False,Santander
68,2019,DANE_2018_2050,Hombre,(18 a 19),37901,8,21.107622490171764,False,Santander
68,2019,DANE_2018_2050,Hombre,(20 a 24),95172,23,24.166771739587272,False,Santander
68,2019,DANE_2018_2050,Hombre,(25 a 29),90024,9,9.997334044254865,False,Santander
68,2019,DANE_2018_2050,Hombre,(30 a 34),80605,12,14.887413932138205,False,Santander
68,2019,DANE_2018_2050,Hombre,(35 a 39),76142,8,10.50668487825379,False,Santander
68,2019,DANE_2018_2050,Hombre,(40 a 44),69073,8,11.581949531654915,False,Santander
68,2019,DANE_2018_2050,Hombre,(45 a 49),64793,7,10.803636195268007,False,Santander
68,2019,DANE_2018_2050,Hombre,(50 a 54),62536,14,22.38710502750416,False,Santander
68,2019,DANE_2018_2050,Hombre,(55 a 59),54335,6,11.042606055028987,False,Santander
68,2019,DANE_2018_2050,Hombre,(60 a 64),43485,14,32.195009773485104,False,Santander
68,2019,DANE_2018_2050,Hombre,(65 a 69),34684,5,14.41586898858263,False,Santander
68,2019,DANE_2018_2050,Hombre,(70 a 74),25796,1,3.876570010854396,True,Santander
68,2019,DANE_2018_2050,Hombre,(75 a 79),18000,1,5.555555555555556,True,Santander
68,2019,DANE_2018_2050,Hombre,(80 y más),20950,1,4.773269689737471,True,Santander
68,2019,DANE_2018_2050,Mujer,(05 a 09),84322,0,0.0,True,Santander
68,2019,DANE_2018_2050,Mujer,(10 a 14),88543,0,0.0,True,Santander
68,2019,DANE_2018_2050,Mujer,(15 a 17),53735,1,1.8609844607797523,True,Santander
68,2019,DANE_2018_2050,Mujer,(18 a 19),36198,0,0.0,True,Santander
68,2019,DANE_2018_2050,Mujer,(20 a 24),93093,1,1.0741946225817194,True,Santander
68,2019,DANE_2018_2050,Mujer,(25 a 29),88910,4,4.498931503767856,True,Santander
68,2019,DANE_2018_2050,Mujer,(30 a 34),81984,2,2.4395003903200623,True,Santander
68,2019,DANE_2018_2050,Mujer,(35 a 39),79317,0,0.0,True,Santander
68,2019,DANE_2018_2050,Mujer,(40 a 44),73586,1,1.3589541488870167,True,Santander
68,2019,DANE_2018_2050,Mujer,(45 a 49),70446,4,5.678108054396275,True,Santander
68,2019,DANE_2018_2050,Mujer,(50 a 54),69031,1,1.448624531007808,True,Santander
68,2019,DANE_2018_2050,Mujer,(55 a 59),61769,0,0.0,True,Santander
68,2019,DANE_2018_2050,Mujer,(60 a 64),50216,2,3.982794328500876,True,Santander
68,2019,DANE_2018_2050,Mujer,(65 a 69),40394,1,2.4756151903748083,True,Santander
68,2019,DANE_2018_2050,Mujer,(70 a 74),31416,1,3.1830914183855357,True,Santander
68,2019,DANE_2018_2050,Mujer,(75 a 79),23275,1,4.296455424274972,True,Santander
68,2019,DANE_2018_2050,Mujer,(80 y más),31066,0,0.0,True,Santander
68,2020,DANE_2018_2050,Hombre,(05 a 09),89634,0,0.0,True,Santander
68,2020,DANE_2018_2050,Hombre,(10 a 14),94166,2,2.1239088418325087,True,Santander
68,2020,DANE_2018_2050,Hombre,(15 a 17),57553,8,13.900231091341896,False,Santander
68,2020,DANE_2018_2050,Hombre,(18 a 19),38455,5,13.00221037576388,False,Santander
68,2020,DANE_2018_2050,Hombre,(20 a 24),97304,11,11.304776782043904,False,Santander
68,2020,DANE_2018_2050,Hombre,(25 a 29),94485,9,9.525321479599937,False,Santander
68,2020,DANE_2018_2050,Hombre,(30 a 34),84007,10,11.90376992393491,False,Santander
68,2020,DANE_2018_2050,Hombre,(35 a 39),78565,5,6.364157067396423,False,Santander
68,2020,DANE_2018_2050,Hombre,(40 a 44),71770,7,9.753378849101296,False,Santander
68,2020,DANE_2018_2050,Hombre,(45 a 49),65747,7,10.646873621610112,False,Santander
68,2020,DANE_2018_2050,Hombre,(50 a 54),63755,10,15.685044310250175,False,Santander
68,2020,DANE_2018_2050,Hombre,(55 a 59),56318,3,5.326893710714159,True,Santander
68,2020,DANE_2018_2050,Hombre,(60 a 64),45115,11,24.382134545051535,False,Santander
68,2020,DANE_2018_2050,Hombre,(65 a 69),35838,8,22.32267425637591,False,Santander
68,2020,DANE_2018_2050,Hombre,(70 a 74),26850,4,14.8975791433892,True,Santander
68,2020,DANE_2018_2050,Hombre,(75 a 79),18430,3,16.277807921866522,True,Santander
68,2020,DANE_2018_2050,Hombre,(80 y más),21651,2,9.237448616692069,True,Santander
68,2020,DANE_2018_2050,Mujer,(05 a 09),85041,0,0.0,True,Santander
68,2020,DANE_2018_2050,Mujer,(10 a 14),89207,1,1.1209882632528838,True,Santander
68,2020,DANE_2018_2050,Mujer,(15 a 17),54233,3,5.531687349031032,True,Santander
68,2020,DANE_2018_2050,Mujer,(18 a 19),36844,0,0.0,True,Santander
68,2020,DANE_2018_2050,Mujer,(20 a 24),95190,1,1.0505305179115454,True,Santander
68,2020,DANE_2018_2050,Mujer,(25 a 29),93088,2,2.148504640770024,True,Santander
68,2020,DANE_2018_2050,Mujer,(30 a 34),85023,2,2.3523046705009234,True,Santander
68,2020,DANE_2018_2050,Mujer,(35 a 39),81135,2,2.4650274234300857,True,Santander
68,2020,DANE_2018_2050,Mujer,(40 a 44),76187,1,1.312559885544778,True,Santander
68,2020,DANE_2018_2050,Mujer,(45 a 49),71162,0,0.0,True,Santander
68,2020,DANE_2018_2050,Mujer,(50 a 54),70139,2,2.851480631317812,True,Santander
68,2020,DANE_2018_2050,Mujer,(55 a 59),64006,0,0.0,True,Santander
68,2020,DANE_2018_2050,Mujer,(60 a 64),52229,0,0.0,True,Santander
68,2020,DANE_2018_2050,Mujer,(65 a 69),41955,1,2.383506137528304,True,Santander
68,2020,DANE_2018_2050,Mujer,(70 a 74),32683,0,0.0,True,Santander
68,2020,DANE_2018_2050,Mujer,(75 a 79),23861,1,4.190939189472361,True,Santander
68,2020,DANE_2018_2050,Mujer,(80 y más),32093,0,0.0,True,Santander
68,2021,DANE_2018_2050,Hombre,(05 a 09),89663,0,0.0,True,Santander
68,2021,DANE_2018_2050,Hombre,(10 a 14),93843,1,1.0656095819613611,True,Santander
68,2021,DANE_2018_2050,Hombre,(15 a 17),57825,7,12.105490704712494,False,Santander
68,2021,DANE_2018_2050,Hombre,(18 a 19),38501,12,31.168021609828315,False,Santander
68,2021,DANE_2018_2050,Hombre,(20 a 24),97804,13,13.291889902253487,False,Santander
68,2021,DANE_2018_2050,Hombre,(25 a 29),96971,4,4.124944571057326,True,Santander
68,2021,DANE_2018_2050,Hombre,(30 a 34),86596,7,8.083514250080835,False,Santander
68,2021,DANE_2018_2050,Hombre,(35 a 39),80091,7,8.74005818381591,False,Santander
68,2021,DANE_2018_2050,Hombre,(40 a 44),73971,11,14.87069256870936,False,Santander
68,2021,DANE_2018_2050,Hombre,(45 a 49),66499,4,6.015128047038302,True,Santander
68,2021,DANE_2018_2050,Hombre,(50 a 54),64357,16,24.861320446882235,False,Santander
68,2021,DANE_2018_2050,Hombre,(55 a 59),57785,8,13.84442329324219,False,Santander
68,2021,DANE_2018_2050,Hombre,(60 a 64),46700,4,8.565310492505354,True,Santander
68,2021,DANE_2018_2050,Hombre,(65 a 69),36710,7,19.068373740125306,False,Santander
68,2021,DANE_2018_2050,Hombre,(70 a 74),27662,4,14.460270407056612,True,Santander
68,2021,DANE_2018_2050,Hombre,(75 a 79),18726,4,21.360674997329916,True,Santander
68,2021,DANE_2018_2050,Hombre,(80 y más),21837,1,4.579383614965425,True,Santander
68,2021,DANE_2018_2050,Mujer,(05 a 09),84928,0,0.0,True,Santander
68,2021,DANE_2018_2050,Mujer,(10 a 14),89061,6,6.736955569778018,False,Santander
68,2021,DANE_2018_2050,Mujer,(15 a 17),54315,5,9.205560158335635,False,Santander
68,2021,DANE_2018_2050,Mujer,(18 a 19),36846,2,5.427997611681051,True,Santander
68,2021,DANE_2018_2050,Mujer,(20 a 24),95472,4,4.189710072063013,True,Santander
68,2021,DANE_2018_2050,Mujer,(25 a 29),95692,3,3.1350583120846047,True,Santander
68,2021,DANE_2018_2050,Mujer,(30 a 34),87343,2,2.2898228822000615,True,Santander
68,2021,DANE_2018_2050,Mujer,(35 a 39),82309,2,2.429867936677642,True,Santander
68,2021,DANE_2018_2050,Mujer,(40 a 44),78166,2,2.5586572166926795,True,Santander
68,2021,DANE_2018_2050,Mujer,(45 a 49),71814,1,1.3924861447628596,True,Santander
68,2021,DANE_2018_2050,Mujer,(50 a 54),70740,1,1.413627367825841,True,Santander
68,2021,DANE_2018_2050,Mujer,(55 a 59),65655,3,4.569339730408956,True,Santander
68,2021,DANE_2018_2050,Mujer,(60 a 64),54164,2,3.692489476404992,True,Santander
68,2021,DANE_2018_2050,Mujer,(65 a 69),43404,0,0.0,True,Santander
68,2021,DANE_2018_2050,Mujer,(70 a 74),33855,1,2.9537734455767244,True,Santander
68,2021,DANE_2018_2050,Mujer,(75 a 79),24377,0,0.0,True,Santander
68,2021,DANE_2018_2050,Mujer,(80 y más),32614,0,0.0,True,Santander
68,2022,DANE_2018_2050,Hombre,(05 a 09),89292,0,0.0,True,Santander
68,2022,DANE_2018_2050,Hombre,(10 a 14),93192,2,2.1461069619709847,True,Santander
68,2022,DANE_2018_2050,Hombre,(15 a 17),57722,6,10.394650220020097,False,Santander
68,2022,DANE_2018_2050,Hombre,(18 a 19),38512,5,12.982966348151225,False,Santander
68,2022,DANE_2018_2050,Hombre,(20 a 24),97499,8,8.205212361152421,False,Santander
68,2022,DANE_2018_2050,Hombre,(25 a 29),98159,12,12.225063417516479,False,Santander
68,2022,DANE_2018_2050,Hombre,(30 a 34),88972,8,8.991592860675269,False,Santander
68,2022,DANE_2018_2050,Hombre,(35 a 39),81266,6,7.383161469741343,False,Santander
68,2022,DANE_2018_2050,Hombre,(40 a 44),75657,8,10.574038092972229,False,Santander
68,2022,DANE_2018_2050,Hombre,(45 a 49),67618,8,11.831169215297702,False,Santander
68,2022,DANE_2018_2050,Hombre,(50 a 54),64609,6,9.286631893389467,False,Santander
68,2022,DANE_2018_2050,Hombre,(55 a 59),59017,7,11.860989206499822,False,Santander
68,2022,DANE_2018_2050,Hombre,(60 a 64),48307,9,18.630840250895318,False,Santander
68,2022,DANE_2018_2050,Hombre,(65 a 69),37605,4,10.636883393165801,True,Santander
68,2022,DANE_2018_2050,Hombre,(70 a 74),28420,7,24.63054187192118,False,Santander
68,2022,DANE_2018_2050,Hombre,(75 a 79),19125,3,15.686274509803923,True,Santander
68,2022,DANE_2018_2050,Hombre,(80 y más),21846,5,22.88748512313467,False,Santander
68,2022,DANE_2018_2050,Mujer,(05 a 09),84458,0,0.0,True,Santander
68,2022,DANE_2018_2050,Mujer,(10 a 14),88459,2,2.2609344442057906,True,Santander
68,2022,DANE_2018_2050,Mujer,(15 a 17),54364,2,3.6789051578250316,True,Santander
68,2022,DANE_2018_2050,Mujer,(18 a 19),36556,3,8.206587153955576,True,Santander
68,2022,DANE_2018_2050,Mujer,(20 a 24),94939,3,3.1599237405070624,True,Santander
68,2022,DANE_2018_2050,Mujer,(25 a 29),97134,2,2.0590112627916075,True,Santander
68,2022,DANE_2018_2050,Mujer,(30 a 34),89369,1,1.1189562376215467,True,Santander
68,2022,DANE_2018_2050,Mujer,(35 a 39),83286,2,2.401363974737651,True,Santander
68,2022,DANE_2018_2050,Mujer,(40 a 44),79798,0,0.0,True,Santander
68,2022,DANE_2018_2050,Mujer,(45 a 49),72693,4,5.50259309699696,True,Santander
68,2022,DANE_2018_2050,Mujer,(50 a 54),70982,2,2.8176157335662566,True,Santander
68,2022,DANE_2018_2050,Mujer,(55 a 59),66913,1,1.4944779041441871,True,Santander
68,2022,DANE_2018_2050,Mujer,(60 a 64),56201,0,0.0,True,Santander
68,2022,DANE_2018_2050,Mujer,(65 a 69),44863,1,2.229008314201012,True,Santander
68,2022,DANE_2018_2050,Mujer,(70 a 74),34897,1,2.8655758374645384,True,Santander
68,2022,DANE_2018_2050,Mujer,(75 a 79),25060,0,0.0,True,Santander
68,2022,DANE_2018_2050,Mujer,(80 y más),33116,0,0.0,True,Santander
68,2023,DANE_2018_2050,Hombre,(05 a 09),88789,0,0.0,True,Santander
68,2023,DANE_2018_2050,Hombre,(10 a 14),92530,1,1.0807305738679347,True,Santander
68,2023,DANE_2018_2050,Hombre,(15 a 17),57326,3,5.233227505843771,True,Santander
68,2023,DANE_2018_2050,Hombre,(18 a 19),38567,5,12.964451474058132,False,Santander
68,2023,DANE_2018_2050,Hombre,(20 a 24),97072,12,12.361958134168454,False,Santander
68,2023,DANE_2018_2050,Hombre,(25 a 29),98629,8,8.111204615275426,False,Santander
68,2023,DANE_2018_2050,Hombre,(30 a 34),91396,9,9.847258085693028,False,Santander
68,2023,DANE_2018_2050,Hombre,(35 a 39),82456,8,9.702144173862424,False,Santander
68,2023,DANE_2018_2050,Hombre,(40 a 44),77190,5,6.477522995206633,False,Santander
68,2023,DANE_2018_2050,Hombre,(45 a 49),68932,4,5.802820170602913,True,Santander
68,2023,DANE_2018_2050,Hombre,(50 a 54),64844,7,10.795139103078156,False,Santander
68,2023,DANE_2018_2050,Hombre,(55 a 59),60100,4,6.655574043261231,True,Santander
68,2023,DANE_2018_2050,Hombre,(60 a 64),49964,7,14.010087262829236,False,Santander
68,2023,DANE_2018_2050,Hombre,(65 a 69),38649,3,7.762167197081425,True,Santander
68,2023,DANE_2018_2050,Hombre,(70 a 74),29171,4,13.712248465942201,True,Santander
68,2023,DANE_2018_2050,Hombre,(75 a 79),19690,3,15.236160487557134,True,Santander
68,2023,DANE_2018_2050,Hombre,(80 y más),22066,0,0.0,True,Santander
68,2023,DANE_2018_2050,Mujer,(05 a 09),83878,0,0.0,True,Santander
68,2023,DANE_2018_2050,Mujer,(10 a 14),87883,0,0.0,True,Santander
68,2023,DANE_2018_2050,Mujer,(15 a 17),54281,2,3.6845304987012026,True,Santander
68,2023,DANE_2018_2050,Mujer,(18 a 19),36285,1,2.75595976298746,True,Santander
68,2023,DANE_2018_2050,Mujer,(20 a 24),94091,4,4.251203622025486,True,Santander
68,2023,DANE_2018_2050,Mujer,(25 a 29),97888,2,2.043151356652501,True,Santander
68,2023,DANE_2018_2050,Mujer,(30 a 34),91441,2,2.187202677136077,True,Santander
68,2023,DANE_2018_2050,Mujer,(35 a 39),84379,4,4.740516005167163,True,Santander
68,2023,DANE_2018_2050,Mujer,(40 a 44),81078,4,4.933520807124004,True,Santander
68,2023,DANE_2018_2050,Mujer,(45 a 49),73921,0,0.0,True,Santander
68,2023,DANE_2018_2050,Mujer,(50 a 54),71071,3,4.221130981694362,True,Santander
68,2023,DANE_2018_2050,Mujer,(55 a 59),67834,2,2.9483739717545774,True,Santander
68,2023,DANE_2018_2050,Mujer,(60 a 64),58287,0,0.0,True,Santander
68,2023,DANE_2018_2050,Mujer,(65 a 69),46432,1,2.15368711233632,True,Santander
68,2023,DANE_2018_2050,Mujer,(70 a 74),35997,0,0.0,True,Santander
68,2023,DANE_2018_2050,Mujer,(75 a 79),25986,1,3.8482259678288306,True,Santander
68,2023,DANE_2018_2050,Mujer,(80 y más),33823,0,0.0,True,Santander
68,2024,DANE_2018_2050,Hombre,(05 a 09),87936,0,0.0,True,Santander
68,2024,DANE_2018_2050,Hombre,(10 a 14),91986,1,1.0871219533407257,True,Santander
68,2024,DANE_2018_2050,Hombre,(15 a 17),56860,3,5.276116778051354,True,Santander
68,2024,DANE_2018_2050,Hombre,(18 a 19),38516,5,12.98161802887112,False,Santander
68,2024,DANE_2018_2050,Hombre,(20 a 24),96725,14,14.47402429568364,False,Santander
68,2024,DANE_2018_2050,Hombre,(25 a 29),98596,11,11.156639214572598,False,Santander
68,2024,DANE_2018_2050,Hombre,(30 a 34),93841,14,14.918852100894066,False,Santander
68,2024,DANE_2018_2050,Hombre,(35 a 39),83845,10,11.926769634444511,False,Santander
68,2024,DANE_2018_2050,Hombre,(40 a 44),78555,9,11.456940996753866,False,Santander
68,2024,DANE_2018_2050,Hombre,(45 a 49),70613,1,1.4161698270856642,True,Santander
68,2024,DANE_2018_2050,Hombre,(50 a 54),65018,11,16.918391829954782,False,Santander
68,2024,DANE_2018_2050,Hombre,(55 a 59),61094,9,14.731397518577928,False,Santander
68,2024,DANE_2018_2050,Hombre,(60 a 64),51646,9,17.42632536885722,False,Santander
68,2024,DANE_2018_2050,Hombre,(65 a 69),39918,7,17.535948694824388,False,Santander
68,2024,DANE_2018_2050,Hombre,(70 a 74),30106,2,6.643194047698133,True,Santander
68,2024,DANE_2018_2050,Hombre,(75 a 79),20486,0,0.0,True,Santander
68,2024,DANE_2018_2050,Hombre,(80 y más),22695,0,0.0,True,Santander
68,2024,DANE_2018_2050,Mujer,(05 a 09),83061,0,0.0,True,Santander
68,2024,DANE_2018_2050,Mujer,(10 a 14),87277,0,0.0,True,Santander
68,2024,DANE_2018_2050,Mujer,(15 a 17),54001,1,1.8518175589340937,True,Santander
68,2024,DANE_2018_2050,Mujer,(18 a 19),36226,0,0.0,True,Santander
68,2024,DANE_2018_2050,Mujer,(20 a 24),93253,4,4.289406238941375,True,Santander
68,2024,DANE_2018_2050,Mujer,(25 a 29),98054,1,1.0198462071919554,True,Santander
68,2024,DANE_2018_2050,Mujer,(30 a 34),93580,1,1.068604402650139,True,Santander
68,2024,DANE_2018_2050,Mujer,(35 a 39),85664,3,3.5020545386626822,True,Santander
68,2024,DANE_2018_2050,Mujer,(40 a 44),82103,0,0.0,True,Santander
68,2024,DANE_2018_2050,Mujer,(45 a 49),75401,1,1.3262423575284148,True,Santander
68,2024,DANE_2018_2050,Mujer,(50 a 54),71212,0,0.0,True,Santander
68,2024,DANE_2018_2050,Mujer,(55 a 59),68623,1,1.4572373693951008,True,Santander
68,2024,DANE_2018_2050,Mujer,(60 a 64),60348,2,3.314111486710413,True,Santander
68,2024,DANE_2018_2050,Mujer,(65 a 69),48014,1,2.0827258716207773,True,Santander
68,2024,DANE_2018_2050,Mujer,(70 a 74),37194,0,0.0,True,Santander
68,2024,DANE_2018_2050,Mujer,(75 a 79),27054,0,0.0,True,Santander
68,2024,DANE_2018_2050,Mujer,(80 y más),34764,1,2.8765389483373607,True,Santander
70,2015,DANE_2005_2017,Hombre,(05 a 09),42464,0,0.0,True,Sucre
70,2015,DANE_2005_2017,Hombre,(10 a 14),44137,1,2.2656727915354464,True,Sucre
70,2015,DANE_2005_2017,Hombre,(15 a 17),25724,0,0.0,True,Sucre
70,2015,DANE_2005_2017,Hombre,(18 a 19),16020,0,0.0,True,Sucre
70,2015,DANE_2005_2017,Hombre,(20 a 24),37357,7,18.738121369488987,False,Sucre
70,2015,DANE_2005_2017,Hombre,(25 a 29),32763,0,0.0,True,Sucre
70,2015,DANE_2005_2017,Hombre,(30 a 34),29671,3,10.11088268005797,True,Sucre
70,2015,DANE_2005_2017,Hombre,(35 a 39),27165,1,3.6812074360390206,True,Sucre
70,2015,DANE_2005_2017,Hombre,(40 a 44),25811,0,0.0,True,Sucre
70,2015,DANE_2005_2017,Hombre,(45 a 49),25195,3,11.907124429450288,True,Sucre
70,2015,DANE_2005_2017,Hombre,(50 a 54),22477,5,22.244961516216577,False,Sucre
70,2015,DANE_2005_2017,Hombre,(55 a 59),18239,1,5.482756730083886,True,Sucre
70,2015,DANE_2005_2017,Hombre,(60 a 64),15073,3,19.90313806143435,True,Sucre
70,2015,DANE_2005_2017,Hombre,(65 a 69),11927,0,0.0,True,Sucre
70,2015,DANE_2005_2017,Hombre,(70 a 74),8555,2,23.3781414377557,True,Sucre
70,2015,DANE_2005_2017,Hombre,(75 a 79),5963,1,16.770082173402653,True,Sucre
70,2015,DANE_2005_2017,Hombre,(80 y más),8125,7,86.15384615384616,False,Sucre
70,2015,DANE_2005_2017,Mujer,(05 a 09),40008,0,0.0,True,Sucre
70,2015,DANE_2005_2017,Mujer,(10 a 14),41043,0,0.0,True,Sucre
70,2015,DANE_2005_2017,Mujer,(15 a 17),23956,0,0.0,True,Sucre
70,2015,DANE_2005_2017,Mujer,(18 a 19),15045,0,0.0,True,Sucre
70,2015,DANE_2005_2017,Mujer,(20 a 24),36056,3,8.320390503660972,True,Sucre
70,2015,DANE_2005_2017,Mujer,(25 a 29),32880,0,0.0,True,Sucre
70,2015,DANE_2005_2017,Mujer,(30 a 34),30398,0,0.0,True,Sucre
70,2015,DANE_2005_2017,Mujer,(35 a 39),28106,1,3.557959154628905,True,Sucre
70,2015,DANE_2005_2017,Mujer,(40 a 44),26637,0,0.0,True,Sucre
70,2015,DANE_2005_2017,Mujer,(45 a 49),25543,0,0.0,True,Sucre
70,2015,DANE_2005_2017,Mujer,(50 a 54),22516,0,0.0,True,Sucre
70,2015,DANE_2005_2017,Mujer,(55 a 59),18563,0,0.0,True,Sucre
70,2015,DANE_2005_2017,Mujer,(60 a 64),15390,0,0.0,True,Sucre
70,2015,DANE_2005_2017,Mujer,(65 a 69),11988,0,0.0,True,Sucre
70,2015,DANE_2005_2017,Mujer,(70 a 74),8582,0,0.0,True,Sucre
70,2015,DANE_2005_2017,Mujer,(75 a 79),6024,0,0.0,True,Sucre
70,2015,DANE_2005_2017,Mujer,(80 y más),8658,0,0.0,True,Sucre
70,2016,DANE_2005_2017,Hombre,(05 a 09),42226,0,0.0,True,Sucre
70,2016,DANE_2005_2017,Hombre,(10 a 14),43901,0,0.0,True,Sucre
70,2016,DANE_2005_2017,Hombre,(15 a 17),26172,0,0.0,True,Sucre
70,2016,DANE_2005_2017,Hombre,(18 a 19),16342,0,0.0,True,Sucre
70,2016,DANE_2005_2017,Hombre,(20 a 24),37520,5,13.326226012793176,False,Sucre
70,2016,DANE_2005_2017,Hombre,(25 a 29),33308,1,3.0022817341179295,True,Sucre
70,2016,DANE_2005_2017,Hombre,(30 a 34),29983,5,16.6761164659974,False,Sucre
70,2016,DANE_2005_2017,Hombre,(35 a 39),27656,0,0.0,True,Sucre
70,2016,DANE_2005_2017,Hombre,(40 a 44),25812,5,19.370835270416862,False,Sucre
70,2016,DANE_2005_2017,Hombre,(45 a 49),25420,0,0.0,True,Sucre
70,2016,DANE_2005_2017,Hombre,(50 a 54),23064,2,8.671522719389525,True,Sucre
70,2016,DANE_2005_2017,Hombre,(55 a 59),18952,2,10.552975939214859,True,Sucre
70,2016,DANE_2005_2017,Hombre,(60 a 64),15361,2,13.019985678015754,True,Sucre
70,2016,DANE_2005_2017,Hombre,(65 a 69),12446,5,40.173549734854575,False,Sucre
70,2016,DANE_2005_2017,Hombre,(70 a 74),8881,0,0.0,True,Sucre
70,2016,DANE_2005_2017,Hombre,(75 a 79),6146,2,32.54149040026033,True,Sucre
70,2016,DANE_2005_2017,Hombre,(80 y más),8346,2,23.963575365444527,True,Sucre
70,2016,DANE_2005_2017,Mujer,(05 a 09),39880,0,0.0,True,Sucre
70,2016,DANE_2005_2017,Mujer,(10 a 14),40995,0,0.0,True,Sucre
70,2016,DANE_2005_2017,Mujer,(15 a 17),24259,2,8.2443629168556,True,Sucre
70,2016,DANE_2005_2017,Mujer,(18 a 19),15278,1,6.545359340227778,True,Sucre
70,2016,DANE_2005_2017,Mujer,(20 a 24),36052,0,0.0,True,Sucre
70,2016,DANE_2005_2017,Mujer,(25 a 29),33481,1,2.9867686150353934,True,Sucre
70,2016,DANE_2005_2017,Mujer,(30 a 34),30741,0,0.0,True,Sucre
70,2016,DANE_2005_2017,Mujer,(35 a 39),28610,0,0.0,True,Sucre
70,2016,DANE_2005_2017,Mujer,(40 a 44),26642,1,3.753471961564447,True,Sucre
70,2016,DANE_2005_2017,Mujer,(45 a 49),25885,0,0.0,True,Sucre
70,2016,DANE_2005_2017,Mujer,(50 a 54),23104,1,4.32825484764543,True,Sucre
70,2016,DANE_2005_2017,Mujer,(55 a 59),19226,1,5.201289919900136,True,Sucre
70,2016,DANE_2005_2017,Mujer,(60 a 64),15745,3,19.053667831057478,True,Sucre
70,2016,DANE_2005_2017,Mujer,(65 a 69),12583,0,0.0,True,Sucre
70,2016,DANE_2005_2017,Mujer,(70 a 74),8942,0,0.0,True,Sucre
70,2016,DANE_2005_2017,Mujer,(75 a 79),6214,0,0.0,True,Sucre
70,2016,DANE_2005_2017,Mujer,(80 y más),8880,0,0.0,True,Sucre
70,2017,DANE_2005_2017,Hombre,(05 a 09),42082,0,0.0,True,Sucre
70,2017,DANE_2005_2017,Hombre,(10 a 14),43686,0,0.0,True,Sucre
70,2017,DANE_2005_2017,Hombre,(15 a 17),26496,2,7.548309178743961,True,Sucre
70,2017,DANE_2005_2017,Hombre,(18 a 19),16709,2,11.969597223053444,True,Sucre
70,2017,DANE_2005_2017,Hombre,(20 a 24),37858,2,5.282899255111205,True,Sucre
70,2017,DANE_2005_2017,Hombre,(25 a 29),33929,1,2.947331191606001,True,Sucre
70,2017,DANE_2005_2017,Hombre,(30 a 34),30396,1,3.2899065666535074,True,Sucre
70,2017,DANE_2005_2017,Hombre,(35 a 39),28197,3,10.639429726566656,True,Sucre
70,2017,DANE_2005_2017,Hombre,(40 a 44),25973,4,15.4006083240288,True,Sucre
70,2017,DANE_2005_2017,Hombre,(45 a 49),25561,5,19.561050037165995,False,Sucre
70,2017,DANE_2005_2017,Hombre,(50 a 54),23614,4,16.93910392140256,True,Sucre
70,2017,DANE_2005_2017,Hombre,(55 a 59),19716,3,15.216068167985393,True,Sucre
70,2017,DANE_2005_2017,Hombre,(60 a 64),15722,2,12.721027859051011,True,Sucre
70,2017,DANE_2005_2017,Hombre,(65 a 69),12930,3,23.201856148491878,True,Sucre
70,2017,DANE_2005_2017,Hombre,(70 a 74),9256,1,10.8038029386344,True,Sucre
70,2017,DANE_2005_2017,Hombre,(75 a 79),6347,3,47.266425082716246,True,Sucre
70,2017,DANE_2005_2017,Hombre,(80 y más),8567,1,11.67269756040621,True,Sucre
70,2017,DANE_2005_2017,Mujer,(05 a 09),39861,0,0.0,True,Sucre
70,2017,DANE_2005_2017,Mujer,(10 a 14),40943,1,2.442419949686149,True,Sucre
70,2017,DANE_2005_2017,Mujer,(15 a 17),24547,1,4.073817574449016,True,Sucre
70,2017,DANE_2005_2017,Mujer,(18 a 19),15606,0,0.0,True,Sucre
70,2017,DANE_2005_2017,Mujer,(20 a 24),36186,0,0.0,True,Sucre
70,2017,DANE_2005_2017,Mujer,(25 a 29),34121,0,0.0,True,Sucre
70,2017,DANE_2005_2017,Mujer,(30 a 34),31214,0,0.0,True,Sucre
70,2017,DANE_2005_2017,Mujer,(35 a 39),29147,0,0.0,True,Sucre
70,2017,DANE_2005_2017,Mujer,(40 a 44),26807,0,0.0,True,Sucre
70,2017,DANE_2005_2017,Mujer,(45 a 49),26130,0,0.0,True,Sucre
70,2017,DANE_2005_2017,Mujer,(50 a 54),23695,0,0.0,True,Sucre
70,2017,DANE_2005_2017,Mujer,(55 a 59),19907,0,0.0,True,Sucre
70,2017,DANE_2005_2017,Mujer,(60 a 64),16160,0,0.0,True,Sucre
70,2017,DANE_2005_2017,Mujer,(65 a 69),13152,0,0.0,True,Sucre
70,2017,DANE_2005_2017,Mujer,(70 a 74),9335,1,10.712372790573111,True,Sucre
70,2017,DANE_2005_2017,Mujer,(75 a 79),6430,0,0.0,True,Sucre
70,2017,DANE_2005_2017,Mujer,(80 y más),9105,0,0.0,True,Sucre
70,2018,DANE_2018_2050,Hombre,(05 a 09),45608,0,0.0,True,Sucre
70,2018,DANE_2018_2050,Hombre,(10 a 14),46771,0,0.0,True,Sucre
70,2018,DANE_2018_2050,Hombre,(15 a 17),27616,2,7.242178447276941,True,Sucre
70,2018,DANE_2018_2050,Hombre,(18 a 19),17439,3,17.20282126268708,True,Sucre
70,2018,DANE_2018_2050,Hombre,(20 a 24),37207,2,5.375332598704545,True,Sucre
70,2018,DANE_2018_2050,Hombre,(25 a 29),32545,3,9.218005838070365,True,Sucre
70,2018,DANE_2018_2050,Hombre,(30 a 34),29004,3,10.34340091021928,True,Sucre
70,2018,DANE_2018_2050,Hombre,(35 a 39),27594,4,14.49590490686381,True,Sucre
70,2018,DANE_2018_2050,Hombre,(40 a 44),25471,3,11.778100584978995,True,Sucre
70,2018,DANE_2018_2050,Hombre,(45 a 49),24632,2,8.119519324455991,True,Sucre
70,2018,DANE_2018_2050,Hombre,(50 a 54),23325,5,21.436227224008572,False,Sucre
70,2018,DANE_2018_2050,Hombre,(55 a 59),19811,7,35.33390540608753,False,Sucre
70,2018,DANE_2018_2050,Hombre,(60 a 64),15626,2,12.799180852425446,True,Sucre
70,2018,DANE_2018_2050,Hombre,(65 a 69),13131,1,7.61556621734826,True,Sucre
70,2018,DANE_2018_2050,Hombre,(70 a 74),9779,2,20.451988955925962,True,Sucre
70,2018,DANE_2018_2050,Hombre,(75 a 79),7086,2,28.22466836014677,True,Sucre
70,2018,DANE_2018_2050,Hombre,(80 y más),8261,4,48.4202881007142,True,Sucre
70,2018,DANE_2018_2050,Mujer,(05 a 09),42764,0,0.0,True,Sucre
70,2018,DANE_2018_2050,Mujer,(10 a 14),44090,0,0.0,True,Sucre
70,2018,DANE_2018_2050,Mujer,(15 a 17),25959,0,0.0,True,Sucre
70,2018,DANE_2018_2050,Mujer,(18 a 19),15798,0,0.0,True,Sucre
70,2018,DANE_2018_2050,Mujer,(20 a 24),36230,2,5.520287054926857,True,Sucre
70,2018,DANE_2018_2050,Mujer,(25 a 29),33452,1,2.989357885926103,True,Sucre
70,2018,DANE_2018_2050,Mujer,(30 a 34),30590,0,0.0,True,Sucre
70,2018,DANE_2018_2050,Mujer,(35 a 39),28876,0,0.0,True,Sucre
70,2018,DANE_2018_2050,Mujer,(40 a 44),26039,0,0.0,True,Sucre
70,2018,DANE_2018_2050,Mujer,(45 a 49),24845,2,8.049909438518817,True,Sucre
70,2018,DANE_2018_2050,Mujer,(50 a 54),22868,0,0.0,True,Sucre
70,2018,DANE_2018_2050,Mujer,(55 a 59),19730,0,0.0,True,Sucre
70,2018,DANE_2018_2050,Mujer,(60 a 64),16111,0,0.0,True,Sucre
70,2018,DANE_2018_2050,Mujer,(65 a 69),13322,1,7.506380423359857,True,Sucre
70,2018,DANE_2018_2050,Mujer,(70 a 74),9803,0,0.0,True,Sucre
70,2018,DANE_2018_2050,Mujer,(75 a 79),7229,0,0.0,True,Sucre
70,2018,DANE_2018_2050,Mujer,(80 y más),9594,0,0.0,True,Sucre
70,2019,DANE_2018_2050,Hombre,(05 a 09),45966,0,0.0,True,Sucre
70,2019,DANE_2018_2050,Hombre,(10 a 14),47198,1,2.1187338446544346,True,Sucre
70,2019,DANE_2018_2050,Hombre,(15 a 17),28158,2,7.102777185879679,True,Sucre
70,2019,DANE_2018_2050,Hombre,(18 a 19),18374,1,5.442473059758354,True,Sucre
70,2019,DANE_2018_2050,Hombre,(20 a 24),38943,1,2.567855583801967,True,Sucre
70,2019,DANE_2018_2050,Hombre,(25 a 29),33984,4,11.770244821092279,True,Sucre
70,2019,DANE_2018_2050,Hombre,(30 a 34),29960,2,6.675567423230975,True,Sucre
70,2019,DANE_2018_2050,Hombre,(35 a 39),28171,2,7.0994994852862865,True,Sucre
70,2019,DANE_2018_2050,Hombre,(40 a 44),26225,2,7.626310772163966,True,Sucre
70,2019,DANE_2018_2050,Hombre,(45 a 49),24801,3,12.0962864400629,True,Sucre
70,2019,DANE_2018_2050,Hombre,(50 a 54),23927,3,12.538136832866636,True,Sucre
70,2019,DANE_2018_2050,Hombre,(55 a 59),20649,1,4.84284953266502,True,Sucre
70,2019,DANE_2018_2050,Hombre,(60 a 64),16364,3,18.332925934979222,True,Sucre
70,2019,DANE_2018_2050,Hombre,(65 a 69),13281,1,7.529553497477599,True,Sucre
70,2019,DANE_2018_2050,Hombre,(70 a 74),10233,1,9.77230528681716,True,Sucre
70,2019,DANE_2018_2050,Hombre,(75 a 79),7078,1,14.128284826222098,True,Sucre
70,2019,DANE_2018_2050,Hombre,(80 y más),8418,2,23.758612497030175,True,Sucre
70,2019,DANE_2018_2050,Mujer,(05 a 09),43173,0,0.0,True,Sucre
70,2019,DANE_2018_2050,Mujer,(10 a 14),44466,1,2.248909278999685,True,Sucre
70,2019,DANE_2018_2050,Mujer,(15 a 17),26659,2,7.502156870100153,True,Sucre
70,2019,DANE_2018_2050,Mujer,(18 a 19),16708,0,0.0,True,Sucre
70,2019,DANE_2018_2050,Mujer,(20 a 24),37545,1,2.6634705020641896,True,Sucre
70,2019,DANE_2018_2050,Mujer,(25 a 29),34904,1,2.8650011460004583,True,Sucre
70,2019,DANE_2018_2050,Mujer,(30 a 34),31492,0,0.0,True,Sucre
70,2019,DANE_2018_2050,Mujer,(35 a 39),29619,1,3.376211215773659,True,Sucre
70,2019,DANE_2018_2050,Mujer,(40 a 44),26848,1,3.7246722288438616,True,Sucre
70,2019,DANE_2018_2050,Mujer,(45 a 49),25138,1,3.9780412125069615,True,Sucre
70,2019,DANE_2018_2050,Mujer,(50 a 54),23607,0,0.0,True,Sucre
70,2019,DANE_2018_2050,Mujer,(55 a 59),20408,1,4.900039200313603,True,Sucre
70,2019,DANE_2018_2050,Mujer,(60 a 64),16870,1,5.927682276229994,True,Sucre
70,2019,DANE_2018_2050,Mujer,(65 a 69),13719,0,0.0,True,Sucre
70,2019,DANE_2018_2050,Mujer,(70 a 74),10355,1,9.657170449058425,True,Sucre
70,2019,DANE_2018_2050,Mujer,(75 a 79),7351,0,0.0,True,Sucre
70,2019,DANE_2018_2050,Mujer,(80 y más),10051,0,0.0,True,Sucre
70,2020,DANE_2018_2050,Hombre,(05 a 09),46446,0,0.0,True,Sucre
70,2020,DANE_2018_2050,Hombre,(10 a 14),47641,0,0.0,True,Sucre
70,2020,DANE_2018_2050,Hombre,(15 a 17),28654,0,0.0,True,Sucre
70,2020,DANE_2018_2050,Hombre,(18 a 19),19030,2,10.509721492380452,True,Sucre
70,2020,DANE_2018_2050,Hombre,(20 a 24),41083,2,4.868193656743665,True,Sucre
70,2020,DANE_2018_2050,Hombre,(25 a 29),35446,2,5.642385600631947,True,Sucre
70,2020,DANE_2018_2050,Hombre,(30 a 34),31133,0,0.0,True,Sucre
70,2020,DANE_2018_2050,Hombre,(35 a 39),28812,2,6.941552131056504,True,Sucre
70,2020,DANE_2018_2050,Hombre,(40 a 44),27006,3,11.108642523883582,True,Sucre
70,2020,DANE_2018_2050,Hombre,(45 a 49),25053,3,11.974613818704347,True,Sucre
70,2020,DANE_2018_2050,Hombre,(50 a 54),24441,1,4.0914856184280515,True,Sucre
70,2020,DANE_2018_2050,Hombre,(55 a 59),21517,4,18.58995213087326,True,Sucre
70,2020,DANE_2018_2050,Hombre,(60 a 64),17184,2,11.638733705772811,True,Sucre
70,2020,DANE_2018_2050,Hombre,(65 a 69),13467,1,7.425558773297691,True,Sucre
70,2020,DANE_2018_2050,Hombre,(70 a 74),10675,0,0.0,True,Sucre
70,2020,DANE_2018_2050,Hombre,(75 a 79),7149,1,13.987970345502866,True,Sucre
70,2020,DANE_2018_2050,Hombre,(80 y más),8571,1,11.667250029168125,True,Sucre
70,2020,DANE_2018_2050,Mujer,(05 a 09),43779,0,0.0,True,Sucre
70,2020,DANE_2018_2050,Mujer,(10 a 14),44822,1,2.231047253580831,True,Sucre
70,2020,DANE_2018_2050,Mujer,(15 a 17),27119,1,3.687451602197721,True,Sucre
70,2020,DANE_2018_2050,Mujer,(18 a 19),17623,0,0.0,True,Sucre
70,2020,DANE_2018_2050,Mujer,(20 a 24),39161,0,0.0,True,Sucre
70,2020,DANE_2018_2050,Mujer,(25 a 29),36352,0,0.0,True,Sucre
70,2020,DANE_2018_2050,Mujer,(30 a 34),32637,1,3.064007108496492,True,Sucre
70,2020,DANE_2018_2050,Mujer,(35 a 39),30360,0,0.0,True,Sucre
70,2020,DANE_2018_2050,Mujer,(40 a 44),27808,3,10.788262370540851,True,Sucre
70,2020,DANE_2018_2050,Mujer,(45 a 49),25456,1,3.928346951602766,True,Sucre
70,2020,DANE_2018_2050,Mujer,(50 a 54),24351,0,0.0,True,Sucre
70,2020,DANE_2018_2050,Mujer,(55 a 59),21094,0,0.0,True,Sucre
70,2020,DANE_2018_2050,Mujer,(60 a 64),17659,1,5.662834815108443,True,Sucre
70,2020,DANE_2018_2050,Mujer,(65 a 69),14117,1,7.083658000991712,True,Sucre
70,2020,DANE_2018_2050,Mujer,(70 a 74),10919,1,9.158347834050737,True,Sucre
70,2020,DANE_2018_2050,Mujer,(75 a 79),7541,0,0.0,True,Sucre
70,2020,DANE_2018_2050,Mujer,(80 y más),10517,0,0.0,True,Sucre
70,2021,DANE_2018_2050,Hombre,(05 a 09),46584,0,0.0,True,Sucre
70,2021,DANE_2018_2050,Hombre,(10 a 14),47795,1,2.092269065801862,True,Sucre
70,2021,DANE_2018_2050,Hombre,(15 a 17),28963,2,6.905362013603563,True,Sucre
70,2021,DANE_2018_2050,Hombre,(18 a 19),19305,2,10.36001036001036,True,Sucre
70,2021,DANE_2018_2050,Hombre,(20 a 24),43074,4,9.286344430514928,True,Sucre
70,2021,DANE_2018_2050,Hombre,(25 a 29),36628,4,10.920607185759529,True,Sucre
70,2021,DANE_2018_2050,Hombre,(30 a 34),32178,2,6.215426689042202,True,Sucre
70,2021,DANE_2018_2050,Hombre,(35 a 39),29323,2,6.820584524093715,True,Sucre
70,2021,DANE_2018_2050,Hombre,(40 a 44),27587,1,3.6248957842462026,True,Sucre
70,2021,DANE_2018_2050,Hombre,(45 a 49),25293,4,15.814652275333096,True,Sucre
70,2021,DANE_2018_2050,Hombre,(50 a 54),24788,4,16.13684040664838,True,Sucre
70,2021,DANE_2018_2050,Hombre,(55 a 59),22179,0,0.0,True,Sucre
70,2021,DANE_2018_2050,Hombre,(60 a 64),17923,4,22.317692350610947,True,Sucre
70,2021,DANE_2018_2050,Hombre,(65 a 69),13716,5,36.45377661125693,False,Sucre
70,2021,DANE_2018_2050,Hombre,(70 a 74),10987,7,63.71165923363976,False,Sucre
70,2021,DANE_2018_2050,Hombre,(75 a 79),7223,1,13.844662882458813,True,Sucre
70,2021,DANE_2018_2050,Hombre,(80 y más),8578,3,34.97318722312894,True,Sucre
70,2021,DANE_2018_2050,Mujer,(05 a 09),44165,0,0.0,True,Sucre
70,2021,DANE_2018_2050,Mujer,(10 a 14),44884,0,0.0,True,Sucre
70,2021,DANE_2018_2050,Mujer,(15 a 17),27306,1,3.662198784150003,True,Sucre
70,2021,DANE_2018_2050,Mujer,(18 a 19),18119,0,0.0,True,Sucre
70,2021,DANE_2018_2050,Mujer,(20 a 24),40801,5,12.25460160290189,False,Sucre
70,2021,DANE_2018_2050,Mujer,(25 a 29),37292,1,2.6815402767349568,True,Sucre
70,2021,DANE_2018_2050,Mujer,(30 a 34),33628,1,2.973712382538361,True,Sucre
70,2021,DANE_2018_2050,Mujer,(35 a 39),30977,0,0.0,True,Sucre
70,2021,DANE_2018_2050,Mujer,(40 a 44),28581,0,0.0,True,Sucre
70,2021,DANE_2018_2050,Mujer,(45 a 49),25807,0,0.0,True,Sucre
70,2021,DANE_2018_2050,Mujer,(50 a 54),24891,0,0.0,True,Sucre
70,2021,DANE_2018_2050,Mujer,(55 a 59),21767,1,4.59411035053062,True,Sucre
70,2021,DANE_2018_2050,Mujer,(60 a 64),18394,1,5.436555398499511,True,Sucre
70,2021,DANE_2018_2050,Mujer,(65 a 69),14520,0,0.0,True,Sucre
70,2021,DANE_2018_2050,Mujer,(70 a 74),11409,0,0.0,True,Sucre
70,2021,DANE_2018_2050,Mujer,(75 a 79),7773,0,0.0,True,Sucre
70,2021,DANE_2018_2050,Mujer,(80 y más),10856,0,0.0,True,Sucre
70,2022,DANE_2018_2050,Hombre,(05 a 09),46634,0,0.0,True,Sucre
70,2022,DANE_2018_2050,Hombre,(10 a 14),47766,0,0.0,True,Sucre
70,2022,DANE_2018_2050,Hombre,(15 a 17),29090,1,3.4376074252320388,True,Sucre
70,2022,DANE_2018_2050,Hombre,(18 a 19),19490,1,5.13083632632119,True,Sucre
70,2022,DANE_2018_2050,Hombre,(20 a 24),44847,7,15.608624880148058,False,Sucre
70,2022,DANE_2018_2050,Hombre,(25 a 29),37658,1,2.6554782516331192,True,Sucre
70,2022,DANE_2018_2050,Hombre,(30 a 34),33226,3,9.02907361704689,True,Sucre
70,2022,DANE_2018_2050,Hombre,(35 a 39),29817,2,6.70758292249388,True,Sucre
70,2022,DANE_2018_2050,Hombre,(40 a 44),27987,1,3.5730875049129955,True,Sucre
70,2022,DANE_2018_2050,Hombre,(45 a 49),25640,3,11.70046801872075,True,Sucre
70,2022,DANE_2018_2050,Hombre,(50 a 54),24977,2,8.00736677743524,True,Sucre
70,2022,DANE_2018_2050,Hombre,(55 a 59),22807,1,4.384618757399044,True,Sucre
70,2022,DANE_2018_2050,Hombre,(60 a 64),18592,6,32.271944922547334,False,Sucre
70,2022,DANE_2018_2050,Hombre,(65 a 69),14064,3,21.331058020477816,True,Sucre
70,2022,DANE_2018_2050,Hombre,(70 a 74),11199,2,17.858737387266718,True,Sucre
70,2022,DANE_2018_2050,Hombre,(75 a 79),7375,0,0.0,True,Sucre
70,2022,DANE_2018_2050,Hombre,(80 y más),8511,2,23.49900129244507,True,Sucre
70,2022,DANE_2018_2050,Mujer,(05 a 09),44445,0,0.0,True,Sucre
70,2022,DANE_2018_2050,Mujer,(10 a 14),44842,0,0.0,True,Sucre
70,2022,DANE_2018_2050,Mujer,(15 a 17),27438,0,0.0,True,Sucre
70,2022,DANE_2018_2050,Mujer,(18 a 19),18282,0,0.0,True,Sucre
70,2022,DANE_2018_2050,Mujer,(20 a 24),42415,1,2.357656489449487,True,Sucre
70,2022,DANE_2018_2050,Mujer,(25 a 29),38020,0,0.0,True,Sucre
70,2022,DANE_2018_2050,Mujer,(30 a 34),34544,0,0.0,True,Sucre
70,2022,DANE_2018_2050,Mujer,(35 a 39),31542,2,6.340752013188765,True,Sucre
70,2022,DANE_2018_2050,Mujer,(40 a 44),29264,1,3.417167851284855,True,Sucre
70,2022,DANE_2018_2050,Mujer,(45 a 49),26252,1,3.8092335822032606,True,Sucre
70,2022,DANE_2018_2050,Mujer,(50 a 54),25246,0,0.0,True,Sucre
70,2022,DANE_2018_2050,Mujer,(55 a 59),22422,0,0.0,True,Sucre
70,2022,DANE_2018_2050,Mujer,(60 a 64),19052,0,0.0,True,Sucre
70,2022,DANE_2018_2050,Mujer,(65 a 69),15036,0,0.0,True,Sucre
70,2022,DANE_2018_2050,Mujer,(70 a 74),11855,1,8.435259384226065,True,Sucre
70,2022,DANE_2018_2050,Mujer,(75 a 79),8084,0,0.0,True,Sucre
70,2022,DANE_2018_2050,Mujer,(80 y más),11142,0,0.0,True,Sucre
70,2023,DANE_2018_2050,Hombre,(05 a 09),46690,0,0.0,True,Sucre
70,2023,DANE_2018_2050,Hombre,(10 a 14),47742,0,0.0,True,Sucre
70,2023,DANE_2018_2050,Hombre,(15 a 17),29087,2,6.875923952281088,True,Sucre
70,2023,DANE_2018_2050,Hombre,(18 a 19),19663,0,0.0,True,Sucre
70,2023,DANE_2018_2050,Hombre,(20 a 24),46232,6,12.978023879563937,False,Sucre
70,2023,DANE_2018_2050,Hombre,(25 a 29),38773,5,12.895571660691719,False,Sucre
70,2023,DANE_2018_2050,Hombre,(30 a 34),34316,4,11.656370206317751,True,Sucre
70,2023,DANE_2018_2050,Hombre,(35 a 39),30320,1,3.2981530343007917,True,Sucre
70,2023,DANE_2018_2050,Hombre,(40 a 44),28390,4,14.089468122578372,True,Sucre
70,2023,DANE_2018_2050,Hombre,(45 a 49),26074,2,7.670476336580502,True,Sucre
70,2023,DANE_2018_2050,Hombre,(50 a 54),25076,5,19.939384271813687,False,Sucre
70,2023,DANE_2018_2050,Hombre,(55 a 59),23341,4,17.137226339916882,True,Sucre
70,2023,DANE_2018_2050,Hombre,(60 a 64),19292,9,46.65146174580136,False,Sucre
70,2023,DANE_2018_2050,Hombre,(65 a 69),14580,4,27.434842249657066,True,Sucre
70,2023,DANE_2018_2050,Hombre,(70 a 74),11325,3,26.490066225165563,True,Sucre
70,2023,DANE_2018_2050,Hombre,(75 a 79),7642,1,13.085579691180317,True,Sucre
70,2023,DANE_2018_2050,Hombre,(80 y más),8530,1,11.723329425556859,True,Sucre
70,2023,DANE_2018_2050,Mujer,(05 a 09),44626,0,0.0,True,Sucre
70,2023,DANE_2018_2050,Mujer,(10 a 14),44785,1,2.232890476722117,True,Sucre
70,2023,DANE_2018_2050,Mujer,(15 a 17),27491,1,3.637554108617366,True,Sucre
70,2023,DANE_2018_2050,Mujer,(18 a 19),18346,0,0.0,True,Sucre
70,2023,DANE_2018_2050,Mujer,(20 a 24),43826,1,2.281750559028887,True,Sucre
70,2023,DANE_2018_2050,Mujer,(25 a 29),38783,0,0.0,True,Sucre
70,2023,DANE_2018_2050,Mujer,(30 a 34),35562,0,0.0,True,Sucre
70,2023,DANE_2018_2050,Mujer,(35 a 39),32058,3,9.358038555118847,True,Sucre
70,2023,DANE_2018_2050,Mujer,(40 a 44),29858,0,0.0,True,Sucre
70,2023,DANE_2018_2050,Mujer,(45 a 49),26827,1,3.7275878778842215,True,Sucre
70,2023,DANE_2018_2050,Mujer,(50 a 54),25456,0,0.0,True,Sucre
70,2023,DANE_2018_2050,Mujer,(55 a 59),23132,2,8.646031471554558,True,Sucre
70,2023,DANE_2018_2050,Mujer,(60 a 64),19646,0,0.0,True,Sucre
70,2023,DANE_2018_2050,Mujer,(65 a 69),15650,0,0.0,True,Sucre
70,2023,DANE_2018_2050,Mujer,(70 a 74),12248,0,0.0,True,Sucre
70,2023,DANE_2018_2050,Mujer,(75 a 79),8495,0,0.0,True,Sucre
70,2023,DANE_2018_2050,Mujer,(80 y más),11469,0,0.0,True,Sucre
70,2024,DANE_2018_2050,Hombre,(05 a 09),46710,0,0.0,True,Sucre
70,2024,DANE_2018_2050,Hombre,(10 a 14),47714,3,6.287462799178439,True,Sucre
70,2024,DANE_2018_2050,Hombre,(15 a 17),29049,1,3.442459292918861,True,Sucre
70,2024,DANE_2018_2050,Hombre,(18 a 19),19768,1,5.058680696074464,True,Sucre
70,2024,DANE_2018_2050,Hombre,(20 a 24),47319,4,8.453264016568397,True,Sucre
70,2024,DANE_2018_2050,Hombre,(25 a 29),40091,4,9.977301638771795,True,Sucre
70,2024,DANE_2018_2050,Hombre,(30 a 34),35419,1,2.8233434032581384,True,Sucre
70,2024,DANE_2018_2050,Hombre,(35 a 39),30971,5,16.144134835814146,False,Sucre
70,2024,DANE_2018_2050,Hombre,(40 a 44),28741,1,3.479350057409276,True,Sucre
70,2024,DANE_2018_2050,Hombre,(45 a 49),26643,4,15.013324325338736,True,Sucre
70,2024,DANE_2018_2050,Hombre,(50 a 54),25110,2,7.964954201513342,True,Sucre
70,2024,DANE_2018_2050,Hombre,(55 a 59),23845,2,8.38750262109457,True,Sucre
70,2024,DANE_2018_2050,Hombre,(60 a 64),20018,2,9.991008092716555,True,Sucre
70,2024,DANE_2018_2050,Hombre,(65 a 69),15229,6,39.39851598923107,False,Sucre
70,2024,DANE_2018_2050,Hombre,(70 a 74),11446,3,26.210029704700336,True,Sucre
70,2024,DANE_2018_2050,Hombre,(75 a 79),8003,0,0.0,True,Sucre
70,2024,DANE_2018_2050,Hombre,(80 y más),8644,0,0.0,True,Sucre
70,2024,DANE_2018_2050,Mujer,(05 a 09),44721,0,0.0,True,Sucre
70,2024,DANE_2018_2050,Mujer,(10 a 14),44823,1,2.230997478972849,True,Sucre
70,2024,DANE_2018_2050,Mujer,(15 a 17),27451,1,3.642854540818185,True,Sucre
70,2024,DANE_2018_2050,Mujer,(18 a 19),18419,0,0.0,True,Sucre
70,2024,DANE_2018_2050,Mujer,(20 a 24),44966,2,4.447805008228439,True,Sucre
70,2024,DANE_2018_2050,Mujer,(25 a 29),39630,0,0.0,True,Sucre
70,2024,DANE_2018_2050,Mujer,(30 a 34),36622,2,5.461198186882203,True,Sucre
70,2024,DANE_2018_2050,Mujer,(35 a 39),32645,1,3.063256241384592,True,Sucre
70,2024,DANE_2018_2050,Mujer,(40 a 44),30393,1,3.2902313032606196,True,Sucre
70,2024,DANE_2018_2050,Mujer,(45 a 49),27476,0,0.0,True,Sucre
70,2024,DANE_2018_2050,Mujer,(50 a 54),25622,1,3.9028959487940056,True,Sucre
70,2024,DANE_2018_2050,Mujer,(55 a 59),23768,0,0.0,True,Sucre
70,2024,DANE_2018_2050,Mujer,(60 a 64),20237,0,0.0,True,Sucre
70,2024,DANE_2018_2050,Mujer,(65 a 69),16324,0,0.0,True,Sucre
70,2024,DANE_2018_2050,Mujer,(70 a 74),12574,0,0.0,True,Sucre
70,2024,DANE_2018_2050,Mujer,(75 a 79),8945,0,0.0,True,Sucre
70,2024,DANE_2018_2050,Mujer,(80 y más),11771,0,0.0,True,Sucre
73,2015,DANE_2005_2017,Hombre,(05 a 09),54544,0,0.0,True,Tolima
73,2015,DANE_2005_2017,Hombre,(10 a 14),59605,2,3.355423202751447,True,Tolima
73,2015,DANE_2005_2017,Hombre,(15 a 17),36223,3,8.282030753940866,True,Tolima
73,2015,DANE_2005_2017,Hombre,(18 a 19),23025,2,8.686210640608035,True,Tolima
73,2015,DANE_2005_2017,Hombre,(20 a 24),53536,5,9.339509862522416,False,Tolima
73,2015,DANE_2005_2017,Hombre,(25 a 29),46530,7,15.044057597249086,False,Tolima
73,2015,DANE_2005_2017,Hombre,(30 a 34),43475,2,4.600345025876941,True,Tolima
73,2015,DANE_2005_2017,Hombre,(35 a 39),40807,3,7.351679858847747,True,Tolima
73,2015,DANE_2005_2017,Hombre,(40 a 44),38916,5,12.848185836159933,False,Tolima
73,2015,DANE_2005_2017,Hombre,(45 a 49),40142,0,0.0,True,Tolima
73,2015,DANE_2005_2017,Hombre,(50 a 54),38593,4,10.364573886456093,True,Tolima
73,2015,DANE_2005_2017,Hombre,(55 a 59),33925,3,8.843036109064112,True,Tolima
73,2015,DANE_2005_2017,Hombre,(60 a 64),28438,2,7.032843378577959,True,Tolima
73,2015,DANE_2005_2017,Hombre,(65 a 69),22887,3,13.107877834578582,True,Tolima
73,2015,DANE_2005_2017,Hombre,(70 a 74),16962,2,11.791062374719962,True,Tolima
73,2015,DANE_2005_2017,Hombre,(75 a 79),11822,0,0.0,True,Tolima
73,2015,DANE_2005_2017,Hombre,(80 y más),16004,3,18.745313671582103,True,Tolima
73,2015,DANE_2005_2017,Mujer,(05 a 09),51721,0,0.0,True,Tolima
73,2015,DANE_2005_2017,Mujer,(10 a 14),56162,2,3.5611267405006948,True,Tolima
73,2015,DANE_2005_2017,Mujer,(15 a 17),34659,2,5.770506939034594,True,Tolima
73,2015,DANE_2005_2017,Mujer,(18 a 19),22258,2,8.985533291400843,True,Tolima
73,2015,DANE_2005_2017,Mujer,(20 a 24),51763,3,5.795645538318876,True,Tolima
73,2015,DANE_2005_2017,Mujer,(25 a 29),46151,0,0.0,True,Tolima
73,2015,DANE_2005_2017,Mujer,(30 a 34),44432,1,2.250630176449406,True,Tolima
73,2015,DANE_2005_2017,Mujer,(35 a 39),43041,0,0.0,True,Tolima
73,2015,DANE_2005_2017,Mujer,(40 a 44),42279,1,2.365240426689373,True,Tolima
73,2015,DANE_2005_2017,Mujer,(45 a 49),44055,0,0.0,True,Tolima
73,2015,DANE_2005_2017,Mujer,(50 a 54),42277,0,0.0,True,Tolima
73,2015,DANE_2005_2017,Mujer,(55 a 59),36564,0,0.0,True,Tolima
73,2015,DANE_2005_2017,Mujer,(60 a 64),30075,1,3.3250207813798838,True,Tolima
73,2015,DANE_2005_2017,Mujer,(65 a 69),24037,1,4.160252943378957,True,Tolima
73,2015,DANE_2005_2017,Mujer,(70 a 74),17977,0,0.0,True,Tolima
73,2015,DANE_2005_2017,Mujer,(75 a 79),12556,0,0.0,True,Tolima
73,2015,DANE_2005_2017,Mujer,(80 y más),17431,0,0.0,True,Tolima
73,2016,DANE_2005_2017,Hombre,(05 a 09),53421,0,0.0,True,Tolima
73,2016,DANE_2005_2017,Hombre,(10 a 14),58434,1,1.7113324434404629,True,Tolima
73,2016,DANE_2005_2017,Hombre,(15 a 17),36347,4,11.005034803422566,True,Tolima
73,2016,DANE_2005_2017,Hombre,(18 a 19),23163,0,0.0,True,Tolima
73,2016,DANE_2005_2017,Hombre,(20 a 24),53389,5,9.365225046357864,False,Tolima
73,2016,DANE_2005_2017,Hombre,(25 a 29),46946,9,19.170962382311593,False,Tolima
73,2016,DANE_2005_2017,Hombre,(30 a 34),43319,8,18.46764699092777,False,Tolima
73,2016,DANE_2005_2017,Hombre,(35 a 39),41366,2,4.834888555818788,True,Tolima
73,2016,DANE_2005_2017,Hombre,(40 a 44),38773,5,12.895571660691719,False,Tolima
73,2016,DANE_2005_2017,Hombre,(45 a 49),39795,4,10.051514009297652,True,Tolima
73,2016,DANE_2005_2017,Hombre,(50 a 54),38975,8,20.525978191148173,False,Tolima
73,2016,DANE_2005_2017,Hombre,(55 a 59),34630,4,11.550678602367888,True,Tolima
73,2016,DANE_2005_2017,Hombre,(60 a 64),29217,2,6.8453297737618515,True,Tolima
73,2016,DANE_2005_2017,Hombre,(65 a 69),23541,1,4.2479079053566124,True,Tolima
73,2016,DANE_2005_2017,Hombre,(70 a 74),17588,5,28.428473959517856,False,Tolima
73,2016,DANE_2005_2017,Hombre,(75 a 79),12103,1,8.262414277451871,True,Tolima
73,2016,DANE_2005_2017,Hombre,(80 y más),16352,2,12.23091976516634,True,Tolima
73,2016,DANE_2005_2017,Mujer,(05 a 09),50691,0,0.0,True,Tolima
73,2016,DANE_2005_2017,Mujer,(10 a 14),55013,2,3.63550433533892,True,Tolima
73,2016,DANE_2005_2017,Mujer,(15 a 17),34453,3,8.70751458508693,True,Tolima
73,2016,DANE_2005_2017,Mujer,(18 a 19),22213,0,0.0,True,Tolima
73,2016,DANE_2005_2017,Mujer,(20 a 24),51586,2,3.8770208971426356,True,Tolima
73,2016,DANE_2005_2017,Mujer,(25 a 29),46594,2,4.292398162853586,True,Tolima
73,2016,DANE_2005_2017,Mujer,(30 a 34),44313,1,2.2566741136912416,True,Tolima
73,2016,DANE_2005_2017,Mujer,(35 a 39),43384,1,2.304997234003319,True,Tolima
73,2016,DANE_2005_2017,Mujer,(40 a 44),41928,2,4.770082045411181,True,Tolima
73,2016,DANE_2005_2017,Mujer,(45 a 49),43611,1,2.2929994726101213,True,Tolima
73,2016,DANE_2005_2017,Mujer,(50 a 54),42822,0,0.0,True,Tolima
73,2016,DANE_2005_2017,Mujer,(55 a 59),37610,0,0.0,True,Tolima
73,2016,DANE_2005_2017,Mujer,(60 a 64),31098,0,0.0,True,Tolima
73,2016,DANE_2005_2017,Mujer,(65 a 69),24854,0,0.0,True,Tolima
73,2016,DANE_2005_2017,Mujer,(70 a 74),18753,0,0.0,True,Tolima
73,2016,DANE_2005_2017,Mujer,(75 a 79),12960,0,0.0,True,Tolima
73,2016,DANE_2005_2017,Mujer,(80 y más),17961,0,0.0,True,Tolima
73,2017,DANE_2005_2017,Hombre,(05 a 09),52380,0,0.0,True,Tolima
73,2017,DANE_2005_2017,Hombre,(10 a 14),57231,3,5.241914347119568,True,Tolima
73,2017,DANE_2005_2017,Hombre,(15 a 17),36287,3,8.26742359522694,True,Tolima
73,2017,DANE_2005_2017,Hombre,(18 a 19),23352,5,21.41144227475163,False,Tolima
73,2017,DANE_2005_2017,Hombre,(20 a 24),53295,11,20.639834881320947,False,Tolima
73,2017,DANE_2005_2017,Hombre,(25 a 29),47359,8,16.8922485694377,False,Tolima
73,2017,DANE_2005_2017,Hombre,(30 a 34),43257,9,20.805881129065817,False,Tolima
73,2017,DANE_2005_2017,Hombre,(35 a 39),41912,2,4.77190303493033,True,Tolima
73,2017,DANE_2005_2017,Hombre,(40 a 44),38855,4,10.29468536867842,True,Tolima
73,2017,DANE_2005_2017,Hombre,(45 a 49),39358,4,10.163118044616088,True,Tolima
73,2017,DANE_2005_2017,Hombre,(50 a 54),39278,6,15.275726870003563,False,Tolima
73,2017,DANE_2005_2017,Hombre,(55 a 59),35317,3,8.49449273720871,True,Tolima
73,2017,DANE_2005_2017,Hombre,(60 a 64),29974,1,3.336224728097685,True,Tolima
73,2017,DANE_2005_2017,Hombre,(65 a 69),24234,6,24.75860361475613,False,Tolima
73,2017,DANE_2005_2017,Hombre,(70 a 74),18215,1,5.489980785067252,True,Tolima
73,2017,DANE_2005_2017,Hombre,(75 a 79),12479,2,16.026925234393783,True,Tolima
73,2017,DANE_2005_2017,Hombre,(80 y más),16664,3,18.00288046087374,True,Tolima
73,2017,DANE_2005_2017,Mujer,(05 a 09),49746,0,0.0,True,Tolima
73,2017,DANE_2005_2017,Mujer,(10 a 14),53906,1,1.8550810670426299,True,Tolima
73,2017,DANE_2005_2017,Mujer,(15 a 17),34117,3,8.793270217193774,True,Tolima
73,2017,DANE_2005_2017,Mujer,(18 a 19),22167,1,4.511210357738982,True,Tolima
73,2017,DANE_2005_2017,Mujer,(20 a 24),51425,4,7.778317938745746,True,Tolima
73,2017,DANE_2005_2017,Mujer,(25 a 29),47079,4,8.496357186856136,True,Tolima
73,2017,DANE_2005_2017,Mujer,(30 a 34),44286,0,0.0,True,Tolima
73,2017,DANE_2005_2017,Mujer,(35 a 39),43731,2,4.573414740115708,True,Tolima
73,2017,DANE_2005_2017,Mujer,(40 a 44),41769,1,2.3941200411788643,True,Tolima
73,2017,DANE_2005_2017,Mujer,(45 a 49),43090,2,4.641448131817127,True,Tolima
73,2017,DANE_2005_2017,Mujer,(50 a 54),43170,1,2.316423442205235,True,Tolima
73,2017,DANE_2005_2017,Mujer,(55 a 59),38629,0,0.0,True,Tolima
73,2017,DANE_2005_2017,Mujer,(60 a 64),32159,0,0.0,True,Tolima
73,2017,DANE_2005_2017,Mujer,(65 a 69),25701,0,0.0,True,Tolima
73,2017,DANE_2005_2017,Mujer,(70 a 74),19555,1,5.113781641523907,True,Tolima
73,2017,DANE_2005_2017,Mujer,(75 a 79),13448,0,0.0,True,Tolima
73,2017,DANE_2005_2017,Mujer,(80 y más),18479,1,5.411548243952595,True,Tolima
73,2018,DANE_2018_2050,Hombre,(05 a 09),53830,0,0.0,True,Tolima
73,2018,DANE_2018_2050,Hombre,(10 a 14),59406,1,1.6833316500016835,True,Tolima
73,2018,DANE_2018_2050,Hombre,(15 a 17),37107,3,8.08472794890452,True,Tolima
73,2018,DANE_2018_2050,Hombre,(18 a 19),22720,3,13.204225352112674,True,Tolima
73,2018,DANE_2018_2050,Hombre,(20 a 24),50902,14,27.50383089073121,False,Tolima
73,2018,DANE_2018_2050,Hombre,(25 a 29),44105,9,20.40584967690738,False,Tolima
73,2018,DANE_2018_2050,Hombre,(30 a 34),39406,5,12.688423082779272,False,Tolima
73,2018,DANE_2018_2050,Hombre,(35 a 39),39543,6,15.173355587588196,False,Tolima
73,2018,DANE_2018_2050,Hombre,(40 a 44),38173,4,10.478610536242893,True,Tolima
73,2018,DANE_2018_2050,Hombre,(45 a 49),39077,7,17.913350564270544,False,Tolima
73,2018,DANE_2018_2050,Hombre,(50 a 54),39453,4,10.13864598382886,True,Tolima
73,2018,DANE_2018_2050,Hombre,(55 a 59),35931,3,8.349336227769893,True,Tolima
73,2018,DANE_2018_2050,Hombre,(60 a 64),30951,4,12.923653516849214,True,Tolima
73,2018,DANE_2018_2050,Hombre,(65 a 69),26051,5,19.193121185367165,False,Tolima
73,2018,DANE_2018_2050,Hombre,(70 a 74),20124,3,14.90757304710793,True,Tolima
73,2018,DANE_2018_2050,Hombre,(75 a 79),14681,2,13.623050200939991,True,Tolima
73,2018,DANE_2018_2050,Hombre,(80 y más),17580,6,34.129692832764505,False,Tolima
73,2018,DANE_2018_2050,Mujer,(05 a 09),51046,0,0.0,True,Tolima
73,2018,DANE_2018_2050,Mujer,(10 a 14),56340,4,7.099751508697196,True,Tolima
73,2018,DANE_2018_2050,Mujer,(15 a 17),35138,1,2.845921794069099,True,Tolima
73,2018,DANE_2018_2050,Mujer,(18 a 19),22335,2,8.954555630176852,True,Tolima
73,2018,DANE_2018_2050,Mujer,(20 a 24),50094,2,3.9924941110711862,True,Tolima
73,2018,DANE_2018_2050,Mujer,(25 a 29),44669,1,2.2386890237077166,True,Tolima
73,2018,DANE_2018_2050,Mujer,(30 a 34),41802,0,0.0,True,Tolima
73,2018,DANE_2018_2050,Mujer,(35 a 39),42520,0,0.0,True,Tolima
73,2018,DANE_2018_2050,Mujer,(40 a 44),40484,1,2.4701116490465367,True,Tolima
73,2018,DANE_2018_2050,Mujer,(45 a 49),41028,1,2.437359851808521,True,Tolima
73,2018,DANE_2018_2050,Mujer,(50 a 54),41749,2,4.790533905003713,True,Tolima
73,2018,DANE_2018_2050,Mujer,(55 a 59),38566,0,0.0,True,Tolima
73,2018,DANE_2018_2050,Mujer,(60 a 64),33042,2,6.052902366684825,True,Tolima
73,2018,DANE_2018_2050,Mujer,(65 a 69),27253,0,0.0,True,Tolima
73,2018,DANE_2018_2050,Mujer,(70 a 74),21306,0,0.0,True,Tolima
73,2018,DANE_2018_2050,Mujer,(75 a 79),16034,1,6.236746912810279,True,Tolima
73,2018,DANE_2018_2050,Mujer,(80 y más),21482,1,4.655060050274649,True,Tolima
73,2019,DANE_2018_2050,Hombre,(05 a 09),53077,0,0.0,True,Tolima
73,2019,DANE_2018_2050,Hombre,(10 a 14),58522,3,5.126277297426609,True,Tolima
73,2019,DANE_2018_2050,Hombre,(15 a 17),36896,4,10.841283607979184,True,Tolima
73,2019,DANE_2018_2050,Hombre,(18 a 19),23360,5,21.404109589041095,False,Tolima
73,2019,DANE_2018_2050,Hombre,(20 a 24),52476,17,32.395761872093914,False,Tolima
73,2019,DANE_2018_2050,Hombre,(25 a 29),45834,16,34.90858314788149,False,Tolima
73,2019,DANE_2018_2050,Hombre,(30 a 34),40167,8,19.916847163094083,False,Tolima
73,2019,DANE_2018_2050,Hombre,(35 a 39),39644,5,12.612249016244576,False,Tolima
73,2019,DANE_2018_2050,Hombre,(40 a 44),38662,7,18.105633438518442,False,Tolima
73,2019,DANE_2018_2050,Hombre,(45 a 49),38688,4,10.339123242349048,True,Tolima
73,2019,DANE_2018_2050,Hombre,(50 a 54),39383,7,17.77416651854861,False,Tolima
73,2019,DANE_2018_2050,Hombre,(55 a 59),36783,3,8.15594160345812,True,Tolima
73,2019,DANE_2018_2050,Hombre,(60 a 64),31267,8,25.58608117184252,False,Tolima
73,2019,DANE_2018_2050,Hombre,(65 a 69),26585,4,15.046078615760768,True,Tolima
73,2019,DANE_2018_2050,Hombre,(70 a 74),20571,3,14.583637159107482,True,Tolima
73,2019,DANE_2018_2050,Hombre,(75 a 79),14832,6,40.45307443365696,False,Tolima
73,2019,DANE_2018_2050,Hombre,(80 y más),17842,3,16.81425849120054,True,Tolima
73,2019,DANE_2018_2050,Mujer,(05 a 09),50594,0,0.0,True,Tolima
73,2019,DANE_2018_2050,Mujer,(10 a 14),55342,2,3.6138918000795055,True,Tolima
73,2019,DANE_2018_2050,Mujer,(15 a 17),35042,5,14.268591975343872,False,Tolima
73,2019,DANE_2018_2050,Mujer,(18 a 19),22841,3,13.134276082483252,True,Tolima
73,2019,DANE_2018_2050,Mujer,(20 a 24),51590,3,5.8150804419461135,True,Tolima
73,2019,DANE_2018_2050,Mujer,(25 a 29),45960,0,0.0,True,Tolima
73,2019,DANE_2018_2050,Mujer,(30 a 34),42084,2,4.7523999619808,True,Tolima
73,2019,DANE_2018_2050,Mujer,(35 a 39),42725,1,2.340550029256875,True,Tolima
73,2019,DANE_2018_2050,Mujer,(40 a 44),40760,1,2.4533856722276743,True,Tolima
73,2019,DANE_2018_2050,Mujer,(45 a 49),40712,0,0.0,True,Tolima
73,2019,DANE_2018_2050,Mujer,(50 a 54),41702,2,4.795933048774639,True,Tolima
73,2019,DANE_2018_2050,Mujer,(55 a 59),39280,0,0.0,True,Tolima
73,2019,DANE_2018_2050,Mujer,(60 a 64),33841,0,0.0,True,Tolima
73,2019,DANE_2018_2050,Mujer,(65 a 69),27931,1,3.5802513336436217,True,Tolima
73,2019,DANE_2018_2050,Mujer,(70 a 74),21968,0,0.0,True,Tolima
73,2019,DANE_2018_2050,Mujer,(75 a 79),16290,0,0.0,True,Tolima
73,2019,DANE_2018_2050,Mujer,(80 y más),21862,0,0.0,True,Tolima
73,2020,DANE_2018_2050,Hombre,(05 a 09),52556,0,0.0,True,Tolima
73,2020,DANE_2018_2050,Hombre,(10 a 14),57560,4,6.949270326615705,True,Tolima
73,2020,DANE_2018_2050,Hombre,(15 a 17),36549,3,8.208158909956497,True,Tolima
73,2020,DANE_2018_2050,Hombre,(18 a 19),23732,6,25.282319231417496,False,Tolima
73,2020,DANE_2018_2050,Hombre,(20 a 24),54043,13,24.054919230982737,False,Tolima
73,2020,DANE_2018_2050,Hombre,(25 a 29),47648,7,14.691067830758898,False,Tolima
73,2020,DANE_2018_2050,Hombre,(30 a 34),41284,6,14.53347543842651,False,Tolima
73,2020,DANE_2018_2050,Hombre,(35 a 39),39748,10,25.158498540807084,False,Tolima
73,2020,DANE_2018_2050,Hombre,(40 a 44),39246,5,12.740151862610203,False,Tolima
73,2020,DANE_2018_2050,Hombre,(45 a 49),38370,2,5.2124055251498564,True,Tolima
73,2020,DANE_2018_2050,Hombre,(50 a 54),39286,7,17.8180522323474,False,Tolima
73,2020,DANE_2018_2050,Hombre,(55 a 59),37461,3,8.008328661808282,True,Tolima
73,2020,DANE_2018_2050,Hombre,(60 a 64),31683,4,12.625067070668814,True,Tolima
73,2020,DANE_2018_2050,Hombre,(65 a 69),27109,5,18.444059168541813,False,Tolima
73,2020,DANE_2018_2050,Hombre,(70 a 74),21055,6,28.496794110662552,False,Tolima
73,2020,DANE_2018_2050,Hombre,(75 a 79),14998,3,20.002667022269637,True,Tolima
73,2020,DANE_2018_2050,Hombre,(80 y más),18133,4,22.059229029945403,True,Tolima
73,2020,DANE_2018_2050,Mujer,(05 a 09),50196,0,0.0,True,Tolima
73,2020,DANE_2018_2050,Mujer,(10 a 14),54491,1,1.8351654401644308,True,Tolima
73,2020,DANE_2018_2050,Mujer,(15 a 17),34595,3,8.67177337765573,True,Tolima
73,2020,DANE_2018_2050,Mujer,(18 a 19),23226,2,8.61103935244984,True,Tolima
73,2020,DANE_2018_2050,Mujer,(20 a 24),53165,3,5.64281011943948,True,Tolima
73,2020,DANE_2018_2050,Mujer,(25 a 29),47312,2,4.227257355427798,True,Tolima
73,2020,DANE_2018_2050,Mujer,(30 a 34),42702,4,9.36724275209592,True,Tolima
73,2020,DANE_2018_2050,Mujer,(35 a 39),42707,0,0.0,True,Tolima
73,2020,DANE_2018_2050,Mujer,(40 a 44),41328,2,4.83933410762679,True,Tolima
73,2020,DANE_2018_2050,Mujer,(45 a 49),40435,1,2.4731049833065413,True,Tolima
73,2020,DANE_2018_2050,Mujer,(50 a 54),41532,1,2.4077819512664935,True,Tolima
73,2020,DANE_2018_2050,Mujer,(55 a 59),39891,0,0.0,True,Tolima
73,2020,DANE_2018_2050,Mujer,(60 a 64),34662,0,0.0,True,Tolima
73,2020,DANE_2018_2050,Mujer,(65 a 69),28641,0,0.0,True,Tolima
73,2020,DANE_2018_2050,Mujer,(70 a 74),22650,0,0.0,True,Tolima
73,2020,DANE_2018_2050,Mujer,(75 a 79),16608,0,0.0,True,Tolima
73,2020,DANE_2018_2050,Mujer,(80 y más),22196,0,0.0,True,Tolima
73,2021,DANE_2018_2050,Hombre,(05 a 09),52028,0,0.0,True,Tolima
73,2021,DANE_2018_2050,Hombre,(10 a 14),56653,2,3.5302631811201524,True,Tolima
73,2021,DANE_2018_2050,Hombre,(15 a 17),35989,4,11.114507210536551,True,Tolima
73,2021,DANE_2018_2050,Hombre,(18 a 19),23685,2,8.444162972345367,True,Tolima
73,2021,DANE_2018_2050,Hombre,(20 a 24),55477,11,19.828036844097554,False,Tolima
73,2021,DANE_2018_2050,Hombre,(25 a 29),49368,10,20.256036298817047,False,Tolima
73,2021,DANE_2018_2050,Hombre,(30 a 34),42497,9,21.177965503447304,False,Tolima
73,2021,DANE_2018_2050,Hombre,(35 a 39),39782,11,27.650696294806696,False,Tolima
73,2021,DANE_2018_2050,Hombre,(40 a 44),39782,4,10.05479865265698,True,Tolima
73,2021,DANE_2018_2050,Hombre,(45 a 49),38106,4,10.497034587728967,True,Tolima
73,2021,DANE_2018_2050,Hombre,(50 a 54),39121,6,15.337031261982055,False,Tolima
73,2021,DANE_2018_2050,Hombre,(55 a 59),37839,7,18.499431803166047,False,Tolima
73,2021,DANE_2018_2050,Hombre,(60 a 64),32213,3,9.31301027535467,True,Tolima
73,2021,DANE_2018_2050,Hombre,(65 a 69),27440,7,25.510204081632654,False,Tolima
73,2021,DANE_2018_2050,Hombre,(70 a 74),21446,4,18.651496782616803,True,Tolima
73,2021,DANE_2018_2050,Hombre,(75 a 79),15135,3,19.821605550049554,True,Tolima
73,2021,DANE_2018_2050,Hombre,(80 y más),18141,3,16.5371258475277,True,Tolima
73,2021,DANE_2018_2050,Mujer,(05 a 09),49829,0,0.0,True,Tolima
73,2021,DANE_2018_2050,Mujer,(10 a 14),53583,3,5.598790661217177,True,Tolima
73,2021,DANE_2018_2050,Mujer,(15 a 17),34177,4,11.703777394153963,True,Tolima
73,2021,DANE_2018_2050,Mujer,(18 a 19),23223,4,17.224303492227534,True,Tolima
73,2021,DANE_2018_2050,Mujer,(20 a 24),54592,2,3.6635404454865177,True,Tolima
73,2021,DANE_2018_2050,Mujer,(25 a 29),48506,2,4.123201253453181,True,Tolima
73,2021,DANE_2018_2050,Mujer,(30 a 34),43508,1,2.2984278753332723,True,Tolima
73,2021,DANE_2018_2050,Mujer,(35 a 39),42620,2,4.692632566870014,True,Tolima
73,2021,DANE_2018_2050,Mujer,(40 a 44),41942,0,0.0,True,Tolima
73,2021,DANE_2018_2050,Mujer,(45 a 49),40282,0,0.0,True,Tolima
73,2021,DANE_2018_2050,Mujer,(50 a 54),41210,1,2.426595486532395,True,Tolima
73,2021,DANE_2018_2050,Mujer,(55 a 59),40351,0,0.0,True,Tolima
73,2021,DANE_2018_2050,Mujer,(60 a 64),35473,1,2.8190454712034505,True,Tolima
73,2021,DANE_2018_2050,Mujer,(65 a 69),29396,0,0.0,True,Tolima
73,2021,DANE_2018_2050,Mujer,(70 a 74),23259,0,0.0,True,Tolima
73,2021,DANE_2018_2050,Mujer,(75 a 79),16928,0,0.0,True,Tolima
73,2021,DANE_2018_2050,Mujer,(80 y más),22384,0,0.0,True,Tolima
73,2022,DANE_2018_2050,Hombre,(05 a 09),51570,0,0.0,True,Tolima
73,2022,DANE_2018_2050,Hombre,(10 a 14),55638,3,5.391998274560552,True,Tolima
73,2022,DANE_2018_2050,Hombre,(15 a 17),35464,6,16.91856530566208,False,Tolima
73,2022,DANE_2018_2050,Hombre,(18 a 19),23400,8,34.18803418803419,False,Tolima
73,2022,DANE_2018_2050,Hombre,(20 a 24),56559,11,19.448717268692867,False,Tolima
73,2022,DANE_2018_2050,Hombre,(25 a 29),50804,14,27.556885284623256,False,Tolima
73,2022,DANE_2018_2050,Hombre,(30 a 34),43719,6,13.724010155767514,False,Tolima
73,2022,DANE_2018_2050,Hombre,(35 a 39),39961,4,10.009759515527639,True,Tolima
73,2022,DANE_2018_2050,Hombre,(40 a 44),40038,6,14.98576352465158,False,Tolima
73,2022,DANE_2018_2050,Hombre,(45 a 49),38090,7,18.377526909950117,False,Tolima
73,2022,DANE_2018_2050,Hombre,(50 a 54),38823,6,15.454756201220926,False,Tolima
73,2022,DANE_2018_2050,Hombre,(55 a 59),37991,12,31.586428364612672,False,Tolima
73,2022,DANE_2018_2050,Hombre,(60 a 64),32873,7,21.294071122197547,False,Tolima
73,2022,DANE_2018_2050,Hombre,(65 a 69),27687,6,21.670820240546103,False,Tolima
73,2022,DANE_2018_2050,Hombre,(70 a 74),21789,4,18.35788700720547,True,Tolima
73,2022,DANE_2018_2050,Hombre,(75 a 79),15322,4,26.10625244746117,True,Tolima
73,2022,DANE_2018_2050,Hombre,(80 y más),18057,3,16.61405549094534,True,Tolima
73,2022,DANE_2018_2050,Mujer,(05 a 09),49418,0,0.0,True,Tolima
73,2022,DANE_2018_2050,Mujer,(10 a 14),52798,1,1.8940111367854844,True,Tolima
73,2022,DANE_2018_2050,Mujer,(15 a 17),33593,2,5.953621290149734,True,Tolima
73,2022,DANE_2018_2050,Mujer,(18 a 19),22908,2,8.730574471800244,True,Tolima
73,2022,DANE_2018_2050,Mujer,(20 a 24),55731,3,5.383000484470044,True,Tolima
73,2022,DANE_2018_2050,Mujer,(25 a 29),49568,2,4.034861200774693,True,Tolima
73,2022,DANE_2018_2050,Mujer,(30 a 34),44458,3,6.7479418777272935,True,Tolima
73,2022,DANE_2018_2050,Mujer,(35 a 39),42447,0,0.0,True,Tolima
73,2022,DANE_2018_2050,Mujer,(40 a 44),42511,1,2.3523323375126437,True,Tolima
73,2022,DANE_2018_2050,Mujer,(45 a 49),40244,0,0.0,True,Tolima
73,2022,DANE_2018_2050,Mujer,(50 a 54),40845,0,0.0,True,Tolima
73,2022,DANE_2018_2050,Mujer,(55 a 59),40599,2,4.926229710091381,True,Tolima
73,2022,DANE_2018_2050,Mujer,(60 a 64),36228,2,5.5205918074417575,True,Tolima
73,2022,DANE_2018_2050,Mujer,(65 a 69),30142,0,0.0,True,Tolima
73,2022,DANE_2018_2050,Mujer,(70 a 74),23848,2,8.386447500838644,True,Tolima
73,2022,DANE_2018_2050,Mujer,(75 a 79),17286,0,0.0,True,Tolima
73,2022,DANE_2018_2050,Mujer,(80 y más),22538,0,0.0,True,Tolima
73,2023,DANE_2018_2050,Hombre,(05 a 09),51048,0,0.0,True,Tolima
73,2023,DANE_2018_2050,Hombre,(10 a 14),54768,3,5.4776511831726555,True,Tolima
73,2023,DANE_2018_2050,Hombre,(15 a 17),34845,4,11.479408810446262,True,Tolima
73,2023,DANE_2018_2050,Hombre,(18 a 19),23044,6,26.03714632876237,False,Tolima
73,2023,DANE_2018_2050,Hombre,(20 a 24),57158,8,13.996290982889533,False,Tolima
73,2023,DANE_2018_2050,Hombre,(25 a 29),52033,10,19.218572828781735,False,Tolima
73,2023,DANE_2018_2050,Hombre,(30 a 34),44981,8,17.785287121228965,False,Tolima
73,2023,DANE_2018_2050,Hombre,(35 a 39),40249,7,17.39173644065691,False,Tolima
73,2023,DANE_2018_2050,Hombre,(40 a 44),40241,9,22.365249372530503,False,Tolima
73,2023,DANE_2018_2050,Hombre,(45 a 49),38261,2,5.227254907085545,True,Tolima
73,2023,DANE_2018_2050,Hombre,(50 a 54),38463,9,23.399110833788317,False,Tolima
73,2023,DANE_2018_2050,Hombre,(55 a 59),37960,10,26.343519494204426,False,Tolima
73,2023,DANE_2018_2050,Hombre,(60 a 64),33655,2,5.942653394740752,True,Tolima
73,2023,DANE_2018_2050,Hombre,(65 a 69),27922,5,17.907026717283863,False,Tolima
73,2023,DANE_2018_2050,Hombre,(70 a 74),22153,6,27.084367805714802,False,Tolima
73,2023,DANE_2018_2050,Hombre,(75 a 79),15594,4,25.650891368475055,True,Tolima
73,2023,DANE_2018_2050,Hombre,(80 y más),18040,6,33.25942350332594,False,Tolima
73,2023,DANE_2018_2050,Mujer,(05 a 09),48956,0,0.0,True,Tolima
73,2023,DANE_2018_2050,Mujer,(10 a 14),52059,1,1.920897443285503,True,Tolima
73,2023,DANE_2018_2050,Mujer,(15 a 17),32978,1,3.0323245800230456,True,Tolima
73,2023,DANE_2018_2050,Mujer,(18 a 19),22539,2,8.87350814144372,True,Tolima
73,2023,DANE_2018_2050,Mujer,(20 a 24),56159,1,1.7806584875086806,True,Tolima
73,2023,DANE_2018_2050,Mujer,(25 a 29),50580,6,11.862396204033214,False,Tolima
73,2023,DANE_2018_2050,Mujer,(30 a 34),45521,1,2.1967882955119613,True,Tolima
73,2023,DANE_2018_2050,Mujer,(35 a 39),42393,2,4.717760007548416,True,Tolima
73,2023,DANE_2018_2050,Mujer,(40 a 44),42799,2,4.673006378653707,True,Tolima
73,2023,DANE_2018_2050,Mujer,(45 a 49),40381,0,0.0,True,Tolima
73,2023,DANE_2018_2050,Mujer,(50 a 54),40464,2,4.942665085013839,True,Tolima
73,2023,DANE_2018_2050,Mujer,(55 a 59),40676,1,2.4584521585209953,True,Tolima
73,2023,DANE_2018_2050,Mujer,(60 a 64),36964,1,2.7053349204631534,True,Tolima
73,2023,DANE_2018_2050,Mujer,(65 a 69),30889,0,0.0,True,Tolima
73,2023,DANE_2018_2050,Mujer,(70 a 74),24444,0,0.0,True,Tolima
73,2023,DANE_2018_2050,Mujer,(75 a 79),17775,0,0.0,True,Tolima
73,2023,DANE_2018_2050,Mujer,(80 y más),22767,0,0.0,True,Tolima
73,2024,DANE_2018_2050,Hombre,(05 a 09),50708,0,0.0,True,Tolima
73,2024,DANE_2018_2050,Hombre,(10 a 14),53949,4,7.414409905651634,True,Tolima
73,2024,DANE_2018_2050,Hombre,(15 a 17),34301,1,2.9153668989242294,True,Tolima
73,2024,DANE_2018_2050,Hombre,(18 a 19),22683,3,13.225763787858748,True,Tolima
73,2024,DANE_2018_2050,Hombre,(20 a 24),57325,13,22.6777147841256,False,Tolima
73,2024,DANE_2018_2050,Hombre,(25 a 29),53167,6,11.285195704102168,False,Tolima
73,2024,DANE_2018_2050,Hombre,(30 a 34),46424,8,17.232465965879715,False,Tolima
73,2024,DANE_2018_2050,Hombre,(35 a 39),40867,11,26.91658306212837,False,Tolima
73,2024,DANE_2018_2050,Hombre,(40 a 44),40318,8,19.842254080063494,False,Tolima
73,2024,DANE_2018_2050,Hombre,(45 a 49),38725,5,12.91155584247902,False,Tolima
73,2024,DANE_2018_2050,Hombre,(50 a 54),38075,2,5.252790544977019,True,Tolima
73,2024,DANE_2018_2050,Hombre,(55 a 59),37912,7,18.463810930576074,False,Tolima
73,2024,DANE_2018_2050,Hombre,(60 a 64),34459,7,20.31399634348066,False,Tolima
73,2024,DANE_2018_2050,Hombre,(65 a 69),28277,4,14.145772182339003,True,Tolima
73,2024,DANE_2018_2050,Hombre,(70 a 74),22664,3,13.23685139428168,True,Tolima
73,2024,DANE_2018_2050,Hombre,(75 a 79),16012,6,37.471896077941544,False,Tolima
73,2024,DANE_2018_2050,Hombre,(80 y más),18388,2,10.876658690450293,True,Tolima
73,2024,DANE_2018_2050,Mujer,(05 a 09),48713,0,0.0,True,Tolima
73,2024,DANE_2018_2050,Mujer,(10 a 14),51489,1,1.9421624036201905,True,Tolima
73,2024,DANE_2018_2050,Mujer,(15 a 17),32287,2,6.194443584105057,True,Tolima
73,2024,DANE_2018_2050,Mujer,(18 a 19),22217,4,18.004230994283656,True,Tolima
73,2024,DANE_2018_2050,Mujer,(20 a 24),56250,2,3.5555555555555554,True,Tolima
73,2024,DANE_2018_2050,Mujer,(25 a 29),51650,2,3.8722168441432716,True,Tolima
73,2024,DANE_2018_2050,Mujer,(30 a 34),46641,1,2.144036362856714,True,Tolima
73,2024,DANE_2018_2050,Mujer,(35 a 39),42591,2,4.695827757037872,True,Tolima
73,2024,DANE_2018_2050,Mujer,(40 a 44),42967,1,2.3273675146042314,True,Tolima
73,2024,DANE_2018_2050,Mujer,(45 a 49),40658,3,7.378621673471396,True,Tolima
73,2024,DANE_2018_2050,Mujer,(50 a 54),40160,1,2.49003984063745,True,Tolima
73,2024,DANE_2018_2050,Mujer,(55 a 59),40622,1,2.4617202501107776,True,Tolima
73,2024,DANE_2018_2050,Mujer,(60 a 64),37661,1,2.655266721542179,True,Tolima
73,2024,DANE_2018_2050,Mujer,(65 a 69),31679,1,3.1566652987783708,True,Tolima
73,2024,DANE_2018_2050,Mujer,(70 a 74),25081,0,0.0,True,Tolima
73,2024,DANE_2018_2050,Mujer,(75 a 79),18364,0,0.0,True,Tolima
73,2024,DANE_2018_2050,Mujer,(80 y más),23218,0,0.0,True,Tolima
76,2015,DANE_2005_2017,Hombre,(05 a 09),181289,0,0.0,True,Valle del Cauca
76,2015,DANE_2005_2017,Hombre,(10 a 14),187699,2,1.0655357780275867,True,Valle del Cauca
76,2015,DANE_2005_2017,Hombre,(15 a 17),113861,12,10.539166176302684,False,Valle del Cauca
76,2015,DANE_2005_2017,Hombre,(18 a 19),74809,4,5.346950233260705,True,Valle del Cauca
76,2015,DANE_2005_2017,Hombre,(20 a 24),180931,15,8.290453266714936,False,Valle del Cauca
76,2015,DANE_2005_2017,Hombre,(25 a 29),163002,17,10.429319885645574,False,Valle del Cauca
76,2015,DANE_2005_2017,Hombre,(30 a 34),151591,10,6.596697693134817,False,Valle del Cauca
76,2015,DANE_2005_2017,Hombre,(35 a 39),137414,16,11.643646207809976,False,Valle del Cauca
76,2015,DANE_2005_2017,Hombre,(40 a 44),127780,7,5.47816559712005,False,Valle del Cauca
76,2015,DANE_2005_2017,Hombre,(45 a 49),128903,16,12.412434155915689,False,Valle del Cauca
76,2015,DANE_2005_2017,Hombre,(50 a 54),120193,9,7.487956869368432,False,Valle del Cauca
76,2015,DANE_2005_2017,Hombre,(55 a 59),101994,5,4.902249151910897,False,Valle del Cauca
76,2015,DANE_2005_2017,Hombre,(60 a 64),81687,9,11.017664989533218,False,Valle del Cauca
76,2015,DANE_2005_2017,Hombre,(65 a 69),62999,6,9.523960697788853,False,Valle del Cauca
76,2015,DANE_2005_2017,Hombre,(70 a 74),45711,6,13.12594342718383,False,Valle del Cauca
76,2015,DANE_2005_2017,Hombre,(75 a 79),30707,4,13.026345784348845,True,Valle del Cauca
76,2015,DANE_2005_2017,Hombre,(80 y más),38920,8,20.554984583761563,False,Valle del Cauca
76,2015,DANE_2005_2017,Mujer,(05 a 09),176105,0,0.0,True,Valle del Cauca
76,2015,DANE_2005_2017,Mujer,(10 a 14),183588,3,1.6340937316164457,True,Valle del Cauca
76,2015,DANE_2005_2017,Mujer,(15 a 17),111739,3,2.6848280367642454,True,Valle del Cauca
76,2015,DANE_2005_2017,Mujer,(18 a 19),73953,4,5.4088407502062115,True,Valle del Cauca
76,2015,DANE_2005_2017,Mujer,(20 a 24),182458,8,4.384570695721755,False,Valle del Cauca
76,2015,DANE_2005_2017,Mujer,(25 a 29),169593,4,2.3585879134162377,True,Valle del Cauca
76,2015,DANE_2005_2017,Mujer,(30 a 34),163977,8,4.878732993041707,False,Valle del Cauca
76,2015,DANE_2005_2017,Mujer,(35 a 39),154618,4,2.5870209160641067,True,Valle del Cauca
76,2015,DANE_2005_2017,Mujer,(40 a 44),148564,1,0.6731105786058533,True,Valle del Cauca
76,2015,DANE_2005_2017,Mujer,(45 a 49),153169,3,1.9586208697582408,True,Valle del Cauca
76,2015,DANE_2005_2017,Mujer,(50 a 54),145722,1,0.6862381795473572,True,Valle del Cauca
76,2015,DANE_2005_2017,Mujer,(55 a 59),126868,2,1.5764416558943153,True,Valle del Cauca
76,2015,DANE_2005_2017,Mujer,(60 a 64),102491,2,1.951390853831068,True,Valle del Cauca
76,2015,DANE_2005_2017,Mujer,(65 a 69),78825,0,0.0,True,Valle del Cauca
76,2015,DANE_2005_2017,Mujer,(70 a 74),57515,0,0.0,True,Valle del Cauca
76,2015,DANE_2005_2017,Mujer,(75 a 79),39299,0,0.0,True,Valle del Cauca
76,2015,DANE_2005_2017,Mujer,(80 y más),53813,0,0.0,True,Valle del Cauca
76,2016,DANE_2005_2017,Hombre,(05 a 09),179721,0,0.0,True,Valle del Cauca
76,2016,DANE_2005_2017,Hombre,(10 a 14),185685,3,1.615639389288311,True,Valle del Cauca
76,2016,DANE_2005_2017,Hombre,(15 a 17),113131,7,6.187517126163474,False,Valle del Cauca
76,2016,DANE_2005_2017,Hombre,(18 a 19),74528,8,10.734220695577502,False,Valle del Cauca
76,2016,DANE_2005_2017,Hombre,(20 a 24),180154,18,9.991451757940428,False,Valle del Cauca
76,2016,DANE_2005_2017,Hombre,(25 a 29),163841,23,14.038000256346093,False,Valle del Cauca
76,2016,DANE_2005_2017,Hombre,(30 a 34),150614,12,7.967386829909571,False,Valle del Cauca
76,2016,DANE_2005_2017,Hombre,(35 a 39),139191,8,5.747498042258479,False,Valle del Cauca
76,2016,DANE_2005_2017,Hombre,(40 a 44),126799,13,10.252446785857932,False,Valle del Cauca
76,2016,DANE_2005_2017,Hombre,(45 a 49),127493,12,9.412281458589883,False,Valle del Cauca
76,2016,DANE_2005_2017,Hombre,(50 a 54),121626,11,9.044118856165623,False,Valle del Cauca
76,2016,DANE_2005_2017,Hombre,(55 a 59),104212,11,10.555406287183818,False,Valle del Cauca
76,2016,DANE_2005_2017,Hombre,(60 a 64),84408,8,9.477774618519572,False,Valle del Cauca
76,2016,DANE_2005_2017,Hombre,(65 a 69),64853,9,13.877538433071715,False,Valle del Cauca
76,2016,DANE_2005_2017,Hombre,(70 a 74),47381,5,10.552753213313354,False,Valle del Cauca
76,2016,DANE_2005_2017,Hombre,(75 a 79),31620,6,18.975332068311197,False,Valle del Cauca
76,2016,DANE_2005_2017,Hombre,(80 y más),40244,4,9.939369843951894,True,Valle del Cauca
76,2016,DANE_2005_2017,Mujer,(05 a 09),174472,1,0.5731578706038791,True,Valle del Cauca
76,2016,DANE_2005_2017,Mujer,(10 a 14),181898,4,2.1990346238001517,True,Valle del Cauca
76,2016,DANE_2005_2017,Mujer,(15 a 17),111551,8,7.171607605489865,False,Valle del Cauca
76,2016,DANE_2005_2017,Mujer,(18 a 19),73968,3,4.055807916937054,True,Valle del Cauca
76,2016,DANE_2005_2017,Mujer,(20 a 24),182223,5,2.743890727295676,False,Valle del Cauca
76,2016,DANE_2005_2017,Mujer,(25 a 29),170960,5,2.924660739354235,False,Valle del Cauca
76,2016,DANE_2005_2017,Mujer,(30 a 34),163008,6,3.6808009422850407,False,Valle del Cauca
76,2016,DANE_2005_2017,Mujer,(35 a 39),156433,3,1.9177539266011647,True,Valle del Cauca
76,2016,DANE_2005_2017,Mujer,(40 a 44),147217,2,1.3585387557143536,True,Valle del Cauca
76,2016,DANE_2005_2017,Mujer,(45 a 49),151378,3,1.981793919856254,True,Valle del Cauca
76,2016,DANE_2005_2017,Mujer,(50 a 54),147344,1,0.6786838961885112,True,Valle del Cauca
76,2016,DANE_2005_2017,Mujer,(55 a 59),129663,0,0.0,True,Valle del Cauca
76,2016,DANE_2005_2017,Mujer,(60 a 64),106668,3,2.8124648441894475,True,Valle del Cauca
76,2016,DANE_2005_2017,Mujer,(65 a 69),81908,0,0.0,True,Valle del Cauca
76,2016,DANE_2005_2017,Mujer,(70 a 74),60344,0,0.0,True,Valle del Cauca
76,2016,DANE_2005_2017,Mujer,(75 a 79),40939,0,0.0,True,Valle del Cauca
76,2016,DANE_2005_2017,Mujer,(80 y más),55798,0,0.0,True,Valle del Cauca
76,2017,DANE_2005_2017,Hombre,(05 a 09),178505,0,0.0,True,Valle del Cauca
76,2017,DANE_2005_2017,Hombre,(10 a 14),183873,5,2.7192681905445606,False,Valle del Cauca
76,2017,DANE_2005_2017,Hombre,(15 a 17),112320,6,5.3418803418803416,False,Valle del Cauca
76,2017,DANE_2005_2017,Hombre,(18 a 19),74244,10,13.469101880286624,False,Valle del Cauca
76,2017,DANE_2005_2017,Hombre,(20 a 24),179111,28,15.632764040176202,False,Valle del Cauca
76,2017,DANE_2005_2017,Hombre,(25 a 29),164624,35,21.26056954028574,False,Valle del Cauca
76,2017,DANE_2005_2017,Hombre,(30 a 34),149665,21,14.031336651855812,False,Valle del Cauca
76,2017,DANE_2005_2017,Hombre,(35 a 39),140754,18,12.788268894667292,False,Valle del Cauca
76,2017,DANE_2005_2017,Hombre,(40 a 44),126605,7,5.529007543146005,False,Valle del Cauca
76,2017,DANE_2005_2017,Hombre,(45 a 49),125887,13,10.326721583642472,False,Valle del Cauca
76,2017,DANE_2005_2017,Hombre,(50 a 54),122540,10,8.160600620205647,False,Valle del Cauca
76,2017,DANE_2005_2017,Hombre,(55 a 59),106446,11,10.333878210548072,False,Valle del Cauca
76,2017,DANE_2005_2017,Hombre,(60 a 64),87154,5,5.736971338091195,False,Valle del Cauca
76,2017,DANE_2005_2017,Hombre,(65 a 69),66807,10,14.968491325759276,False,Valle del Cauca
76,2017,DANE_2005_2017,Hombre,(70 a 74),49068,10,20.379880981495067,False,Valle del Cauca
76,2017,DANE_2005_2017,Hombre,(75 a 79),32674,1,3.060537430372773,True,Valle del Cauca
76,2017,DANE_2005_2017,Hombre,(80 y más),41614,9,21.62733695390974,False,Valle del Cauca
76,2017,DANE_2005_2017,Mujer,(05 a 09),173103,0,0.0,True,Valle del Cauca
76,2017,DANE_2005_2017,Mujer,(10 a 14),180202,4,2.219731190552824,True,Valle del Cauca
76,2017,DANE_2005_2017,Mujer,(15 a 17),111191,4,3.597413459722459,True,Valle del Cauca
76,2017,DANE_2005_2017,Mujer,(18 a 19),73989,0,0.0,True,Valle del Cauca
76,2017,DANE_2005_2017,Mujer,(20 a 24),181672,9,4.953983002333876,False,Valle del Cauca
76,2017,DANE_2005_2017,Mujer,(25 a 29),172280,7,4.063153006733225,False,Valle del Cauca
76,2017,DANE_2005_2017,Mujer,(30 a 34),162171,5,3.0831653008244384,False,Valle del Cauca
76,2017,DANE_2005_2017,Mujer,(35 a 39),157972,2,1.2660471475957764,True,Valle del Cauca
76,2017,DANE_2005_2017,Mujer,(40 a 44),146633,5,3.4098736300832693,False,Valle del Cauca
76,2017,DANE_2005_2017,Mujer,(45 a 49),149165,2,1.3407971038782556,True,Valle del Cauca
76,2017,DANE_2005_2017,Mujer,(50 a 54),148271,2,1.3488814400658256,True,Valle del Cauca
76,2017,DANE_2005_2017,Mujer,(55 a 59),132365,1,0.7554867223208552,True,Valle del Cauca
76,2017,DANE_2005_2017,Mujer,(60 a 64),110711,1,0.9032526126581821,True,Valle del Cauca
76,2017,DANE_2005_2017,Mujer,(65 a 69),85206,3,3.5208788113513134,True,Valle del Cauca
76,2017,DANE_2005_2017,Mujer,(70 a 74),63219,0,0.0,True,Valle del Cauca
76,2017,DANE_2005_2017,Mujer,(75 a 79),42820,0,0.0,True,Valle del Cauca
76,2017,DANE_2005_2017,Mujer,(80 y más),57878,0,0.0,True,Valle del Cauca
76,2018,DANE_2018_2050,Hombre,(05 a 09),168787,1,0.5924626896621186,True,Valle del Cauca
76,2018,DANE_2018_2050,Hombre,(10 a 14),179694,6,3.339009649737888,False,Valle del Cauca
76,2018,DANE_2018_2050,Hombre,(15 a 17),108005,10,9.258830609693995,False,Valle del Cauca
76,2018,DANE_2018_2050,Hombre,(18 a 19),71711,21,29.284210232739746,False,Valle del Cauca
76,2018,DANE_2018_2050,Hombre,(20 a 24),181313,33,18.20057028453558,False,Valle del Cauca
76,2018,DANE_2018_2050,Hombre,(25 a 29),166752,27,16.191709844559586,False,Valle del Cauca
76,2018,DANE_2018_2050,Hombre,(30 a 34),149888,27,18.013450042698548,False,Valle del Cauca
76,2018,DANE_2018_2050,Hombre,(35 a 39),144357,17,11.776359996397819,False,Valle del Cauca
76,2018,DANE_2018_2050,Hombre,(40 a 44),130331,15,11.509157452946727,False,Valle del Cauca
76,2018,DANE_2018_2050,Hombre,(45 a 49),127645,12,9.401073289200516,False,Valle del Cauca
76,2018,DANE_2018_2050,Hombre,(50 a 54),126045,18,14.280614066404857,False,Valle del Cauca
76,2018,DANE_2018_2050,Hombre,(55 a 59),111597,10,8.960814358808928,False,Valle del Cauca
76,2018,DANE_2018_2050,Hombre,(60 a 64),91552,9,9.83047885354771,False,Valle del Cauca
76,2018,DANE_2018_2050,Hombre,(65 a 69),73508,11,14.96435762093922,False,Valle del Cauca
76,2018,DANE_2018_2050,Hombre,(70 a 74),54801,6,10.948705315596431,False,Valle del Cauca
76,2018,DANE_2018_2050,Hombre,(75 a 79),39840,4,10.040160642570282,True,Valle del Cauca
76,2018,DANE_2018_2050,Hombre,(80 y más),48055,8,16.647591301633543,False,Valle del Cauca
76,2018,DANE_2018_2050,Mujer,(05 a 09),161717,0,0.0,True,Valle del Cauca
76,2018,DANE_2018_2050,Mujer,(10 a 14),173470,4,2.305874214561596,True,Valle del Cauca
76,2018,DANE_2018_2050,Mujer,(15 a 17),105836,5,4.7242904115801805,False,Valle del Cauca
76,2018,DANE_2018_2050,Mujer,(18 a 19),73096,6,8.208383495676918,False,Valle del Cauca
76,2018,DANE_2018_2050,Mujer,(20 a 24),186581,4,2.1438410127504945,True,Valle del Cauca
76,2018,DANE_2018_2050,Mujer,(25 a 29),177416,6,3.381882130134824,False,Valle del Cauca
76,2018,DANE_2018_2050,Mujer,(30 a 34),164712,6,3.6427218417601632,False,Valle del Cauca
76,2018,DANE_2018_2050,Mujer,(35 a 39),163708,3,1.8325310919441935,True,Valle del Cauca
76,2018,DANE_2018_2050,Mujer,(40 a 44),150138,2,1.3321077941627035,True,Valle del Cauca
76,2018,DANE_2018_2050,Mujer,(45 a 49),148223,1,0.6746591284753378,True,Valle del Cauca
76,2018,DANE_2018_2050,Mujer,(50 a 54),149357,2,1.3390734950487757,True,Valle del Cauca
76,2018,DANE_2018_2050,Mujer,(55 a 59),137140,0,0.0,True,Valle del Cauca
76,2018,DANE_2018_2050,Mujer,(60 a 64),117795,0,0.0,True,Valle del Cauca
76,2018,DANE_2018_2050,Mujer,(65 a 69),93743,2,2.133492634116681,True,Valle del Cauca
76,2018,DANE_2018_2050,Mujer,(70 a 74),70868,1,1.4110741096122368,True,Valle del Cauca
76,2018,DANE_2018_2050,Mujer,(75 a 79),53566,0,0.0,True,Valle del Cauca
76,2018,DANE_2018_2050,Mujer,(80 y más),73723,1,1.3564287942704447,True,Valle del Cauca
76,2019,DANE_2018_2050,Hombre,(05 a 09),167682,0,0.0,True,Valle del Cauca
76,2019,DANE_2018_2050,Hombre,(10 a 14),179350,4,2.230275996654586,True,Valle del Cauca
76,2019,DANE_2018_2050,Hombre,(15 a 17),108084,7,6.476444247067096,False,Valle del Cauca
76,2019,DANE_2018_2050,Hombre,(18 a 19),72301,10,13.831067343466895,False,Valle del Cauca
76,2019,DANE_2018_2050,Hombre,(20 a 24),182339,22,12.065438551269887,False,Valle del Cauca
76,2019,DANE_2018_2050,Hombre,(25 a 29),173025,18,10.403120936280885,False,Valle del Cauca
76,2019,DANE_2018_2050,Hombre,(30 a 34),153422,15,9.776955065114521,False,Valle del Cauca
76,2019,DANE_2018_2050,Hombre,(35 a 39),147387,9,6.106373017973091,False,Valle del Cauca
76,2019,DANE_2018_2050,Hombre,(40 a 44),133958,15,11.19753952731453,False,Valle del Cauca
76,2019,DANE_2018_2050,Hombre,(45 a 49),127854,7,5.47499491607615,False,Valle del Cauca
76,2019,DANE_2018_2050,Hombre,(50 a 54),127099,16,12.588612026845215,False,Valle del Cauca
76,2019,DANE_2018_2050,Hombre,(55 a 59),114974,12,10.437142310435402,False,Valle del Cauca
76,2019,DANE_2018_2050,Hombre,(60 a 64),93895,7,7.455136056233027,False,Valle del Cauca
76,2019,DANE_2018_2050,Hombre,(65 a 69),75657,11,14.539302377836817,False,Valle del Cauca
76,2019,DANE_2018_2050,Hombre,(70 a 74),56531,7,12.382586545435249,False,Valle del Cauca
76,2019,DANE_2018_2050,Hombre,(75 a 79),40253,3,7.452860656348595,True,Valle del Cauca
76,2019,DANE_2018_2050,Hombre,(80 y más),48948,4,8.171937566396993,True,Valle del Cauca
76,2019,DANE_2018_2050,Mujer,(05 a 09),160408,0,0.0,True,Valle del Cauca
76,2019,DANE_2018_2050,Mujer,(10 a 14),172945,5,2.8910925438723294,False,Valle del Cauca
76,2019,DANE_2018_2050,Mujer,(15 a 17),105427,7,6.639665360865813,False,Valle del Cauca
76,2019,DANE_2018_2050,Mujer,(18 a 19),72471,2,2.759724579486967,True,Valle del Cauca
76,2019,DANE_2018_2050,Mujer,(20 a 24),188135,7,3.720732452759986,False,Valle del Cauca
76,2019,DANE_2018_2050,Mujer,(25 a 29),183079,8,4.369698326951752,False,Valle del Cauca
76,2019,DANE_2018_2050,Mujer,(30 a 34),167874,1,0.595684858882257,True,Valle del Cauca
76,2019,DANE_2018_2050,Mujer,(35 a 39),166288,3,1.804098912729722,True,Valle del Cauca
76,2019,DANE_2018_2050,Mujer,(40 a 44),153888,3,1.9494697442295696,True,Valle del Cauca
76,2019,DANE_2018_2050,Mujer,(45 a 49),148597,0,0.0,True,Valle del Cauca
76,2019,DANE_2018_2050,Mujer,(50 a 54),149672,0,0.0,True,Valle del Cauca
76,2019,DANE_2018_2050,Mujer,(55 a 59),140723,2,1.4212317815850997,True,Valle del Cauca
76,2019,DANE_2018_2050,Mujer,(60 a 64),120946,1,0.8268152729317216,True,Valle del Cauca
76,2019,DANE_2018_2050,Mujer,(65 a 69),97610,1,1.0244851961889152,True,Valle del Cauca
76,2019,DANE_2018_2050,Mujer,(70 a 74),73658,0,0.0,True,Valle del Cauca
76,2019,DANE_2018_2050,Mujer,(75 a 79),54218,0,0.0,True,Valle del Cauca
76,2019,DANE_2018_2050,Mujer,(80 y más),75203,0,0.0,True,Valle del Cauca
76,2020,DANE_2018_2050,Hombre,(05 a 09),166934,0,0.0,True,Valle del Cauca
76,2020,DANE_2018_2050,Hombre,(10 a 14),178819,5,2.796123454442761,False,Valle del Cauca
76,2020,DANE_2018_2050,Hombre,(15 a 17),108606,6,5.52455665432849,False,Valle del Cauca
76,2020,DANE_2018_2050,Hombre,(18 a 19),72635,13,17.897707716665522,False,Valle del Cauca
76,2020,DANE_2018_2050,Hombre,(20 a 24),183478,20,10.900489431975496,False,Valle del Cauca
76,2020,DANE_2018_2050,Hombre,(25 a 29),179288,18,10.039712641113738,False,Valle del Cauca
76,2020,DANE_2018_2050,Hombre,(30 a 34),158113,18,11.384263153567385,False,Valle del Cauca
76,2020,DANE_2018_2050,Hombre,(35 a 39),150179,11,7.324592652767698,False,Valle del Cauca
76,2020,DANE_2018_2050,Hombre,(40 a 44),138373,9,6.504159048369263,False,Valle del Cauca
76,2020,DANE_2018_2050,Hombre,(45 a 49),128603,12,9.331042044120277,False,Valle del Cauca
76,2020,DANE_2018_2050,Hombre,(50 a 54),127859,10,7.821115447485121,False,Valle del Cauca
76,2020,DANE_2018_2050,Hombre,(55 a 59),118067,13,11.010697315930784,False,Valle del Cauca
76,2020,DANE_2018_2050,Hombre,(60 a 64),96533,8,8.287321434120974,False,Valle del Cauca
76,2020,DANE_2018_2050,Hombre,(65 a 69),77901,6,7.7020834135633685,False,Valle del Cauca
76,2020,DANE_2018_2050,Hombre,(70 a 74),58338,6,10.284891494394733,False,Valle del Cauca
76,2020,DANE_2018_2050,Hombre,(75 a 79),40848,2,4.896200548374461,True,Valle del Cauca
76,2020,DANE_2018_2050,Hombre,(80 y más),49958,4,8.006725649545618,True,Valle del Cauca
76,2020,DANE_2018_2050,Mujer,(05 a 09),159414,0,0.0,True,Valle del Cauca
76,2020,DANE_2018_2050,Mujer,(10 a 14),172187,2,1.1615278737651507,True,Valle del Cauca
76,2020,DANE_2018_2050,Mujer,(15 a 17),105674,6,5.677839392849708,False,Valle del Cauca
76,2020,DANE_2018_2050,Mujer,(18 a 19),71778,3,4.179553623672992,True,Valle del Cauca
76,2020,DANE_2018_2050,Mujer,(20 a 24),189318,3,1.5846353754001203,True,Valle del Cauca
76,2020,DANE_2018_2050,Mujer,(25 a 29),188499,5,2.6525339656974305,False,Valle del Cauca
76,2020,DANE_2018_2050,Mujer,(30 a 34),172455,2,1.1597228262445276,True,Valle del Cauca
76,2020,DANE_2018_2050,Mujer,(35 a 39),168225,1,0.5944419676029128,True,Valle del Cauca
76,2020,DANE_2018_2050,Mujer,(40 a 44),158686,0,0.0,True,Valle del Cauca
76,2020,DANE_2018_2050,Mujer,(45 a 49),149119,2,1.3412107109087372,True,Valle del Cauca
76,2020,DANE_2018_2050,Mujer,(50 a 54),150099,2,1.332453913750258,True,Valle del Cauca
76,2020,DANE_2018_2050,Mujer,(55 a 59),143852,1,0.6951589133275867,True,Valle del Cauca
76,2020,DANE_2018_2050,Mujer,(60 a 64),124188,0,0.0,True,Valle del Cauca
76,2020,DANE_2018_2050,Mujer,(65 a 69),101538,2,1.9697059229057101,True,Valle del Cauca
76,2020,DANE_2018_2050,Mujer,(70 a 74),76630,1,1.3049719431032232,True,Valle del Cauca
76,2020,DANE_2018_2050,Mujer,(75 a 79),55275,0,0.0,True,Valle del Cauca
76,2020,DANE_2018_2050,Mujer,(80 y más),76674,1,1.3042230743146308,True,Valle del Cauca
76,2021,DANE_2018_2050,Hombre,(05 a 09),165450,2,1.2088244182532488,True,Valle del Cauca
76,2021,DANE_2018_2050,Hombre,(10 a 14),177275,2,1.1281906642222537,True,Valle del Cauca
76,2021,DANE_2018_2050,Hombre,(15 a 17),108725,11,10.117268337548861,False,Valle del Cauca
76,2021,DANE_2018_2050,Hombre,(18 a 19),72271,9,12.453127810601762,False,Valle del Cauca
76,2021,DANE_2018_2050,Hombre,(20 a 24),183060,25,13.656724571178849,False,Valle del Cauca
76,2021,DANE_2018_2050,Hombre,(25 a 29),182837,21,11.48564021505494,False,Valle del Cauca
76,2021,DANE_2018_2050,Hombre,(30 a 34),162343,18,11.08763543854678,False,Valle del Cauca
76,2021,DANE_2018_2050,Hombre,(35 a 39),151823,13,8.562602504231903,False,Valle del Cauca
76,2021,DANE_2018_2050,Hombre,(40 a 44),142263,10,7.02923458664586,False,Valle del Cauca
76,2021,DANE_2018_2050,Hombre,(45 a 49),129282,6,4.64101731099457,False,Valle del Cauca
76,2021,DANE_2018_2050,Hombre,(50 a 54),128042,9,7.028943627872104,False,Valle del Cauca
76,2021,DANE_2018_2050,Hombre,(55 a 59),120188,8,6.656238559589975,False,Valle del Cauca
76,2021,DANE_2018_2050,Hombre,(60 a 64),99282,6,6.043391551338611,False,Valle del Cauca
76,2021,DANE_2018_2050,Hombre,(65 a 69),79644,12,15.067048365225252,False,Valle del Cauca
76,2021,DANE_2018_2050,Hombre,(70 a 74),59884,5,8.349475652928996,False,Valle del Cauca
76,2021,DANE_2018_2050,Hombre,(75 a 79),41323,4,9.679839314667376,True,Valle del Cauca
76,2021,DANE_2018_2050,Hombre,(80 y más),50074,7,13.979310620281982,False,Valle del Cauca
76,2021,DANE_2018_2050,Mujer,(05 a 09),157782,0,0.0,True,Valle del Cauca
76,2021,DANE_2018_2050,Mujer,(10 a 14),170535,9,5.2775090157445685,False,Valle del Cauca
76,2021,DANE_2018_2050,Mujer,(15 a 17),105606,4,3.787663579720849,True,Valle del Cauca
76,2021,DANE_2018_2050,Mujer,(18 a 19),71050,6,8.444757213230119,False,Valle del Cauca
76,2021,DANE_2018_2050,Mujer,(20 a 24),188355,1,0.5309123729128508,True,Valle del Cauca
76,2021,DANE_2018_2050,Mujer,(25 a 29),191733,7,3.6509103805813297,False,Valle del Cauca
76,2021,DANE_2018_2050,Mujer,(30 a 34),176481,2,1.1332664706115674,True,Valle del Cauca
76,2021,DANE_2018_2050,Mujer,(35 a 39),169189,2,1.1821099480462678,True,Valle del Cauca
76,2021,DANE_2018_2050,Mujer,(40 a 44),162819,2,1.2283578697817823,True,Valle del Cauca
76,2021,DANE_2018_2050,Mujer,(45 a 49),149936,3,2.000853697577633,True,Valle del Cauca
76,2021,DANE_2018_2050,Mujer,(50 a 54),149854,2,1.3346323755121652,True,Valle del Cauca
76,2021,DANE_2018_2050,Mujer,(55 a 59),145999,3,2.054808594579415,True,Valle del Cauca
76,2021,DANE_2018_2050,Mujer,(60 a 64),127166,2,1.5727474324898165,True,Valle del Cauca
76,2021,DANE_2018_2050,Mujer,(65 a 69),105258,1,0.9500465522810618,True,Valle del Cauca
76,2021,DANE_2018_2050,Mujer,(70 a 74),79316,1,1.2607796661455444,True,Valle del Cauca
76,2021,DANE_2018_2050,Mujer,(75 a 79),56508,0,0.0,True,Valle del Cauca
76,2021,DANE_2018_2050,Mujer,(80 y más),77117,1,1.2967309412969903,True,Valle del Cauca
76,2022,DANE_2018_2050,Hombre,(05 a 09),163377,0,0.0,True,Valle del Cauca
76,2022,DANE_2018_2050,Hombre,(10 a 14),175004,2,1.1428310210052341,True,Valle del Cauca
76,2022,DANE_2018_2050,Hombre,(15 a 17),108593,11,10.129566362472719,False,Valle del Cauca
76,2022,DANE_2018_2050,Hombre,(18 a 19),71999,12,16.666898151363213,False,Valle del Cauca
76,2022,DANE_2018_2050,Hombre,(20 a 24),181450,29,15.982364287682557,False,Valle del Cauca
76,2022,DANE_2018_2050,Hombre,(25 a 29),184174,26,14.117084930554801,False,Valle del Cauca
76,2022,DANE_2018_2050,Hombre,(30 a 34),166294,15,9.02016909810336,False,Valle del Cauca
76,2022,DANE_2018_2050,Hombre,(35 a 39),152916,24,15.694891312877658,False,Valle del Cauca
76,2022,DANE_2018_2050,Hombre,(40 a 44),145275,17,11.701944587850628,False,Valle del Cauca
76,2022,DANE_2018_2050,Hombre,(45 a 49),130632,12,9.186110600771634,False,Valle del Cauca
76,2022,DANE_2018_2050,Hombre,(50 a 54),127654,11,8.617042944208563,False,Valle del Cauca
76,2022,DANE_2018_2050,Hombre,(55 a 59),121591,13,10.691580791341464,False,Valle del Cauca
76,2022,DANE_2018_2050,Hombre,(60 a 64),102144,14,13.706140350877192,False,Valle del Cauca
76,2022,DANE_2018_2050,Hombre,(65 a 69),81300,10,12.300123001230011,False,Valle del Cauca
76,2022,DANE_2018_2050,Hombre,(70 a 74),61300,8,13.05057096247961,False,Valle del Cauca
76,2022,DANE_2018_2050,Hombre,(75 a 79),41981,4,9.528119863747886,True,Valle del Cauca
76,2022,DANE_2018_2050,Hombre,(80 y más),49922,10,20.031248748046952,False,Valle del Cauca
76,2022,DANE_2018_2050,Mujer,(05 a 09),155801,0,0.0,True,Valle del Cauca
76,2022,DANE_2018_2050,Mujer,(10 a 14),168155,3,1.784068270345812,True,Valle del Cauca
76,2022,DANE_2018_2050,Mujer,(15 a 17),105343,7,6.644959797993223,False,Valle del Cauca
76,2022,DANE_2018_2050,Mujer,(18 a 19),70624,4,5.6637970095151795,True,Valle del Cauca
76,2022,DANE_2018_2050,Mujer,(20 a 24),185689,11,5.923883482597246,False,Valle del Cauca
76,2022,DANE_2018_2050,Mujer,(25 a 29),193128,6,3.106747856343979,False,Valle del Cauca
76,2022,DANE_2018_2050,Mujer,(30 a 34),180334,2,1.1090532012820655,True,Valle del Cauca
76,2022,DANE_2018_2050,Mujer,(35 a 39),169658,3,1.768263211873298,True,Valle del Cauca
76,2022,DANE_2018_2050,Mujer,(40 a 44),166004,2,1.2047902460181683,True,Valle del Cauca
76,2022,DANE_2018_2050,Mujer,(45 a 49),151243,2,1.322375250424813,True,Valle del Cauca
76,2022,DANE_2018_2050,Mujer,(50 a 54),149568,2,1.3371844244758238,True,Valle del Cauca
76,2022,DANE_2018_2050,Mujer,(55 a 59),147084,2,1.3597672078540155,True,Valle del Cauca
76,2022,DANE_2018_2050,Mujer,(60 a 64),130145,2,1.5367474739713396,True,Valle del Cauca
76,2022,DANE_2018_2050,Mujer,(65 a 69),108573,0,0.0,True,Valle del Cauca
76,2022,DANE_2018_2050,Mujer,(70 a 74),82077,0,0.0,True,Valle del Cauca
76,2022,DANE_2018_2050,Mujer,(75 a 79),58074,0,0.0,True,Valle del Cauca
76,2022,DANE_2018_2050,Mujer,(80 y más),77221,0,0.0,True,Valle del Cauca
76,2023,DANE_2018_2050,Hombre,(05 a 09),160989,0,0.0,True,Valle del Cauca
76,2023,DANE_2018_2050,Hombre,(10 a 14),172591,4,2.3176179522686584,True,Valle del Cauca
76,2023,DANE_2018_2050,Hombre,(15 a 17),107873,8,7.416128224857008,False,Valle del Cauca
76,2023,DANE_2018_2050,Hombre,(18 a 19),71709,5,6.972625472395375,False,Valle del Cauca
76,2023,DANE_2018_2050,Hombre,(20 a 24),179692,21,11.686663847027136,False,Valle del Cauca
76,2023,DANE_2018_2050,Hombre,(25 a 29),183575,22,11.984202641971946,False,Valle del Cauca
76,2023,DANE_2018_2050,Hombre,(30 a 34),170237,27,15.860241898059765,False,Valle del Cauca
76,2023,DANE_2018_2050,Hombre,(35 a 39),153824,25,16.25234033700853,False,Valle del Cauca
76,2023,DANE_2018_2050,Hombre,(40 a 44),147715,12,8.123751819381917,False,Valle del Cauca
76,2023,DANE_2018_2050,Hombre,(45 a 49),132516,10,7.5462585650034715,False,Valle del Cauca
76,2023,DANE_2018_2050,Hombre,(50 a 54),127312,17,13.353022495915544,False,Valle del Cauca
76,2023,DANE_2018_2050,Hombre,(55 a 59),122302,19,15.535314222171346,False,Valle del Cauca
76,2023,DANE_2018_2050,Hombre,(60 a 64),105163,8,7.6072382872303,False,Valle del Cauca
76,2023,DANE_2018_2050,Hombre,(65 a 69),82979,5,6.025620940237891,False,Valle del Cauca
76,2023,DANE_2018_2050,Hombre,(70 a 74),62853,16,25.456223251077915,False,Valle del Cauca
76,2023,DANE_2018_2050,Hombre,(75 a 79),42975,7,16.28853984874927,False,Valle del Cauca
76,2023,DANE_2018_2050,Hombre,(80 y más),50045,8,15.985612948346487,False,Valle del Cauca
76,2023,DANE_2018_2050,Mujer,(05 a 09),153480,0,0.0,True,Valle del Cauca
76,2023,DANE_2018_2050,Mujer,(10 a 14),165698,5,3.0175379304517858,False,Valle del Cauca
76,2023,DANE_2018_2050,Mujer,(15 a 17),104469,5,4.786108797825192,False,Valle del Cauca
76,2023,DANE_2018_2050,Mujer,(18 a 19),70236,4,5.695085141522866,True,Valle del Cauca
76,2023,DANE_2018_2050,Mujer,(20 a 24),182282,4,2.1944020802931723,True,Valle del Cauca
76,2023,DANE_2018_2050,Mujer,(25 a 29),193056,6,3.1079065141720537,False,Valle del Cauca
76,2023,DANE_2018_2050,Mujer,(30 a 34),183836,6,3.2637785852607757,False,Valle del Cauca
76,2023,DANE_2018_2050,Mujer,(35 a 39),170249,3,1.7621248876645383,True,Valle del Cauca
76,2023,DANE_2018_2050,Mujer,(40 a 44),168153,9,5.352268469786445,False,Valle del Cauca
76,2023,DANE_2018_2050,Mujer,(45 a 49),153293,4,2.6093820331000113,True,Valle del Cauca
76,2023,DANE_2018_2050,Mujer,(50 a 54),149058,4,2.6835191670356506,True,Valle del Cauca
76,2023,DANE_2018_2050,Mujer,(55 a 59),147416,0,0.0,True,Valle del Cauca
76,2023,DANE_2018_2050,Mujer,(60 a 64),133253,3,2.2513564422564594,True,Valle del Cauca
76,2023,DANE_2018_2050,Mujer,(65 a 69),111564,0,0.0,True,Valle del Cauca
76,2023,DANE_2018_2050,Mujer,(70 a 74),85035,1,1.1759863585582406,True,Valle del Cauca
76,2023,DANE_2018_2050,Mujer,(75 a 79),60021,1,1.6660835374285665,True,Valle del Cauca
76,2023,DANE_2018_2050,Mujer,(80 y más),77753,1,1.2861240080768588,True,Valle del Cauca
76,2024,DANE_2018_2050,Hombre,(05 a 09),159034,0,0.0,True,Valle del Cauca
76,2024,DANE_2018_2050,Hombre,(10 a 14),170391,5,2.934427287826235,False,Valle del Cauca
76,2024,DANE_2018_2050,Hombre,(15 a 17),106720,5,4.685157421289355,False,Valle del Cauca
76,2024,DANE_2018_2050,Hombre,(18 a 19),71589,6,8.38117587897582,False,Valle del Cauca
76,2024,DANE_2018_2050,Hombre,(20 a 24),178551,30,16.801922139892806,False,Valle del Cauca
76,2024,DANE_2018_2050,Hombre,(25 a 29),182224,25,13.719378347528316,False,Valle del Cauca
76,2024,DANE_2018_2050,Hombre,(30 a 34),174135,23,13.208143107359234,False,Valle del Cauca
76,2024,DANE_2018_2050,Hombre,(35 a 39),155643,26,16.704895176782767,False,Valle del Cauca
76,2024,DANE_2018_2050,Hombre,(40 a 44),149552,9,6.0179736813951,False,Valle del Cauca
76,2024,DANE_2018_2050,Hombre,(45 a 49),135305,16,11.825135804294003,False,Valle del Cauca
76,2024,DANE_2018_2050,Hombre,(50 a 54),126987,11,8.662304015371651,False,Valle del Cauca
76,2024,DANE_2018_2050,Hombre,(55 a 59),122967,12,9.758715753006904,False,Valle del Cauca
76,2024,DANE_2018_2050,Hombre,(60 a 64),108136,14,12.94665976178146,False,Valle del Cauca
76,2024,DANE_2018_2050,Hombre,(65 a 69),85019,8,9.409661369811454,False,Valle del Cauca
76,2024,DANE_2018_2050,Hombre,(70 a 74),64695,9,13.911430558775795,False,Valle del Cauca
76,2024,DANE_2018_2050,Hombre,(75 a 79),44406,4,9.007791739854975,True,Valle del Cauca
76,2024,DANE_2018_2050,Hombre,(80 y más),50953,8,15.700743822738602,False,Valle del Cauca
76,2024,DANE_2018_2050,Mujer,(05 a 09),151565,0,0.0,True,Valle del Cauca
76,2024,DANE_2018_2050,Mujer,(10 a 14),163342,3,1.8366372396566712,True,Valle del Cauca
76,2024,DANE_2018_2050,Mujer,(15 a 17),103345,5,4.838163433160773,False,Valle del Cauca
76,2024,DANE_2018_2050,Mujer,(18 a 19),69977,4,5.716163882418509,True,Valle del Cauca
76,2024,DANE_2018_2050,Mujer,(20 a 24),179488,5,2.7857015510786236,False,Valle del Cauca
76,2024,DANE_2018_2050,Mujer,(25 a 29),192190,8,4.162547479057183,False,Valle del Cauca
76,2024,DANE_2018_2050,Mujer,(30 a 34),187326,2,1.0676574527828493,True,Valle del Cauca
76,2024,DANE_2018_2050,Mujer,(35 a 39),171755,2,1.164449361008413,True,Valle del Cauca
76,2024,DANE_2018_2050,Mujer,(40 a 44),169559,4,2.359060857872481,True,Valle del Cauca
76,2024,DANE_2018_2050,Mujer,(45 a 49),156169,4,2.5613277923275426,True,Valle del Cauca
76,2024,DANE_2018_2050,Mujer,(50 a 54),148776,5,3.360757111362048,False,Valle del Cauca
76,2024,DANE_2018_2050,Mujer,(55 a 59),147303,3,2.0366183988106146,True,Valle del Cauca
76,2024,DANE_2018_2050,Mujer,(60 a 64),136417,3,2.1991394034467846,True,Valle del Cauca
76,2024,DANE_2018_2050,Mujer,(65 a 69),114375,1,0.8743169398907104,True,Valle del Cauca
76,2024,DANE_2018_2050,Mujer,(70 a 74),88461,1,1.130441663557952,True,Valle del Cauca
76,2024,DANE_2018_2050,Mujer,(75 a 79),62376,0,0.0,True,Valle del Cauca
76,2024,DANE_2018_2050,Mujer,(80 y más),79142,0,0.0,True,Valle del Cauca
81,2015,DANE_2005_2017,Hombre,(05 a 09),12556,0,0.0,True,Arauca
81,2015,DANE_2005_2017,Hombre,(10 a 14),12679,0,0.0,True,Arauca
81,2015,DANE_2005_2017,Hombre,(15 a 17),7640,0,0.0,True,Arauca
81,2015,DANE_2005_2017,Hombre,(18 a 19),4972,2,40.22526146419951,True,Arauca
81,2015,DANE_2005_2017,Hombre,(20 a 24),11493,0,0.0,True,Arauca
81,2015,DANE_2005_2017,Hombre,(25 a 29),10073,4,39.71011615208974,True,Arauca
81,2015,DANE_2005_2017,Hombre,(30 a 34),9011,0,0.0,True,Arauca
81,2015,DANE_2005_2017,Hombre,(35 a 39),7848,3,38.226299694189606,True,Arauca
81,2015,DANE_2005_2017,Hombre,(40 a 44),6845,1,14.609203798392986,True,Arauca
81,2015,DANE_2005_2017,Hombre,(45 a 49),6278,0,0.0,True,Arauca
81,2015,DANE_2005_2017,Hombre,(50 a 54),5464,2,36.603221083455345,True,Arauca
81,2015,DANE_2005_2017,Hombre,(55 a 59),4467,4,89.54555630176853,True,Arauca
81,2015,DANE_2005_2017,Hombre,(60 a 64),3368,0,0.0,True,Arauca
81,2015,DANE_2005_2017,Hombre,(65 a 69),2500,0,0.0,True,Arauca
81,2015,DANE_2005_2017,Hombre,(70 a 74),1842,0,0.0,True,Arauca
81,2015,DANE_2005_2017,Hombre,(75 a 79),1320,0,0.0,True,Arauca
81,2015,DANE_2005_2017,Hombre,(80 y más),1657,1,60.350030175015085,True,Arauca
81,2015,DANE_2005_2017,Mujer,(05 a 09),11769,0,0.0,True,Arauca
81,2015,DANE_2005_2017,Mujer,(10 a 14),11819,0,0.0,True,Arauca
81,2015,DANE_2005_2017,Mujer,(15 a 17),7177,2,27.86679671171799,True,Arauca
81,2015,DANE_2005_2017,Mujer,(18 a 19),4647,0,0.0,True,Arauca
81,2015,DANE_2005_2017,Mujer,(20 a 24),10755,1,9.298000929800093,True,Arauca
81,2015,DANE_2005_2017,Mujer,(25 a 29),9637,0,0.0,True,Arauca
81,2015,DANE_2005_2017,Mujer,(30 a 34),8818,1,11.340440009072353,True,Arauca
81,2015,DANE_2005_2017,Mujer,(35 a 39),8001,2,24.996875390576175,True,Arauca
81,2015,DANE_2005_2017,Mujer,(40 a 44),7250,0,0.0,True,Arauca
81,2015,DANE_2005_2017,Mujer,(45 a 49),6575,0,0.0,True,Arauca
81,2015,DANE_2005_2017,Mujer,(50 a 54),5461,0,0.0,True,Arauca
81,2015,DANE_2005_2017,Mujer,(55 a 59),4103,0,0.0,True,Arauca
81,2015,DANE_2005_2017,Mujer,(60 a 64),2928,0,0.0,True,Arauca
81,2015,DANE_2005_2017,Mujer,(65 a 69),2160,0,0.0,True,Arauca
81,2015,DANE_2005_2017,Mujer,(70 a 74),1612,0,0.0,True,Arauca
81,2015,DANE_2005_2017,Mujer,(75 a 79),1158,0,0.0,True,Arauca
81,2015,DANE_2005_2017,Mujer,(80 y más),1559,0,0.0,True,Arauca
81,2016,DANE_2005_2017,Hombre,(05 a 09),12580,0,0.0,True,Arauca
81,2016,DANE_2005_2017,Hombre,(10 a 14),12674,0,0.0,True,Arauca
81,2016,DANE_2005_2017,Hombre,(15 a 17),7645,0,0.0,True,Arauca
81,2016,DANE_2005_2017,Hombre,(18 a 19),5001,1,19.996000799840033,True,Arauca
81,2016,DANE_2005_2017,Hombre,(20 a 24),11697,4,34.196802598957,True,Arauca
81,2016,DANE_2005_2017,Hombre,(25 a 29),10346,3,28.996713705780014,True,Arauca
81,2016,DANE_2005_2017,Hombre,(30 a 34),9200,3,32.608695652173914,True,Arauca
81,2016,DANE_2005_2017,Hombre,(35 a 39),8098,1,12.348728081007655,True,Arauca
81,2016,DANE_2005_2017,Hombre,(40 a 44),6934,1,14.421690222094028,True,Arauca
81,2016,DANE_2005_2017,Hombre,(45 a 49),6418,0,0.0,True,Arauca
81,2016,DANE_2005_2017,Hombre,(50 a 54),5605,2,35.68242640499554,True,Arauca
81,2016,DANE_2005_2017,Hombre,(55 a 59),4632,3,64.76683937823834,True,Arauca
81,2016,DANE_2005_2017,Hombre,(60 a 64),3506,1,28.522532800912717,True,Arauca
81,2016,DANE_2005_2017,Hombre,(65 a 69),2586,0,0.0,True,Arauca
81,2016,DANE_2005_2017,Hombre,(70 a 74),1905,1,52.493438320209975,True,Arauca
81,2016,DANE_2005_2017,Hombre,(75 a 79),1335,0,0.0,True,Arauca
81,2016,DANE_2005_2017,Hombre,(80 y más),1742,0,0.0,True,Arauca
81,2016,DANE_2005_2017,Mujer,(05 a 09),11833,0,0.0,True,Arauca
81,2016,DANE_2005_2017,Mujer,(10 a 14),11848,0,0.0,True,Arauca
81,2016,DANE_2005_2017,Mujer,(15 a 17),7150,1,13.986013986013987,True,Arauca
81,2016,DANE_2005_2017,Mujer,(18 a 19),4672,1,21.404109589041095,True,Arauca
81,2016,DANE_2005_2017,Mujer,(20 a 24),10971,0,0.0,True,Arauca
81,2016,DANE_2005_2017,Mujer,(25 a 29),9980,0,0.0,True,Arauca
81,2016,DANE_2005_2017,Mujer,(30 a 34),9036,0,0.0,True,Arauca
81,2016,DANE_2005_2017,Mujer,(35 a 39),8239,0,0.0,True,Arauca
81,2016,DANE_2005_2017,Mujer,(40 a 44),7350,0,0.0,True,Arauca
81,2016,DANE_2005_2017,Mujer,(45 a 49),6763,0,0.0,True,Arauca
81,2016,DANE_2005_2017,Mujer,(50 a 54),5688,1,17.58087201125176,True,Arauca
81,2016,DANE_2005_2017,Mujer,(55 a 59),4354,0,0.0,True,Arauca
81,2016,DANE_2005_2017,Mujer,(60 a 64),3102,1,32.23726627981947,True,Arauca
81,2016,DANE_2005_2017,Mujer,(65 a 69),2260,0,0.0,True,Arauca
81,2016,DANE_2005_2017,Mujer,(70 a 74),1684,0,0.0,True,Arauca
81,2016,DANE_2005_2017,Mujer,(75 a 79),1184,0,0.0,True,Arauca
81,2016,DANE_2005_2017,Mujer,(80 y más),1643,0,0.0,True,Arauca
81,2017,DANE_2005_2017,Hombre,(05 a 09),12716,0,0.0,True,Arauca
81,2017,DANE_2005_2017,Hombre,(10 a 14),12737,1,7.851142341210647,True,Arauca
81,2017,DANE_2005_2017,Hombre,(15 a 17),7694,0,0.0,True,Arauca
81,2017,DANE_2005_2017,Hombre,(18 a 19),5052,1,19.79414093428345,True,Arauca
81,2017,DANE_2005_2017,Hombre,(20 a 24),11962,5,41.79903026249791,False,Arauca
81,2017,DANE_2005_2017,Hombre,(25 a 29),10746,0,0.0,True,Arauca
81,2017,DANE_2005_2017,Hombre,(30 a 34),9492,3,31.60556257901391,True,Arauca
81,2017,DANE_2005_2017,Hombre,(35 a 39),8415,3,35.650623885918,True,Arauca
81,2017,DANE_2005_2017,Hombre,(40 a 44),7143,2,27.999440011199777,True,Arauca
81,2017,DANE_2005_2017,Hombre,(45 a 49),6530,2,30.627871362940276,True,Arauca
81,2017,DANE_2005_2017,Hombre,(50 a 54),5782,3,51.88516084399862,True,Arauca
81,2017,DANE_2005_2017,Hombre,(55 a 59),4782,2,41.82350480970305,True,Arauca
81,2017,DANE_2005_2017,Hombre,(60 a 64),3707,0,0.0,True,Arauca
81,2017,DANE_2005_2017,Hombre,(65 a 69),2686,2,74.46016381236039,True,Arauca
81,2017,DANE_2005_2017,Hombre,(70 a 74),1954,0,0.0,True,Arauca
81,2017,DANE_2005_2017,Hombre,(75 a 79),1371,1,72.93946024799416,True,Arauca
81,2017,DANE_2005_2017,Hombre,(80 y más),1830,0,0.0,True,Arauca
81,2017,DANE_2005_2017,Mujer,(05 a 09),12000,0,0.0,True,Arauca
81,2017,DANE_2005_2017,Mujer,(10 a 14),11953,2,16.732201121057475,True,Arauca
81,2017,DANE_2005_2017,Mujer,(15 a 17),7172,1,13.943112102621306,True,Arauca
81,2017,DANE_2005_2017,Mujer,(18 a 19),4737,1,21.110407430863415,True,Arauca
81,2017,DANE_2005_2017,Mujer,(20 a 24),11241,0,0.0,True,Arauca
81,2017,DANE_2005_2017,Mujer,(25 a 29),10434,1,9.584052137243626,True,Arauca
81,2017,DANE_2005_2017,Mujer,(30 a 34),9352,2,21.3857998289136,True,Arauca
81,2017,DANE_2005_2017,Mujer,(35 a 39),8528,0,0.0,True,Arauca
81,2017,DANE_2005_2017,Mujer,(40 a 44),7541,2,26.52168147460549,True,Arauca
81,2017,DANE_2005_2017,Mujer,(45 a 49),6944,2,28.80184331797235,True,Arauca
81,2017,DANE_2005_2017,Mujer,(50 a 54),5956,0,0.0,True,Arauca
81,2017,DANE_2005_2017,Mujer,(55 a 59),4633,0,0.0,True,Arauca
81,2017,DANE_2005_2017,Mujer,(60 a 64),3288,1,30.413625304136254,True,Arauca
81,2017,DANE_2005_2017,Mujer,(65 a 69),2384,0,0.0,True,Arauca
81,2017,DANE_2005_2017,Mujer,(70 a 74),1754,0,0.0,True,Arauca
81,2017,DANE_2005_2017,Mujer,(75 a 79),1239,0,0.0,True,Arauca
81,2017,DANE_2005_2017,Mujer,(80 y más),1722,0,0.0,True,Arauca
81,2018,DANE_2018_2050,Hombre,(05 a 09),13685,0,0.0,True,Arauca
81,2018,DANE_2018_2050,Hombre,(10 a 14),14457,1,6.917064397869544,True,Arauca
81,2018,DANE_2018_2050,Hombre,(15 a 17),8568,1,11.671335200746967,True,Arauca
81,2018,DANE_2018_2050,Hombre,(18 a 19),5469,3,54.85463521667581,True,Arauca
81,2018,DANE_2018_2050,Hombre,(20 a 24),12209,3,24.572037021869114,True,Arauca
81,2018,DANE_2018_2050,Hombre,(25 a 29),10786,2,18.542555164101614,True,Arauca
81,2018,DANE_2018_2050,Hombre,(30 a 34),9309,0,0.0,True,Arauca
81,2018,DANE_2018_2050,Hombre,(35 a 39),8403,3,35.70153516601214,True,Arauca
81,2018,DANE_2018_2050,Hombre,(40 a 44),7280,1,13.736263736263735,True,Arauca
81,2018,DANE_2018_2050,Hombre,(45 a 49),6608,2,30.26634382566586,True,Arauca
81,2018,DANE_2018_2050,Hombre,(50 a 54),5979,0,0.0,True,Arauca
81,2018,DANE_2018_2050,Hombre,(55 a 59),4947,2,40.42854255104103,True,Arauca
81,2018,DANE_2018_2050,Hombre,(60 a 64),3808,0,0.0,True,Arauca
81,2018,DANE_2018_2050,Hombre,(65 a 69),2934,2,68.1663258350375,True,Arauca
81,2018,DANE_2018_2050,Hombre,(70 a 74),2153,1,46.44681839294008,True,Arauca
81,2018,DANE_2018_2050,Hombre,(75 a 79),1575,0,0.0,True,Arauca
81,2018,DANE_2018_2050,Hombre,(80 y más),1650,0,0.0,True,Arauca
81,2018,DANE_2018_2050,Mujer,(05 a 09),13197,0,0.0,True,Arauca
81,2018,DANE_2018_2050,Mujer,(10 a 14),13788,2,14.505366985784741,True,Arauca
81,2018,DANE_2018_2050,Mujer,(15 a 17),8144,0,0.0,True,Arauca
81,2018,DANE_2018_2050,Mujer,(18 a 19),5028,0,0.0,True,Arauca
81,2018,DANE_2018_2050,Mujer,(20 a 24),11833,2,16.901884560128455,True,Arauca
81,2018,DANE_2018_2050,Mujer,(25 a 29),10704,0,0.0,True,Arauca
81,2018,DANE_2018_2050,Mujer,(30 a 34),9469,1,10.560777273207307,True,Arauca
81,2018,DANE_2018_2050,Mujer,(35 a 39),8706,1,11.486331265793705,True,Arauca
81,2018,DANE_2018_2050,Mujer,(40 a 44),7559,0,0.0,True,Arauca
81,2018,DANE_2018_2050,Mujer,(45 a 49),6809,0,0.0,True,Arauca
81,2018,DANE_2018_2050,Mujer,(50 a 54),5965,1,16.764459346186086,True,Arauca
81,2018,DANE_2018_2050,Mujer,(55 a 59),4756,0,0.0,True,Arauca
81,2018,DANE_2018_2050,Mujer,(60 a 64),3537,0,0.0,True,Arauca
81,2018,DANE_2018_2050,Mujer,(65 a 69),2550,0,0.0,True,Arauca
81,2018,DANE_2018_2050,Mujer,(70 a 74),1886,0,0.0,True,Arauca
81,2018,DANE_2018_2050,Mujer,(75 a 79),1423,0,0.0,True,Arauca
81,2018,DANE_2018_2050,Mujer,(80 y más),1805,0,0.0,True,Arauca
81,2019,DANE_2018_2050,Hombre,(05 a 09),13584,0,0.0,True,Arauca
81,2019,DANE_2018_2050,Hombre,(10 a 14),14387,1,6.950719399457844,True,Arauca
81,2019,DANE_2018_2050,Hombre,(15 a 17),8586,0,0.0,True,Arauca
81,2019,DANE_2018_2050,Hombre,(18 a 19),5607,5,89.17424647761727,False,Arauca
81,2019,DANE_2018_2050,Hombre,(20 a 24),12563,3,23.8796465812306,True,Arauca
81,2019,DANE_2018_2050,Hombre,(25 a 29),11109,1,9.001710324961742,True,Arauca
81,2019,DANE_2018_2050,Hombre,(30 a 34),9496,1,10.530749789385004,True,Arauca
81,2019,DANE_2018_2050,Hombre,(35 a 39),8547,0,0.0,True,Arauca
81,2019,DANE_2018_2050,Hombre,(40 a 44),7430,1,13.458950201884251,True,Arauca
81,2019,DANE_2018_2050,Hombre,(45 a 49),6669,2,29.989503673714196,True,Arauca
81,2019,DANE_2018_2050,Hombre,(50 a 54),6080,3,49.3421052631579,True,Arauca
81,2019,DANE_2018_2050,Hombre,(55 a 59),5118,0,0.0,True,Arauca
81,2019,DANE_2018_2050,Hombre,(60 a 64),3953,0,0.0,True,Arauca
81,2019,DANE_2018_2050,Hombre,(65 a 69),3013,1,33.189512114171926,True,Arauca
81,2019,DANE_2018_2050,Hombre,(70 a 74),2215,0,0.0,True,Arauca
81,2019,DANE_2018_2050,Hombre,(75 a 79),1582,0,0.0,True,Arauca
81,2019,DANE_2018_2050,Hombre,(80 y más),1699,0,0.0,True,Arauca
81,2019,DANE_2018_2050,Mujer,(05 a 09),13083,0,0.0,True,Arauca
81,2019,DANE_2018_2050,Mujer,(10 a 14),13687,1,7.306202966318405,True,Arauca
81,2019,DANE_2018_2050,Mujer,(15 a 17),8258,0,0.0,True,Arauca
81,2019,DANE_2018_2050,Mujer,(18 a 19),5226,0,0.0,True,Arauca
81,2019,DANE_2018_2050,Mujer,(20 a 24),12157,3,24.677140741959363,True,Arauca
81,2019,DANE_2018_2050,Mujer,(25 a 29),11062,0,0.0,True,Arauca
81,2019,DANE_2018_2050,Mujer,(30 a 34),9644,1,10.369141435089174,True,Arauca
81,2019,DANE_2018_2050,Mujer,(35 a 39),8886,0,0.0,True,Arauca
81,2019,DANE_2018_2050,Mujer,(40 a 44),7747,0,0.0,True,Arauca
81,2019,DANE_2018_2050,Mujer,(45 a 49),6902,1,14.488554042306578,True,Arauca
81,2019,DANE_2018_2050,Mujer,(50 a 54),6084,0,0.0,True,Arauca
81,2019,DANE_2018_2050,Mujer,(55 a 59),4937,0,0.0,True,Arauca
81,2019,DANE_2018_2050,Mujer,(60 a 64),3698,0,0.0,True,Arauca
81,2019,DANE_2018_2050,Mujer,(65 a 69),2667,0,0.0,True,Arauca
81,2019,DANE_2018_2050,Mujer,(70 a 74),1973,0,0.0,True,Arauca
81,2019,DANE_2018_2050,Mujer,(75 a 79),1450,0,0.0,True,Arauca
81,2019,DANE_2018_2050,Mujer,(80 y más),1868,0,0.0,True,Arauca
81,2020,DANE_2018_2050,Hombre,(05 a 09),13518,0,0.0,True,Arauca
81,2020,DANE_2018_2050,Hombre,(10 a 14),14312,0,0.0,True,Arauca
81,2020,DANE_2018_2050,Hombre,(15 a 17),8630,2,23.174971031286212,True,Arauca
81,2020,DANE_2018_2050,Hombre,(18 a 19),5688,5,87.90436005625878,False,Arauca
81,2020,DANE_2018_2050,Hombre,(20 a 24),12989,2,15.397644160443454,True,Arauca
81,2020,DANE_2018_2050,Hombre,(25 a 29),11463,0,0.0,True,Arauca
81,2020,DANE_2018_2050,Hombre,(30 a 34),9761,2,20.489703923778304,True,Arauca
81,2020,DANE_2018_2050,Hombre,(35 a 39),8676,2,23.05209774089442,True,Arauca
81,2020,DANE_2018_2050,Hombre,(40 a 44),7625,0,0.0,True,Arauca
81,2020,DANE_2018_2050,Hombre,(45 a 49),6726,1,14.86767766874814,True,Arauca
81,2020,DANE_2018_2050,Hombre,(50 a 54),6164,0,0.0,True,Arauca
81,2020,DANE_2018_2050,Hombre,(55 a 59),5285,1,18.921475875118258,True,Arauca
81,2020,DANE_2018_2050,Hombre,(60 a 64),4120,0,0.0,True,Arauca
81,2020,DANE_2018_2050,Hombre,(65 a 69),3098,0,0.0,True,Arauca
81,2020,DANE_2018_2050,Hombre,(70 a 74),2288,1,43.70629370629371,True,Arauca
81,2020,DANE_2018_2050,Hombre,(75 a 79),1599,1,62.53908692933083,True,Arauca
81,2020,DANE_2018_2050,Hombre,(80 y más),1731,1,57.770075101097625,True,Arauca
81,2020,DANE_2018_2050,Mujer,(05 a 09),13005,1,7.6893502499038835,True,Arauca
81,2020,DANE_2018_2050,Mujer,(10 a 14),13609,0,0.0,True,Arauca
81,2020,DANE_2018_2050,Mujer,(15 a 17),8274,1,12.086052695189752,True,Arauca
81,2020,DANE_2018_2050,Mujer,(18 a 19),5441,1,18.37897445322551,True,Arauca
81,2020,DANE_2018_2050,Mujer,(20 a 24),12566,2,15.915963711602739,True,Arauca
81,2020,DANE_2018_2050,Mujer,(25 a 29),11456,0,0.0,True,Arauca
81,2020,DANE_2018_2050,Mujer,(30 a 34),9883,0,0.0,True,Arauca
81,2020,DANE_2018_2050,Mujer,(35 a 39),9051,1,11.048502927853276,True,Arauca
81,2020,DANE_2018_2050,Mujer,(40 a 44),7981,1,12.52975817566721,True,Arauca
81,2020,DANE_2018_2050,Mujer,(45 a 49),7018,0,0.0,True,Arauca
81,2020,DANE_2018_2050,Mujer,(50 a 54),6215,0,0.0,True,Arauca
81,2020,DANE_2018_2050,Mujer,(55 a 59),5105,0,0.0,True,Arauca
81,2020,DANE_2018_2050,Mujer,(60 a 64),3860,1,25.906735751295336,True,Arauca
81,2020,DANE_2018_2050,Mujer,(65 a 69),2804,0,0.0,True,Arauca
81,2020,DANE_2018_2050,Mujer,(70 a 74),2057,0,0.0,True,Arauca
81,2020,DANE_2018_2050,Mujer,(75 a 79),1488,0,0.0,True,Arauca
81,2020,DANE_2018_2050,Mujer,(80 y más),1949,0,0.0,True,Arauca
81,2021,DANE_2018_2050,Hombre,(05 a 09),13384,0,0.0,True,Arauca
81,2021,DANE_2018_2050,Hombre,(10 a 14),14143,0,0.0,True,Arauca
81,2021,DANE_2018_2050,Hombre,(15 a 17),8619,1,11.60227404571296,True,Arauca
81,2021,DANE_2018_2050,Hombre,(18 a 19),5674,3,52.87275290800141,True,Arauca
81,2021,DANE_2018_2050,Hombre,(20 a 24),13299,3,22.558087074216107,True,Arauca
81,2021,DANE_2018_2050,Hombre,(25 a 29),11684,4,34.23485107839781,True,Arauca
81,2021,DANE_2018_2050,Hombre,(30 a 34),9979,2,20.04208838560978,True,Arauca
81,2021,DANE_2018_2050,Hombre,(35 a 39),8758,0,0.0,True,Arauca
81,2021,DANE_2018_2050,Hombre,(40 a 44),7790,0,0.0,True,Arauca
81,2021,DANE_2018_2050,Hombre,(45 a 49),6803,2,29.398794649419372,True,Arauca
81,2021,DANE_2018_2050,Hombre,(50 a 54),6219,1,16.079755587715066,True,Arauca
81,2021,DANE_2018_2050,Hombre,(55 a 59),5418,2,36.913990402362494,True,Arauca
81,2021,DANE_2018_2050,Hombre,(60 a 64),4287,1,23.326335432703523,True,Arauca
81,2021,DANE_2018_2050,Hombre,(65 a 69),3180,1,31.446540880503143,True,Arauca
81,2021,DANE_2018_2050,Hombre,(70 a 74),2340,0,0.0,True,Arauca
81,2021,DANE_2018_2050,Hombre,(75 a 79),1600,0,0.0,True,Arauca
81,2021,DANE_2018_2050,Hombre,(80 y más),1743,1,57.37234652897303,True,Arauca
81,2021,DANE_2018_2050,Mujer,(05 a 09),12848,0,0.0,True,Arauca
81,2021,DANE_2018_2050,Mujer,(10 a 14),13464,2,14.854426619132502,True,Arauca
81,2021,DANE_2018_2050,Mujer,(15 a 17),8204,2,24.378352023403217,True,Arauca
81,2021,DANE_2018_2050,Mujer,(18 a 19),5511,1,18.145527127563057,True,Arauca
81,2021,DANE_2018_2050,Mujer,(20 a 24),12851,1,7.781495603454983,True,Arauca
81,2021,DANE_2018_2050,Mujer,(25 a 29),11716,1,8.535336292249914,True,Arauca
81,2021,DANE_2018_2050,Mujer,(30 a 34),10108,0,0.0,True,Arauca
81,2021,DANE_2018_2050,Mujer,(35 a 39),9148,2,21.862702229995627,True,Arauca
81,2021,DANE_2018_2050,Mujer,(40 a 44),8190,1,12.21001221001221,True,Arauca
81,2021,DANE_2018_2050,Mujer,(45 a 49),7118,0,0.0,True,Arauca
81,2021,DANE_2018_2050,Mujer,(50 a 54),6308,0,0.0,True,Arauca
81,2021,DANE_2018_2050,Mujer,(55 a 59),5260,0,0.0,True,Arauca
81,2021,DANE_2018_2050,Mujer,(60 a 64),4009,0,0.0,True,Arauca
81,2021,DANE_2018_2050,Mujer,(65 a 69),2940,0,0.0,True,Arauca
81,2021,DANE_2018_2050,Mujer,(70 a 74),2153,0,0.0,True,Arauca
81,2021,DANE_2018_2050,Mujer,(75 a 79),1534,0,0.0,True,Arauca
81,2021,DANE_2018_2050,Mujer,(80 y más),1992,0,0.0,True,Arauca
81,2022,DANE_2018_2050,Hombre,(05 a 09),13221,0,0.0,True,Arauca
81,2022,DANE_2018_2050,Hombre,(10 a 14),13948,1,7.169486664754803,True,Arauca
81,2022,DANE_2018_2050,Hombre,(15 a 17),8570,1,11.668611435239207,True,Arauca
81,2022,DANE_2018_2050,Hombre,(18 a 19),5653,1,17.68972227136034,True,Arauca
81,2022,DANE_2018_2050,Hombre,(20 a 24),13496,3,22.228808535862477,True,Arauca
81,2022,DANE_2018_2050,Hombre,(25 a 29),11825,3,25.36997885835095,True,Arauca
81,2022,DANE_2018_2050,Hombre,(30 a 34),10191,1,9.812579727210283,True,Arauca
81,2022,DANE_2018_2050,Hombre,(35 a 39),8811,0,0.0,True,Arauca
81,2022,DANE_2018_2050,Hombre,(40 a 44),7912,0,0.0,True,Arauca
81,2022,DANE_2018_2050,Hombre,(45 a 49),6880,1,14.534883720930232,True,Arauca
81,2022,DANE_2018_2050,Hombre,(50 a 54),6254,1,15.98976654940838,True,Arauca
81,2022,DANE_2018_2050,Hombre,(55 a 59),5520,3,54.34782608695652,True,Arauca
81,2022,DANE_2018_2050,Hombre,(60 a 64),4441,2,45.034902049088046,True,Arauca
81,2022,DANE_2018_2050,Hombre,(65 a 69),3262,1,30.656039239730227,True,Arauca
81,2022,DANE_2018_2050,Hombre,(70 a 74),2387,0,0.0,True,Arauca
81,2022,DANE_2018_2050,Hombre,(75 a 79),1610,1,62.11180124223603,True,Arauca
81,2022,DANE_2018_2050,Hombre,(80 y más),1731,0,0.0,True,Arauca
81,2022,DANE_2018_2050,Mujer,(05 a 09),12674,0,0.0,True,Arauca
81,2022,DANE_2018_2050,Mujer,(10 a 14),13280,0,0.0,True,Arauca
81,2022,DANE_2018_2050,Mujer,(15 a 17),8119,0,0.0,True,Arauca
81,2022,DANE_2018_2050,Mujer,(18 a 19),5465,1,18.298261665141812,True,Arauca
81,2022,DANE_2018_2050,Mujer,(20 a 24),13082,0,0.0,True,Arauca
81,2022,DANE_2018_2050,Mujer,(25 a 29),11878,0,0.0,True,Arauca
81,2022,DANE_2018_2050,Mujer,(30 a 34),10335,0,0.0,True,Arauca
81,2022,DANE_2018_2050,Mujer,(35 a 39),9212,0,0.0,True,Arauca
81,2022,DANE_2018_2050,Mujer,(40 a 44),8376,0,0.0,True,Arauca
81,2022,DANE_2018_2050,Mujer,(45 a 49),7232,1,13.827433628318584,True,Arauca
81,2022,DANE_2018_2050,Mujer,(50 a 54),6380,0,0.0,True,Arauca
81,2022,DANE_2018_2050,Mujer,(55 a 59),5390,0,0.0,True,Arauca
81,2022,DANE_2018_2050,Mujer,(60 a 64),4151,0,0.0,True,Arauca
81,2022,DANE_2018_2050,Mujer,(65 a 69),3087,0,0.0,True,Arauca
81,2022,DANE_2018_2050,Mujer,(70 a 74),2238,0,0.0,True,Arauca
81,2022,DANE_2018_2050,Mujer,(75 a 79),1595,0,0.0,True,Arauca
81,2022,DANE_2018_2050,Mujer,(80 y más),2027,0,0.0,True,Arauca
81,2023,DANE_2018_2050,Hombre,(05 a 09),13028,0,0.0,True,Arauca
81,2023,DANE_2018_2050,Hombre,(10 a 14),13750,1,7.2727272727272725,True,Arauca
81,2023,DANE_2018_2050,Hombre,(15 a 17),8490,2,23.557126030624264,True,Arauca
81,2023,DANE_2018_2050,Hombre,(18 a 19),5632,1,17.75568181818182,True,Arauca
81,2023,DANE_2018_2050,Hombre,(20 a 24),13606,5,36.74849331177422,False,Arauca
81,2023,DANE_2018_2050,Hombre,(25 a 29),11963,3,25.07732174203795,True,Arauca
81,2023,DANE_2018_2050,Hombre,(30 a 34),10384,0,0.0,True,Arauca
81,2023,DANE_2018_2050,Hombre,(35 a 39),8883,3,33.77237419790612,True,Arauca
81,2023,DANE_2018_2050,Hombre,(40 a 44),8009,2,24.9719066050693,True,Arauca
81,2023,DANE_2018_2050,Hombre,(45 a 49),6979,1,14.32870038687491,True,Arauca
81,2023,DANE_2018_2050,Hombre,(50 a 54),6294,2,31.776294884016526,True,Arauca
81,2023,DANE_2018_2050,Hombre,(55 a 59),5615,1,17.809439002671418,True,Arauca
81,2023,DANE_2018_2050,Hombre,(60 a 64),4587,0,0.0,True,Arauca
81,2023,DANE_2018_2050,Hombre,(65 a 69),3381,1,29.57704821058858,True,Arauca
81,2023,DANE_2018_2050,Hombre,(70 a 74),2441,1,40.96681687832856,True,Arauca
81,2023,DANE_2018_2050,Hombre,(75 a 79),1638,0,0.0,True,Arauca
81,2023,DANE_2018_2050,Hombre,(80 y más),1739,0,0.0,True,Arauca
81,2023,DANE_2018_2050,Mujer,(05 a 09),12506,0,0.0,True,Arauca
81,2023,DANE_2018_2050,Mujer,(10 a 14),13093,0,0.0,True,Arauca
81,2023,DANE_2018_2050,Mujer,(15 a 17),8019,2,24.940765681506424,True,Arauca
81,2023,DANE_2018_2050,Mujer,(18 a 19),5404,1,18.50481125092524,True,Arauca
81,2023,DANE_2018_2050,Mujer,(20 a 24),13230,1,7.558578987150415,True,Arauca
81,2023,DANE_2018_2050,Mujer,(25 a 29),12009,4,33.30835206928137,True,Arauca
81,2023,DANE_2018_2050,Mujer,(30 a 34),10570,0,0.0,True,Arauca
81,2023,DANE_2018_2050,Mujer,(35 a 39),9277,0,0.0,True,Arauca
81,2023,DANE_2018_2050,Mujer,(40 a 44),8527,0,0.0,True,Arauca
81,2023,DANE_2018_2050,Mujer,(45 a 49),7367,1,13.574046423238766,True,Arauca
81,2023,DANE_2018_2050,Mujer,(50 a 54),6446,0,0.0,True,Arauca
81,2023,DANE_2018_2050,Mujer,(55 a 59),5503,1,18.17190623296384,True,Arauca
81,2023,DANE_2018_2050,Mujer,(60 a 64),4319,0,0.0,True,Arauca
81,2023,DANE_2018_2050,Mujer,(65 a 69),3225,0,0.0,True,Arauca
81,2023,DANE_2018_2050,Mujer,(70 a 74),2340,0,0.0,True,Arauca
81,2023,DANE_2018_2050,Mujer,(75 a 79),1656,0,0.0,True,Arauca
81,2023,DANE_2018_2050,Mujer,(80 y más),2055,0,0.0,True,Arauca
81,2024,DANE_2018_2050,Hombre,(05 a 09),12843,0,0.0,True,Arauca
81,2024,DANE_2018_2050,Hombre,(10 a 14),13572,0,0.0,True,Arauca
81,2024,DANE_2018_2050,Hombre,(15 a 17),8382,3,35.79098067287043,True,Arauca
81,2024,DANE_2018_2050,Hombre,(18 a 19),5608,2,35.66333808844508,True,Arauca
81,2024,DANE_2018_2050,Hombre,(20 a 24),13628,3,22.013501614323452,True,Arauca
81,2024,DANE_2018_2050,Hombre,(25 a 29),12146,3,24.69948954388276,True,Arauca
81,2024,DANE_2018_2050,Hombre,(30 a 34),10601,0,0.0,True,Arauca
81,2024,DANE_2018_2050,Hombre,(35 a 39),8997,3,33.344448149383126,True,Arauca
81,2024,DANE_2018_2050,Hombre,(40 a 44),8108,0,0.0,True,Arauca
81,2024,DANE_2018_2050,Hombre,(45 a 49),7110,1,14.064697609001406,True,Arauca
81,2024,DANE_2018_2050,Hombre,(50 a 54),6331,1,15.795293002685199,True,Arauca
81,2024,DANE_2018_2050,Hombre,(55 a 59),5706,1,17.52541184717841,True,Arauca
81,2024,DANE_2018_2050,Hombre,(60 a 64),4749,2,42.11412929037692,True,Arauca
81,2024,DANE_2018_2050,Hombre,(65 a 69),3513,1,28.465698832906348,True,Arauca
81,2024,DANE_2018_2050,Hombre,(70 a 74),2517,0,0.0,True,Arauca
81,2024,DANE_2018_2050,Hombre,(75 a 79),1697,0,0.0,True,Arauca
81,2024,DANE_2018_2050,Hombre,(80 y más),1782,0,0.0,True,Arauca
81,2024,DANE_2018_2050,Mujer,(05 a 09),12333,0,0.0,True,Arauca
81,2024,DANE_2018_2050,Mujer,(10 a 14),12907,1,7.747733787867049,True,Arauca
81,2024,DANE_2018_2050,Mujer,(15 a 17),7922,1,12.623074981065388,True,Arauca
81,2024,DANE_2018_2050,Mujer,(18 a 19),5333,0,0.0,True,Arauca
81,2024,DANE_2018_2050,Mujer,(20 a 24),13326,1,7.5041272699984995,True,Arauca
81,2024,DANE_2018_2050,Mujer,(25 a 29),12149,0,0.0,True,Arauca
81,2024,DANE_2018_2050,Mujer,(30 a 34),10794,0,0.0,True,Arauca
81,2024,DANE_2018_2050,Mujer,(35 a 39),9373,0,0.0,True,Arauca
81,2024,DANE_2018_2050,Mujer,(40 a 44),8656,0,0.0,True,Arauca
81,2024,DANE_2018_2050,Mujer,(45 a 49),7521,0,0.0,True,Arauca
81,2024,DANE_2018_2050,Mujer,(50 a 54),6519,1,15.339776039269827,True,Arauca
81,2024,DANE_2018_2050,Mujer,(55 a 59),5606,0,0.0,True,Arauca
81,2024,DANE_2018_2050,Mujer,(60 a 64),4484,1,22.301516503122212,True,Arauca
81,2024,DANE_2018_2050,Mujer,(65 a 69),3365,0,0.0,True,Arauca
81,2024,DANE_2018_2050,Mujer,(70 a 74),2439,0,0.0,True,Arauca
81,2024,DANE_2018_2050,Mujer,(75 a 79),1739,0,0.0,True,Arauca
81,2024,DANE_2018_2050,Mujer,(80 y más),2125,0,0.0,True,Arauca
85,2015,DANE_2005_2017,Hombre,(05 a 09),19532,0,0.0,True,Casanare
85,2015,DANE_2005_2017,Hombre,(10 a 14),19847,0,0.0,True,Casanare
85,2015,DANE_2005_2017,Hombre,(15 a 17),11945,3,25.11511092507325,True,Casanare
85,2015,DANE_2005_2017,Hombre,(18 a 19),7768,2,25.746652935118433,True,Casanare
85,2015,DANE_2005_2017,Hombre,(20 a 24),18140,2,11.025358324145536,True,Casanare
85,2015,DANE_2005_2017,Hombre,(25 a 29),17031,2,11.743291644647995,True,Casanare
85,2015,DANE_2005_2017,Hombre,(30 a 34),16018,1,6.242976651267325,True,Casanare
85,2015,DANE_2005_2017,Hombre,(35 a 39),14688,2,13.616557734204795,True,Casanare
85,2015,DANE_2005_2017,Hombre,(40 a 44),13205,0,0.0,True,Casanare
85,2015,DANE_2005_2017,Hombre,(45 a 49),11543,0,0.0,True,Casanare
85,2015,DANE_2005_2017,Hombre,(50 a 54),9407,0,0.0,True,Casanare
85,2015,DANE_2005_2017,Hombre,(55 a 59),7375,1,13.559322033898304,True,Casanare
85,2015,DANE_2005_2017,Hombre,(60 a 64),5308,0,0.0,True,Casanare
85,2015,DANE_2005_2017,Hombre,(65 a 69),3735,0,0.0,True,Casanare
85,2015,DANE_2005_2017,Hombre,(70 a 74),2605,1,38.38771593090211,True,Casanare
85,2015,DANE_2005_2017,Hombre,(75 a 79),1631,0,0.0,True,Casanare
85,2015,DANE_2005_2017,Hombre,(80 y más),1721,2,116.21150493898895,True,Casanare
85,2015,DANE_2005_2017,Mujer,(05 a 09),18493,0,0.0,True,Casanare
85,2015,DANE_2005_2017,Mujer,(10 a 14),18826,0,0.0,True,Casanare
85,2015,DANE_2005_2017,Mujer,(15 a 17),11521,0,0.0,True,Casanare
85,2015,DANE_2005_2017,Mujer,(18 a 19),7609,0,0.0,True,Casanare
85,2015,DANE_2005_2017,Mujer,(20 a 24),18019,0,0.0,True,Casanare
85,2015,DANE_2005_2017,Mujer,(25 a 29),17345,1,5.765350245027386,True,Casanare
85,2015,DANE_2005_2017,Mujer,(30 a 34),16251,0,0.0,True,Casanare
85,2015,DANE_2005_2017,Mujer,(35 a 39),14732,0,0.0,True,Casanare
85,2015,DANE_2005_2017,Mujer,(40 a 44),12934,0,0.0,True,Casanare
85,2015,DANE_2005_2017,Mujer,(45 a 49),11005,1,9.086778736937756,True,Casanare
85,2015,DANE_2005_2017,Mujer,(50 a 54),8890,1,11.24859392575928,True,Casanare
85,2015,DANE_2005_2017,Mujer,(55 a 59),6851,0,0.0,True,Casanare
85,2015,DANE_2005_2017,Mujer,(60 a 64),4834,0,0.0,True,Casanare
85,2015,DANE_2005_2017,Mujer,(65 a 69),3414,0,0.0,True,Casanare
85,2015,DANE_2005_2017,Mujer,(70 a 74),2453,0,0.0,True,Casanare
85,2015,DANE_2005_2017,Mujer,(75 a 79),1612,0,0.0,True,Casanare
85,2015,DANE_2005_2017,Mujer,(80 y más),1965,0,0.0,True,Casanare
85,2016,DANE_2005_2017,Hombre,(05 a 09),19578,0,0.0,True,Casanare
85,2016,DANE_2005_2017,Hombre,(10 a 14),19816,0,0.0,True,Casanare
85,2016,DANE_2005_2017,Hombre,(15 a 17),11961,1,8.36050497450046,True,Casanare
85,2016,DANE_2005_2017,Hombre,(18 a 19),7852,0,0.0,True,Casanare
85,2016,DANE_2005_2017,Hombre,(20 a 24),18461,1,5.41682465738584,True,Casanare
85,2016,DANE_2005_2017,Hombre,(25 a 29),17229,1,5.8041673921875905,True,Casanare
85,2016,DANE_2005_2017,Hombre,(30 a 34),16368,3,18.328445747800586,True,Casanare
85,2016,DANE_2005_2017,Hombre,(35 a 39),14922,1,6.701514542286557,True,Casanare
85,2016,DANE_2005_2017,Hombre,(40 a 44),13480,1,7.4183976261127595,True,Casanare
85,2016,DANE_2005_2017,Hombre,(45 a 49),11867,0,0.0,True,Casanare
85,2016,DANE_2005_2017,Hombre,(50 a 54),9790,0,0.0,True,Casanare
85,2016,DANE_2005_2017,Hombre,(55 a 59),7663,0,0.0,True,Casanare
85,2016,DANE_2005_2017,Hombre,(60 a 64),5682,1,17.59943681802182,True,Casanare
85,2016,DANE_2005_2017,Hombre,(65 a 69),3877,1,25.793139025019347,True,Casanare
85,2016,DANE_2005_2017,Hombre,(70 a 74),2765,0,0.0,True,Casanare
85,2016,DANE_2005_2017,Hombre,(75 a 79),1718,1,58.20721769499418,True,Casanare
85,2016,DANE_2005_2017,Hombre,(80 y más),1839,0,0.0,True,Casanare
85,2016,DANE_2005_2017,Mujer,(05 a 09),18534,0,0.0,True,Casanare
85,2016,DANE_2005_2017,Mujer,(10 a 14),18779,0,0.0,True,Casanare
85,2016,DANE_2005_2017,Mujer,(15 a 17),11466,2,17.44287458573173,True,Casanare
85,2016,DANE_2005_2017,Mujer,(18 a 19),7629,0,0.0,True,Casanare
85,2016,DANE_2005_2017,Mujer,(20 a 24),18291,0,0.0,True,Casanare
85,2016,DANE_2005_2017,Mujer,(25 a 29),17522,0,0.0,True,Casanare
85,2016,DANE_2005_2017,Mujer,(30 a 34),16718,0,0.0,True,Casanare
85,2016,DANE_2005_2017,Mujer,(35 a 39),15041,0,0.0,True,Casanare
85,2016,DANE_2005_2017,Mujer,(40 a 44),13315,0,0.0,True,Casanare
85,2016,DANE_2005_2017,Mujer,(45 a 49),11388,0,0.0,True,Casanare
85,2016,DANE_2005_2017,Mujer,(50 a 54),9293,0,0.0,True,Casanare
85,2016,DANE_2005_2017,Mujer,(55 a 59),7209,1,13.871549452073797,True,Casanare
85,2016,DANE_2005_2017,Mujer,(60 a 64),5226,0,0.0,True,Casanare
85,2016,DANE_2005_2017,Mujer,(65 a 69),3572,0,0.0,True,Casanare
85,2016,DANE_2005_2017,Mujer,(70 a 74),2612,0,0.0,True,Casanare
85,2016,DANE_2005_2017,Mujer,(75 a 79),1688,0,0.0,True,Casanare
85,2016,DANE_2005_2017,Mujer,(80 y más),2063,0,0.0,True,Casanare
85,2017,DANE_2005_2017,Hombre,(05 a 09),19670,0,0.0,True,Casanare
85,2017,DANE_2005_2017,Hombre,(10 a 14),19787,2,10.10764643452772,True,Casanare
85,2017,DANE_2005_2017,Hombre,(15 a 17),11983,0,0.0,True,Casanare
85,2017,DANE_2005_2017,Hombre,(18 a 19),7906,3,37.94586390083481,True,Casanare
85,2017,DANE_2005_2017,Hombre,(20 a 24),18805,1,5.317734645041212,True,Casanare
85,2017,DANE_2005_2017,Hombre,(25 a 29),17486,0,0.0,True,Casanare
85,2017,DANE_2005_2017,Hombre,(30 a 34),16725,2,11.958146487294469,True,Casanare
85,2017,DANE_2005_2017,Hombre,(35 a 39),15138,0,0.0,True,Casanare
85,2017,DANE_2005_2017,Hombre,(40 a 44),13809,1,7.241653993772178,True,Casanare
85,2017,DANE_2005_2017,Hombre,(45 a 49),12162,1,8.2223318533136,True,Casanare
85,2017,DANE_2005_2017,Hombre,(50 a 54),10167,4,39.34297236156192,True,Casanare
85,2017,DANE_2005_2017,Hombre,(55 a 59),7984,2,25.0501002004008,True,Casanare
85,2017,DANE_2005_2017,Hombre,(60 a 64),6032,0,0.0,True,Casanare
85,2017,DANE_2005_2017,Hombre,(65 a 69),4071,0,0.0,True,Casanare
85,2017,DANE_2005_2017,Hombre,(70 a 74),2914,0,0.0,True,Casanare
85,2017,DANE_2005_2017,Hombre,(75 a 79),1827,0,0.0,True,Casanare
85,2017,DANE_2005_2017,Hombre,(80 y más),1948,0,0.0,True,Casanare
85,2017,DANE_2005_2017,Mujer,(05 a 09),18612,0,0.0,True,Casanare
85,2017,DANE_2005_2017,Mujer,(10 a 14),18757,0,0.0,True,Casanare
85,2017,DANE_2005_2017,Mujer,(15 a 17),11446,0,0.0,True,Casanare
85,2017,DANE_2005_2017,Mujer,(18 a 19),7627,0,0.0,True,Casanare
85,2017,DANE_2005_2017,Mujer,(20 a 24),18504,1,5.404236921746649,True,Casanare
85,2017,DANE_2005_2017,Mujer,(25 a 29),17786,0,0.0,True,Casanare
85,2017,DANE_2005_2017,Mujer,(30 a 34),17138,1,5.834986579530867,True,Casanare
85,2017,DANE_2005_2017,Mujer,(35 a 39),15394,0,0.0,True,Casanare
85,2017,DANE_2005_2017,Mujer,(40 a 44),13689,0,0.0,True,Casanare
85,2017,DANE_2005_2017,Mujer,(45 a 49),11806,0,0.0,True,Casanare
85,2017,DANE_2005_2017,Mujer,(50 a 54),9671,0,0.0,True,Casanare
85,2017,DANE_2005_2017,Mujer,(55 a 59),7564,0,0.0,True,Casanare
85,2017,DANE_2005_2017,Mujer,(60 a 64),5643,0,0.0,True,Casanare
85,2017,DANE_2005_2017,Mujer,(65 a 69),3769,0,0.0,True,Casanare
85,2017,DANE_2005_2017,Mujer,(70 a 74),2755,0,0.0,True,Casanare
85,2017,DANE_2005_2017,Mujer,(75 a 79),1802,0,0.0,True,Casanare
85,2017,DANE_2005_2017,Mujer,(80 y más),2160,0,0.0,True,Casanare
85,2018,DANE_2018_2050,Hombre,(05 a 09),21017,0,0.0,True,Casanare
85,2018,DANE_2018_2050,Hombre,(10 a 14),21696,0,0.0,True,Casanare
85,2018,DANE_2018_2050,Hombre,(15 a 17),12808,1,7.807620237351655,True,Casanare
85,2018,DANE_2018_2050,Hombre,(18 a 19),8208,0,0.0,True,Casanare
85,2018,DANE_2018_2050,Hombre,(20 a 24),18601,5,26.8802752540186,False,Casanare
85,2018,DANE_2018_2050,Hombre,(25 a 29),17051,0,0.0,True,Casanare
85,2018,DANE_2018_2050,Hombre,(30 a 34),15587,2,12.831205491755952,True,Casanare
85,2018,DANE_2018_2050,Hombre,(35 a 39),14789,4,27.047129623368722,True,Casanare
85,2018,DANE_2018_2050,Hombre,(40 a 44),13371,0,0.0,True,Casanare
85,2018,DANE_2018_2050,Hombre,(45 a 49),12136,2,16.479894528675015,True,Casanare
85,2018,DANE_2018_2050,Hombre,(50 a 54),10492,2,19.062142584826535,True,Casanare
85,2018,DANE_2018_2050,Hombre,(55 a 59),8276,2,24.16626389560174,True,Casanare
85,2018,DANE_2018_2050,Hombre,(60 a 64),6121,2,32.674399607907205,True,Casanare
85,2018,DANE_2018_2050,Hombre,(65 a 69),4504,1,22.202486678507995,True,Casanare
85,2018,DANE_2018_2050,Hombre,(70 a 74),3170,0,0.0,True,Casanare
85,2018,DANE_2018_2050,Hombre,(75 a 79),2180,0,0.0,True,Casanare
85,2018,DANE_2018_2050,Hombre,(80 y más),2105,0,0.0,True,Casanare
85,2018,DANE_2018_2050,Mujer,(05 a 09),20082,0,0.0,True,Casanare
85,2018,DANE_2018_2050,Mujer,(10 a 14),20857,1,4.794553387351968,True,Casanare
85,2018,DANE_2018_2050,Mujer,(15 a 17),12497,0,0.0,True,Casanare
85,2018,DANE_2018_2050,Mujer,(18 a 19),7813,0,0.0,True,Casanare
85,2018,DANE_2018_2050,Mujer,(20 a 24),18693,1,5.349596105494035,True,Casanare
85,2018,DANE_2018_2050,Mujer,(25 a 29),17538,0,0.0,True,Casanare
85,2018,DANE_2018_2050,Mujer,(30 a 34),16329,0,0.0,True,Casanare
85,2018,DANE_2018_2050,Mujer,(35 a 39),15372,0,0.0,True,Casanare
85,2018,DANE_2018_2050,Mujer,(40 a 44),13312,1,7.512019230769231,True,Casanare
85,2018,DANE_2018_2050,Mujer,(45 a 49),11523,0,0.0,True,Casanare
85,2018,DANE_2018_2050,Mujer,(50 a 54),9707,0,0.0,True,Casanare
85,2018,DANE_2018_2050,Mujer,(55 a 59),7677,0,0.0,True,Casanare
85,2018,DANE_2018_2050,Mujer,(60 a 64),5832,0,0.0,True,Casanare
85,2018,DANE_2018_2050,Mujer,(65 a 69),4164,0,0.0,True,Casanare
85,2018,DANE_2018_2050,Mujer,(70 a 74),2958,0,0.0,True,Casanare
85,2018,DANE_2018_2050,Mujer,(75 a 79),2114,0,0.0,True,Casanare
85,2018,DANE_2018_2050,Mujer,(80 y más),2480,0,0.0,True,Casanare
85,2019,DANE_2018_2050,Hombre,(05 a 09),21022,0,0.0,True,Casanare
85,2019,DANE_2018_2050,Hombre,(10 a 14),21762,3,13.785497656465399,True,Casanare
85,2019,DANE_2018_2050,Hombre,(15 a 17),12953,1,7.72021925422682,True,Casanare
85,2019,DANE_2018_2050,Hombre,(18 a 19),8491,1,11.77717583323519,True,Casanare
85,2019,DANE_2018_2050,Hombre,(20 a 24),19307,3,15.538405759569066,True,Casanare
85,2019,DANE_2018_2050,Hombre,(25 a 29),17730,2,11.280315848843767,True,Casanare
85,2019,DANE_2018_2050,Hombre,(30 a 34),16043,1,6.233248145608676,True,Casanare
85,2019,DANE_2018_2050,Hombre,(35 a 39),15155,3,19.79544704717915,True,Casanare
85,2019,DANE_2018_2050,Hombre,(40 a 44),13779,2,14.514841425357428,True,Casanare
85,2019,DANE_2018_2050,Hombre,(45 a 49),12331,3,24.32892709431514,True,Casanare
85,2019,DANE_2018_2050,Hombre,(50 a 54),10752,0,0.0,True,Casanare
85,2019,DANE_2018_2050,Hombre,(55 a 59),8615,2,23.21532211259431,True,Casanare
85,2019,DANE_2018_2050,Hombre,(60 a 64),6399,0,0.0,True,Casanare
85,2019,DANE_2018_2050,Hombre,(65 a 69),4671,0,0.0,True,Casanare
85,2019,DANE_2018_2050,Hombre,(70 a 74),3281,0,0.0,True,Casanare
85,2019,DANE_2018_2050,Hombre,(75 a 79),2212,0,0.0,True,Casanare
85,2019,DANE_2018_2050,Hombre,(80 y más),2164,0,0.0,True,Casanare
85,2019,DANE_2018_2050,Mujer,(05 a 09),20065,0,0.0,True,Casanare
85,2019,DANE_2018_2050,Mujer,(10 a 14),20883,0,0.0,True,Casanare
85,2019,DANE_2018_2050,Mujer,(15 a 17),12776,2,15.654351909830932,True,Casanare
85,2019,DANE_2018_2050,Mujer,(18 a 19),8197,1,12.19958521410272,True,Casanare
85,2019,DANE_2018_2050,Mujer,(20 a 24),19408,0,0.0,True,Casanare
85,2019,DANE_2018_2050,Mujer,(25 a 29),18310,1,5.461496450027307,True,Casanare
85,2019,DANE_2018_2050,Mujer,(30 a 34),16797,1,5.9534440673929865,True,Casanare
85,2019,DANE_2018_2050,Mujer,(35 a 39),15861,0,0.0,True,Casanare
85,2019,DANE_2018_2050,Mujer,(40 a 44),13800,1,7.246376811594203,True,Casanare
85,2019,DANE_2018_2050,Mujer,(45 a 49),11817,0,0.0,True,Casanare
85,2019,DANE_2018_2050,Mujer,(50 a 54),9994,0,0.0,True,Casanare
85,2019,DANE_2018_2050,Mujer,(55 a 59),8043,0,0.0,True,Casanare
85,2019,DANE_2018_2050,Mujer,(60 a 64),6146,0,0.0,True,Casanare
85,2019,DANE_2018_2050,Mujer,(65 a 69),4377,0,0.0,True,Casanare
85,2019,DANE_2018_2050,Mujer,(70 a 74),3123,1,32.02049311559398,True,Casanare
85,2019,DANE_2018_2050,Mujer,(75 a 79),2159,0,0.0,True,Casanare
85,2019,DANE_2018_2050,Mujer,(80 y más),2591,0,0.0,True,Casanare
85,2020,DANE_2018_2050,Hombre,(05 a 09),21065,0,0.0,True,Casanare
85,2020,DANE_2018_2050,Hombre,(10 a 14),21820,1,4.582951420714941,True,Casanare
85,2020,DANE_2018_2050,Hombre,(15 a 17),13104,4,30.525030525030527,True,Casanare
85,2020,DANE_2018_2050,Hombre,(18 a 19),8676,0,0.0,True,Casanare
85,2020,DANE_2018_2050,Hombre,(20 a 24),20122,5,24.848424609879736,False,Casanare
85,2020,DANE_2018_2050,Hombre,(25 a 29),18440,3,16.268980477223426,True,Casanare
85,2020,DANE_2018_2050,Hombre,(30 a 34),16635,3,18.034265103697024,True,Casanare
85,2020,DANE_2018_2050,Hombre,(35 a 39),15532,4,25.75328354365182,True,Casanare
85,2020,DANE_2018_2050,Hombre,(40 a 44),14256,0,0.0,True,Casanare
85,2020,DANE_2018_2050,Hombre,(45 a 49),12548,1,7.9693975135479755,True,Casanare
85,2020,DANE_2018_2050,Hombre,(50 a 54),10974,0,0.0,True,Casanare
85,2020,DANE_2018_2050,Hombre,(55 a 59),8968,1,11.150758251561106,True,Casanare
85,2020,DANE_2018_2050,Hombre,(60 a 64),6707,0,0.0,True,Casanare
85,2020,DANE_2018_2050,Hombre,(65 a 69),4820,1,20.74688796680498,True,Casanare
85,2020,DANE_2018_2050,Hombre,(70 a 74),3408,0,0.0,True,Casanare
85,2020,DANE_2018_2050,Hombre,(75 a 79),2239,1,44.662795891022775,True,Casanare
85,2020,DANE_2018_2050,Hombre,(80 y más),2221,2,90.04952723998198,True,Casanare
85,2020,DANE_2018_2050,Mujer,(05 a 09),20106,0,0.0,True,Casanare
85,2020,DANE_2018_2050,Mujer,(10 a 14),20899,1,4.784917938657352,True,Casanare
85,2020,DANE_2018_2050,Mujer,(15 a 17),12917,1,7.7417356971433,True,Casanare
85,2020,DANE_2018_2050,Mujer,(18 a 19),8605,0,0.0,True,Casanare
85,2020,DANE_2018_2050,Mujer,(20 a 24),20233,1,4.942420797706717,True,Casanare
85,2020,DANE_2018_2050,Mujer,(25 a 29),19155,0,0.0,True,Casanare
85,2020,DANE_2018_2050,Mujer,(30 a 34),17392,0,0.0,True,Casanare
85,2020,DANE_2018_2050,Mujer,(35 a 39),16316,0,0.0,True,Casanare
85,2020,DANE_2018_2050,Mujer,(40 a 44),14338,0,0.0,True,Casanare
85,2020,DANE_2018_2050,Mujer,(45 a 49),12120,0,0.0,True,Casanare
85,2020,DANE_2018_2050,Mujer,(50 a 54),10298,1,9.710623422023694,True,Casanare
85,2020,DANE_2018_2050,Mujer,(55 a 59),8395,1,11.911852293031567,True,Casanare
85,2020,DANE_2018_2050,Mujer,(60 a 64),6470,0,0.0,True,Casanare
85,2020,DANE_2018_2050,Mujer,(65 a 69),4643,0,0.0,True,Casanare
85,2020,DANE_2018_2050,Mujer,(70 a 74),3291,0,0.0,True,Casanare
85,2020,DANE_2018_2050,Mujer,(75 a 79),2228,0,0.0,True,Casanare
85,2020,DANE_2018_2050,Mujer,(80 y más),2721,0,0.0,True,Casanare
85,2021,DANE_2018_2050,Hombre,(05 a 09),21012,0,0.0,True,Casanare
85,2021,DANE_2018_2050,Hombre,(10 a 14),21700,1,4.608294930875576,True,Casanare
85,2021,DANE_2018_2050,Hombre,(15 a 17),13188,2,15.165301789505612,True,Casanare
85,2021,DANE_2018_2050,Hombre,(18 a 19),8721,3,34.39972480220158,True,Casanare
85,2021,DANE_2018_2050,Hombre,(20 a 24),20756,2,9.635767970707265,True,Casanare
85,2021,DANE_2018_2050,Hombre,(25 a 29),18948,3,15.832805573147562,True,Casanare
85,2021,DANE_2018_2050,Hombre,(30 a 34),17142,3,17.50087504375219,True,Casanare
85,2021,DANE_2018_2050,Hombre,(35 a 39),15795,6,37.98670465337132,False,Casanare
85,2021,DANE_2018_2050,Hombre,(40 a 44),14657,2,13.645357167223851,True,Casanare
85,2021,DANE_2018_2050,Hombre,(45 a 49),12763,0,0.0,True,Casanare
85,2021,DANE_2018_2050,Hombre,(50 a 54),11144,5,44.867193108399135,False,Casanare
85,2021,DANE_2018_2050,Hombre,(55 a 59),9246,3,32.44646333549643,True,Casanare
85,2021,DANE_2018_2050,Hombre,(60 a 64),7013,1,14.259232853272493,True,Casanare
85,2021,DANE_2018_2050,Hombre,(65 a 69),4992,0,0.0,True,Casanare
85,2021,DANE_2018_2050,Hombre,(70 a 74),3503,1,28.546959748786755,True,Casanare
85,2021,DANE_2018_2050,Hombre,(75 a 79),2256,1,44.326241134751776,True,Casanare
85,2021,DANE_2018_2050,Hombre,(80 y más),2264,0,0.0,True,Casanare
85,2021,DANE_2018_2050,Mujer,(05 a 09),20015,0,0.0,True,Casanare
85,2021,DANE_2018_2050,Mujer,(10 a 14),20848,2,9.593246354566386,True,Casanare
85,2021,DANE_2018_2050,Mujer,(15 a 17),12911,1,7.745333436604446,True,Casanare
85,2021,DANE_2018_2050,Mujer,(18 a 19),8788,0,0.0,True,Casanare
85,2021,DANE_2018_2050,Mujer,(20 a 24),20868,2,9.584052137243626,True,Casanare
85,2021,DANE_2018_2050,Mujer,(25 a 29),19754,0,0.0,True,Casanare
85,2021,DANE_2018_2050,Mujer,(30 a 34),17936,0,0.0,True,Casanare
85,2021,DANE_2018_2050,Mujer,(35 a 39),16637,0,0.0,True,Casanare
85,2021,DANE_2018_2050,Mujer,(40 a 44),14832,0,0.0,True,Casanare
85,2021,DANE_2018_2050,Mujer,(45 a 49),12387,0,0.0,True,Casanare
85,2021,DANE_2018_2050,Mujer,(50 a 54),10539,0,0.0,True,Casanare
85,2021,DANE_2018_2050,Mujer,(55 a 59),8706,0,0.0,True,Casanare
85,2021,DANE_2018_2050,Mujer,(60 a 64),6759,0,0.0,True,Casanare
85,2021,DANE_2018_2050,Mujer,(65 a 69),4925,0,0.0,True,Casanare
85,2021,DANE_2018_2050,Mujer,(70 a 74),3442,0,0.0,True,Casanare
85,2021,DANE_2018_2050,Mujer,(75 a 79),2326,0,0.0,True,Casanare
85,2021,DANE_2018_2050,Mujer,(80 y más),2801,0,0.0,True,Casanare
85,2022,DANE_2018_2050,Hombre,(05 a 09),20906,0,0.0,True,Casanare
85,2022,DANE_2018_2050,Hombre,(10 a 14),21545,1,4.641448131817127,True,Casanare
85,2022,DANE_2018_2050,Hombre,(15 a 17),13195,2,15.157256536566882,True,Casanare
85,2022,DANE_2018_2050,Hombre,(18 a 19),8753,2,22.849308808408544,True,Casanare
85,2022,DANE_2018_2050,Hombre,(20 a 24),21215,1,4.71364600518501,True,Casanare
85,2022,DANE_2018_2050,Hombre,(25 a 29),19329,1,5.173573387138497,True,Casanare
85,2022,DANE_2018_2050,Hombre,(30 a 34),17621,2,11.350093638272517,True,Casanare
85,2022,DANE_2018_2050,Hombre,(35 a 39),16020,1,6.242197253433209,True,Casanare
85,2022,DANE_2018_2050,Hombre,(40 a 44),14998,1,6.667555674089879,True,Casanare
85,2022,DANE_2018_2050,Hombre,(45 a 49),12998,1,7.693491306354824,True,Casanare
85,2022,DANE_2018_2050,Hombre,(50 a 54),11295,0,0.0,True,Casanare
85,2022,DANE_2018_2050,Hombre,(55 a 59),9487,2,21.081479919890377,True,Casanare
85,2022,DANE_2018_2050,Hombre,(60 a 64),7307,0,0.0,True,Casanare
85,2022,DANE_2018_2050,Hombre,(65 a 69),5145,0,0.0,True,Casanare
85,2022,DANE_2018_2050,Hombre,(70 a 74),3591,0,0.0,True,Casanare
85,2022,DANE_2018_2050,Hombre,(75 a 79),2280,1,43.85964912280702,True,Casanare
85,2022,DANE_2018_2050,Hombre,(80 y más),2239,2,89.32559178204555,True,Casanare
85,2022,DANE_2018_2050,Mujer,(05 a 09),19873,0,0.0,True,Casanare
85,2022,DANE_2018_2050,Mujer,(10 a 14),20702,1,4.830451164138731,True,Casanare
85,2022,DANE_2018_2050,Mujer,(15 a 17),12872,1,7.768800497203231,True,Casanare
85,2022,DANE_2018_2050,Mujer,(18 a 19),8784,0,0.0,True,Casanare
85,2022,DANE_2018_2050,Mujer,(20 a 24),21415,1,4.669624095260332,True,Casanare
85,2022,DANE_2018_2050,Mujer,(25 a 29),20199,0,0.0,True,Casanare
85,2022,DANE_2018_2050,Mujer,(30 a 34),18488,0,0.0,True,Casanare
85,2022,DANE_2018_2050,Mujer,(35 a 39),16891,0,0.0,True,Casanare
85,2022,DANE_2018_2050,Mujer,(40 a 44),15292,0,0.0,True,Casanare
85,2022,DANE_2018_2050,Mujer,(45 a 49),12700,1,7.874015748031495,True,Casanare
85,2022,DANE_2018_2050,Mujer,(50 a 54),10733,1,9.317059536010435,True,Casanare
85,2022,DANE_2018_2050,Mujer,(55 a 59),8994,1,11.1185234600845,True,Casanare
85,2022,DANE_2018_2050,Mujer,(60 a 64),7055,0,0.0,True,Casanare
85,2022,DANE_2018_2050,Mujer,(65 a 69),5175,1,19.32367149758454,True,Casanare
85,2022,DANE_2018_2050,Mujer,(70 a 74),3608,0,0.0,True,Casanare
85,2022,DANE_2018_2050,Mujer,(75 a 79),2422,0,0.0,True,Casanare
85,2022,DANE_2018_2050,Mujer,(80 y más),2875,0,0.0,True,Casanare
85,2023,DANE_2018_2050,Hombre,(05 a 09),20739,0,0.0,True,Casanare
85,2023,DANE_2018_2050,Hombre,(10 a 14),21377,2,9.355849745053096,True,Casanare
85,2023,DANE_2018_2050,Hombre,(15 a 17),13163,0,0.0,True,Casanare
85,2023,DANE_2018_2050,Hombre,(18 a 19),8770,2,22.80501710376283,True,Casanare
85,2023,DANE_2018_2050,Hombre,(20 a 24),21534,2,9.287638153617534,True,Casanare
85,2023,DANE_2018_2050,Hombre,(25 a 29),19702,4,20.302507359658918,True,Casanare
85,2023,DANE_2018_2050,Hombre,(30 a 34),18100,2,11.049723756906078,True,Casanare
85,2023,DANE_2018_2050,Hombre,(35 a 39),16264,1,6.148548942449581,True,Casanare
85,2023,DANE_2018_2050,Hombre,(40 a 44),15298,2,13.073604392731077,True,Casanare
85,2023,DANE_2018_2050,Hombre,(45 a 49),13282,1,7.528986598403855,True,Casanare
85,2023,DANE_2018_2050,Hombre,(50 a 54),11427,6,52.507219742714625,False,Casanare
85,2023,DANE_2018_2050,Hombre,(55 a 59),9700,2,20.61855670103093,True,Casanare
85,2023,DANE_2018_2050,Hombre,(60 a 64),7603,1,13.152702880441932,True,Casanare
85,2023,DANE_2018_2050,Hombre,(65 a 69),5349,2,37.390166386240416,True,Casanare
85,2023,DANE_2018_2050,Hombre,(70 a 74),3684,0,0.0,True,Casanare
85,2023,DANE_2018_2050,Hombre,(75 a 79),2335,2,85.65310492505353,True,Casanare
85,2023,DANE_2018_2050,Hombre,(80 y más),2249,0,0.0,True,Casanare
85,2023,DANE_2018_2050,Mujer,(05 a 09),19729,0,0.0,True,Casanare
85,2023,DANE_2018_2050,Mujer,(10 a 14),20552,2,9.73141300116777,True,Casanare
85,2023,DANE_2018_2050,Mujer,(15 a 17),12796,1,7.814942169427946,True,Casanare
85,2023,DANE_2018_2050,Mujer,(18 a 19),8748,0,0.0,True,Casanare
85,2023,DANE_2018_2050,Mujer,(20 a 24),21830,3,13.742556115437472,True,Casanare
85,2023,DANE_2018_2050,Mujer,(25 a 29),20608,0,0.0,True,Casanare
85,2023,DANE_2018_2050,Mujer,(30 a 34),19047,0,0.0,True,Casanare
85,2023,DANE_2018_2050,Mujer,(35 a 39),17144,0,0.0,True,Casanare
85,2023,DANE_2018_2050,Mujer,(40 a 44),15696,1,6.371049949031601,True,Casanare
85,2023,DANE_2018_2050,Mujer,(45 a 49),13028,0,0.0,True,Casanare
85,2023,DANE_2018_2050,Mujer,(50 a 54),10936,0,0.0,True,Casanare
85,2023,DANE_2018_2050,Mujer,(55 a 59),9253,0,0.0,True,Casanare
85,2023,DANE_2018_2050,Mujer,(60 a 64),7396,0,0.0,True,Casanare
85,2023,DANE_2018_2050,Mujer,(65 a 69),5450,0,0.0,True,Casanare
85,2023,DANE_2018_2050,Mujer,(70 a 74),3786,0,0.0,True,Casanare
85,2023,DANE_2018_2050,Mujer,(75 a 79),2548,0,0.0,True,Casanare
85,2023,DANE_2018_2050,Mujer,(80 y más),2950,0,0.0,True,Casanare
85,2024,DANE_2018_2050,Hombre,(05 a 09),20577,0,0.0,True,Casanare
85,2024,DANE_2018_2050,Hombre,(10 a 14),21235,0,0.0,True,Casanare
85,2024,DANE_2018_2050,Hombre,(15 a 17),13082,2,15.288182235132243,True,Casanare
85,2024,DANE_2018_2050,Hombre,(18 a 19),8794,1,11.37138958380714,True,Casanare
85,2024,DANE_2018_2050,Hombre,(20 a 24),21735,3,13.802622498274673,True,Casanare
85,2024,DANE_2018_2050,Hombre,(25 a 29),20141,6,29.789980636512585,False,Casanare
85,2024,DANE_2018_2050,Hombre,(30 a 34),18581,3,16.14552499865454,True,Casanare
85,2024,DANE_2018_2050,Hombre,(35 a 39),16581,1,6.030999336590073,True,Casanare
85,2024,DANE_2018_2050,Hombre,(40 a 44),15576,1,6.420133538777606,True,Casanare
85,2024,DANE_2018_2050,Hombre,(45 a 49),13604,0,0.0,True,Casanare
85,2024,DANE_2018_2050,Hombre,(50 a 54),11564,3,25.94258042199931,True,Casanare
85,2024,DANE_2018_2050,Hombre,(55 a 59),9904,2,20.193861066235865,True,Casanare
85,2024,DANE_2018_2050,Hombre,(60 a 64),7904,0,0.0,True,Casanare
85,2024,DANE_2018_2050,Hombre,(65 a 69),5588,2,35.79098067287043,True,Casanare
85,2024,DANE_2018_2050,Hombre,(70 a 74),3826,0,0.0,True,Casanare
85,2024,DANE_2018_2050,Hombre,(75 a 79),2428,0,0.0,True,Casanare
85,2024,DANE_2018_2050,Hombre,(80 y más),2313,0,0.0,True,Casanare
85,2024,DANE_2018_2050,Mujer,(05 a 09),19588,0,0.0,True,Casanare
85,2024,DANE_2018_2050,Mujer,(10 a 14),20390,0,0.0,True,Casanare
85,2024,DANE_2018_2050,Mujer,(15 a 17),12729,0,0.0,True,Casanare
85,2024,DANE_2018_2050,Mujer,(18 a 19),8699,0,0.0,True,Casanare
85,2024,DANE_2018_2050,Mujer,(20 a 24),22158,0,0.0,True,Casanare
85,2024,DANE_2018_2050,Mujer,(25 a 29),20994,1,4.763265694960465,True,Casanare
85,2024,DANE_2018_2050,Mujer,(30 a 34),19627,0,0.0,True,Casanare
85,2024,DANE_2018_2050,Mujer,(35 a 39),17453,0,0.0,True,Casanare
85,2024,DANE_2018_2050,Mujer,(40 a 44),16046,0,0.0,True,Casanare
85,2024,DANE_2018_2050,Mujer,(45 a 49),13405,0,0.0,True,Casanare
85,2024,DANE_2018_2050,Mujer,(50 a 54),11145,0,0.0,True,Casanare
85,2024,DANE_2018_2050,Mujer,(55 a 59),9491,0,0.0,True,Casanare
85,2024,DANE_2018_2050,Mujer,(60 a 64),7729,0,0.0,True,Casanare
85,2024,DANE_2018_2050,Mujer,(65 a 69),5742,0,0.0,True,Casanare
85,2024,DANE_2018_2050,Mujer,(70 a 74),3990,0,0.0,True,Casanare
85,2024,DANE_2018_2050,Mujer,(75 a 79),2684,0,0.0,True,Casanare
85,2024,DANE_2018_2050,Mujer,(80 y más),3062,0,0.0,True,Casanare
86,2015,DANE_2005_2017,Hombre,(05 a 09),16851,0,0.0,True,Putumayo
86,2015,DANE_2005_2017,Hombre,(10 a 14),17699,0,0.0,True,Putumayo
86,2015,DANE_2005_2017,Hombre,(15 a 17),10821,0,0.0,True,Putumayo
86,2015,DANE_2005_2017,Hombre,(18 a 19),6963,1,14.361625736033318,True,Putumayo
86,2015,DANE_2005_2017,Hombre,(20 a 24),15368,4,26.028110359187924,True,Putumayo
86,2015,DANE_2005_2017,Hombre,(25 a 29),13478,2,14.838996883810655,True,Putumayo
86,2015,DANE_2005_2017,Hombre,(30 a 34),12556,1,7.964319847085059,True,Putumayo
86,2015,DANE_2005_2017,Hombre,(35 a 39),11063,1,9.039139473922083,True,Putumayo
86,2015,DANE_2005_2017,Hombre,(40 a 44),9641,0,0.0,True,Putumayo
86,2015,DANE_2005_2017,Hombre,(45 a 49),8318,0,0.0,True,Putumayo
86,2015,DANE_2005_2017,Hombre,(50 a 54),7015,0,0.0,True,Putumayo
86,2015,DANE_2005_2017,Hombre,(55 a 59),5634,1,17.74937877174299,True,Putumayo
86,2015,DANE_2005_2017,Hombre,(60 a 64),4333,0,0.0,True,Putumayo
86,2015,DANE_2005_2017,Hombre,(65 a 69),3434,0,0.0,True,Putumayo
86,2015,DANE_2005_2017,Hombre,(70 a 74),2589,0,0.0,True,Putumayo
86,2015,DANE_2005_2017,Hombre,(75 a 79),1788,0,0.0,True,Putumayo
86,2015,DANE_2005_2017,Hombre,(80 y más),2220,0,0.0,True,Putumayo
86,2015,DANE_2005_2017,Mujer,(05 a 09),16126,0,0.0,True,Putumayo
86,2015,DANE_2005_2017,Mujer,(10 a 14),16552,0,0.0,True,Putumayo
86,2015,DANE_2005_2017,Mujer,(15 a 17),9956,2,20.08838891120932,True,Putumayo
86,2015,DANE_2005_2017,Mujer,(18 a 19),6414,0,0.0,True,Putumayo
86,2015,DANE_2005_2017,Mujer,(20 a 24),14531,0,0.0,True,Putumayo
86,2015,DANE_2005_2017,Mujer,(25 a 29),13380,1,7.473841554559044,True,Putumayo
86,2015,DANE_2005_2017,Mujer,(30 a 34),12723,1,7.859781498074354,True,Putumayo
86,2015,DANE_2005_2017,Mujer,(35 a 39),11373,0,0.0,True,Putumayo
86,2015,DANE_2005_2017,Mujer,(40 a 44),10200,0,0.0,True,Putumayo
86,2015,DANE_2005_2017,Mujer,(45 a 49),8702,0,0.0,True,Putumayo
86,2015,DANE_2005_2017,Mujer,(50 a 54),7024,0,0.0,True,Putumayo
86,2015,DANE_2005_2017,Mujer,(55 a 59),5472,0,0.0,True,Putumayo
86,2015,DANE_2005_2017,Mujer,(60 a 64),4188,0,0.0,True,Putumayo
86,2015,DANE_2005_2017,Mujer,(65 a 69),3193,0,0.0,True,Putumayo
86,2015,DANE_2005_2017,Mujer,(70 a 74),2310,0,0.0,True,Putumayo
86,2015,DANE_2005_2017,Mujer,(75 a 79),1561,0,0.0,True,Putumayo
86,2015,DANE_2005_2017,Mujer,(80 y más),2054,0,0.0,True,Putumayo
86,2016,DANE_2005_2017,Hombre,(05 a 09),16802,0,0.0,True,Putumayo
86,2016,DANE_2005_2017,Hombre,(10 a 14),17579,2,11.377211445474714,True,Putumayo
86,2016,DANE_2005_2017,Hombre,(15 a 17),10845,2,18.441678192715536,True,Putumayo
86,2016,DANE_2005_2017,Hombre,(18 a 19),7069,4,56.58508982883011,True,Putumayo
86,2016,DANE_2005_2017,Hombre,(20 a 24),15962,5,31.324395439168025,False,Putumayo
86,2016,DANE_2005_2017,Hombre,(25 a 29),13680,2,14.619883040935672,True,Putumayo
86,2016,DANE_2005_2017,Hombre,(30 a 34),12850,4,31.128404669260703,True,Putumayo
86,2016,DANE_2005_2017,Hombre,(35 a 39),11365,1,8.798944126704795,True,Putumayo
86,2016,DANE_2005_2017,Hombre,(40 a 44),9877,3,30.37359522122102,True,Putumayo
86,2016,DANE_2005_2017,Hombre,(45 a 49),8644,2,23.137436372049976,True,Putumayo
86,2016,DANE_2005_2017,Hombre,(50 a 54),7211,1,13.867702121758425,True,Putumayo
86,2016,DANE_2005_2017,Hombre,(55 a 59),5915,0,0.0,True,Putumayo
86,2016,DANE_2005_2017,Hombre,(60 a 64),4509,0,0.0,True,Putumayo
86,2016,DANE_2005_2017,Hombre,(65 a 69),3551,0,0.0,True,Putumayo
86,2016,DANE_2005_2017,Hombre,(70 a 74),2677,0,0.0,True,Putumayo
86,2016,DANE_2005_2017,Hombre,(75 a 79),1854,0,0.0,True,Putumayo
86,2016,DANE_2005_2017,Hombre,(80 y más),2334,0,0.0,True,Putumayo
86,2016,DANE_2005_2017,Mujer,(05 a 09),16129,0,0.0,True,Putumayo
86,2016,DANE_2005_2017,Mujer,(10 a 14),16554,0,0.0,True,Putumayo
86,2016,DANE_2005_2017,Mujer,(15 a 17),9996,4,40.016006402561025,True,Putumayo
86,2016,DANE_2005_2017,Mujer,(18 a 19),6512,1,15.356265356265355,True,Putumayo
86,2016,DANE_2005_2017,Mujer,(20 a 24),14951,3,20.065547455019733,True,Putumayo
86,2016,DANE_2005_2017,Mujer,(25 a 29),13609,0,0.0,True,Putumayo
86,2016,DANE_2005_2017,Mujer,(30 a 34),13048,0,0.0,True,Putumayo
86,2016,DANE_2005_2017,Mujer,(35 a 39),11693,0,0.0,True,Putumayo
86,2016,DANE_2005_2017,Mujer,(40 a 44),10419,0,0.0,True,Putumayo
86,2016,DANE_2005_2017,Mujer,(45 a 49),9099,0,0.0,True,Putumayo
86,2016,DANE_2005_2017,Mujer,(50 a 54),7324,0,0.0,True,Putumayo
86,2016,DANE_2005_2017,Mujer,(55 a 59),5773,0,0.0,True,Putumayo
86,2016,DANE_2005_2017,Mujer,(60 a 64),4387,0,0.0,True,Putumayo
86,2016,DANE_2005_2017,Mujer,(65 a 69),3353,0,0.0,True,Putumayo
86,2016,DANE_2005_2017,Mujer,(70 a 74),2440,0,0.0,True,Putumayo
86,2016,DANE_2005_2017,Mujer,(75 a 79),1633,0,0.0,True,Putumayo
86,2016,DANE_2005_2017,Mujer,(80 y más),2139,0,0.0,True,Putumayo
86,2017,DANE_2005_2017,Hombre,(05 a 09),16800,0,0.0,True,Putumayo
86,2017,DANE_2005_2017,Hombre,(10 a 14),17483,1,5.7198421323571464,True,Putumayo
86,2017,DANE_2005_2017,Hombre,(15 a 17),10822,2,18.48087229717243,True,Putumayo
86,2017,DANE_2005_2017,Hombre,(18 a 19),7134,2,28.034763106251752,True,Putumayo
86,2017,DANE_2005_2017,Hombre,(20 a 24),16484,4,24.265954865323952,True,Putumayo
86,2017,DANE_2005_2017,Hombre,(25 a 29),14005,3,21.420921099607284,True,Putumayo
86,2017,DANE_2005_2017,Hombre,(30 a 34),13129,1,7.616726331022927,True,Putumayo
86,2017,DANE_2005_2017,Hombre,(35 a 39),11692,2,17.105713308244955,True,Putumayo
86,2017,DANE_2005_2017,Hombre,(40 a 44),10116,1,9.885330170027679,True,Putumayo
86,2017,DANE_2005_2017,Hombre,(45 a 49),8946,0,0.0,True,Putumayo
86,2017,DANE_2005_2017,Hombre,(50 a 54),7436,0,0.0,True,Putumayo
86,2017,DANE_2005_2017,Hombre,(55 a 59),6199,0,0.0,True,Putumayo
86,2017,DANE_2005_2017,Hombre,(60 a 64),4715,0,0.0,True,Putumayo
86,2017,DANE_2005_2017,Hombre,(65 a 69),3675,0,0.0,True,Putumayo
86,2017,DANE_2005_2017,Hombre,(70 a 74),2789,1,35.85514521333812,True,Putumayo
86,2017,DANE_2005_2017,Hombre,(75 a 79),1897,0,0.0,True,Putumayo
86,2017,DANE_2005_2017,Hombre,(80 y más),2474,0,0.0,True,Putumayo
86,2017,DANE_2005_2017,Mujer,(05 a 09),16164,0,0.0,True,Putumayo
86,2017,DANE_2005_2017,Mujer,(10 a 14),16565,1,6.0368246302444915,True,Putumayo
86,2017,DANE_2005_2017,Mujer,(15 a 17),10030,3,29.91026919242273,True,Putumayo
86,2017,DANE_2005_2017,Mujer,(18 a 19),6568,0,0.0,True,Putumayo
86,2017,DANE_2005_2017,Mujer,(20 a 24),15355,0,0.0,True,Putumayo
86,2017,DANE_2005_2017,Mujer,(25 a 29),13887,0,0.0,True,Putumayo
86,2017,DANE_2005_2017,Mujer,(30 a 34),13365,1,7.482229704451926,True,Putumayo
86,2017,DANE_2005_2017,Mujer,(35 a 39),12045,0,0.0,True,Putumayo
86,2017,DANE_2005_2017,Mujer,(40 a 44),10669,2,18.745899334520573,True,Putumayo
86,2017,DANE_2005_2017,Mujer,(45 a 49),9469,2,21.121554546414615,True,Putumayo
86,2017,DANE_2005_2017,Mujer,(50 a 54),7640,0,0.0,True,Putumayo
86,2017,DANE_2005_2017,Mujer,(55 a 59),6089,0,0.0,True,Putumayo
86,2017,DANE_2005_2017,Mujer,(60 a 64),4620,0,0.0,True,Putumayo
86,2017,DANE_2005_2017,Mujer,(65 a 69),3516,0,0.0,True,Putumayo
86,2017,DANE_2005_2017,Mujer,(70 a 74),2569,0,0.0,True,Putumayo
86,2017,DANE_2005_2017,Mujer,(75 a 79),1712,0,0.0,True,Putumayo
86,2017,DANE_2005_2017,Mujer,(80 y más),2237,0,0.0,True,Putumayo
86,2018,DANE_2018_2050,Hombre,(05 a 09),18006,0,0.0,True,Putumayo
86,2018,DANE_2018_2050,Hombre,(10 a 14),19595,1,5.103342689461598,True,Putumayo
86,2018,DANE_2018_2050,Hombre,(15 a 17),12033,4,33.241918058671985,True,Putumayo
86,2018,DANE_2018_2050,Hombre,(18 a 19),7536,3,39.80891719745223,True,Putumayo
86,2018,DANE_2018_2050,Hombre,(20 a 24),15844,2,12.623074981065388,True,Putumayo
86,2018,DANE_2018_2050,Hombre,(25 a 29),13319,1,7.508071176514753,True,Putumayo
86,2018,DANE_2018_2050,Hombre,(30 a 34),12076,1,8.280887711162636,True,Putumayo
86,2018,DANE_2018_2050,Hombre,(35 a 39),11348,0,0.0,True,Putumayo
86,2018,DANE_2018_2050,Hombre,(40 a 44),9851,1,10.151253679829459,True,Putumayo
86,2018,DANE_2018_2050,Hombre,(45 a 49),8725,2,22.922636103151863,True,Putumayo
86,2018,DANE_2018_2050,Hombre,(50 a 54),7449,0,0.0,True,Putumayo
86,2018,DANE_2018_2050,Hombre,(55 a 59),6134,1,16.3025758069775,True,Putumayo
86,2018,DANE_2018_2050,Hombre,(60 a 64),4728,0,0.0,True,Putumayo
86,2018,DANE_2018_2050,Hombre,(65 a 69),3805,1,26.281208935611037,True,Putumayo
86,2018,DANE_2018_2050,Hombre,(70 a 74),2901,0,0.0,True,Putumayo
86,2018,DANE_2018_2050,Hombre,(75 a 79),2115,1,47.28132387706856,True,Putumayo
86,2018,DANE_2018_2050,Hombre,(80 y más),2246,0,0.0,True,Putumayo
86,2018,DANE_2018_2050,Mujer,(05 a 09),17567,0,0.0,True,Putumayo
86,2018,DANE_2018_2050,Mujer,(10 a 14),19044,2,10.501995379122032,True,Putumayo
86,2018,DANE_2018_2050,Mujer,(15 a 17),11435,2,17.490161783996502,True,Putumayo
86,2018,DANE_2018_2050,Mujer,(18 a 19),6995,0,0.0,True,Putumayo
86,2018,DANE_2018_2050,Mujer,(20 a 24),15461,0,0.0,True,Putumayo
86,2018,DANE_2018_2050,Mujer,(25 a 29),13695,0,0.0,True,Putumayo
86,2018,DANE_2018_2050,Mujer,(30 a 34),12748,0,0.0,True,Putumayo
86,2018,DANE_2018_2050,Mujer,(35 a 39),12021,0,0.0,True,Putumayo
86,2018,DANE_2018_2050,Mujer,(40 a 44),10326,1,9.68429207824908,True,Putumayo
86,2018,DANE_2018_2050,Mujer,(45 a 49),9051,0,0.0,True,Putumayo
86,2018,DANE_2018_2050,Mujer,(50 a 54),7642,0,0.0,True,Putumayo
86,2018,DANE_2018_2050,Mujer,(55 a 59),6064,0,0.0,True,Putumayo
86,2018,DANE_2018_2050,Mujer,(60 a 64),4670,0,0.0,True,Putumayo
86,2018,DANE_2018_2050,Mujer,(65 a 69),3686,0,0.0,True,Putumayo
86,2018,DANE_2018_2050,Mujer,(70 a 74),2725,0,0.0,True,Putumayo
86,2018,DANE_2018_2050,Mujer,(75 a 79),1957,0,0.0,True,Putumayo
86,2018,DANE_2018_2050,Mujer,(80 y más),2223,0,0.0,True,Putumayo
86,2019,DANE_2018_2050,Hombre,(05 a 09),17786,0,0.0,True,Putumayo
86,2019,DANE_2018_2050,Hombre,(10 a 14),19450,1,5.141388174807198,True,Putumayo
86,2019,DANE_2018_2050,Hombre,(15 a 17),12132,1,8.242664029014177,True,Putumayo
86,2019,DANE_2018_2050,Hombre,(18 a 19),7821,3,38.35826620636747,True,Putumayo
86,2019,DANE_2018_2050,Hombre,(20 a 24),16774,2,11.92321449862883,True,Putumayo
86,2019,DANE_2018_2050,Hombre,(25 a 29),13835,2,14.456089627755693,True,Putumayo
86,2019,DANE_2018_2050,Hombre,(30 a 34),12309,1,8.124136810463888,True,Putumayo
86,2019,DANE_2018_2050,Hombre,(35 a 39),11566,0,0.0,True,Putumayo
86,2019,DANE_2018_2050,Hombre,(40 a 44),10158,0,0.0,True,Putumayo
86,2019,DANE_2018_2050,Hombre,(45 a 49),8884,0,0.0,True,Putumayo
86,2019,DANE_2018_2050,Hombre,(50 a 54),7665,2,26.092628832354862,True,Putumayo
86,2019,DANE_2018_2050,Hombre,(55 a 59),6380,0,0.0,True,Putumayo
86,2019,DANE_2018_2050,Hombre,(60 a 64),4904,0,0.0,True,Putumayo
86,2019,DANE_2018_2050,Hombre,(65 a 69),3901,0,0.0,True,Putumayo
86,2019,DANE_2018_2050,Hombre,(70 a 74),3008,1,33.244680851063826,True,Putumayo
86,2019,DANE_2018_2050,Hombre,(75 a 79),2143,0,0.0,True,Putumayo
86,2019,DANE_2018_2050,Hombre,(80 y más),2331,0,0.0,True,Putumayo
86,2019,DANE_2018_2050,Mujer,(05 a 09),17386,0,0.0,True,Putumayo
86,2019,DANE_2018_2050,Mujer,(10 a 14),18928,2,10.566356720202874,True,Putumayo
86,2019,DANE_2018_2050,Mujer,(15 a 17),11634,3,25.7864878803507,True,Putumayo
86,2019,DANE_2018_2050,Mujer,(18 a 19),7414,1,13.487995683841381,True,Putumayo
86,2019,DANE_2018_2050,Mujer,(20 a 24),16140,0,0.0,True,Putumayo
86,2019,DANE_2018_2050,Mujer,(25 a 29),14184,0,0.0,True,Putumayo
86,2019,DANE_2018_2050,Mujer,(30 a 34),12975,0,0.0,True,Putumayo
86,2019,DANE_2018_2050,Mujer,(35 a 39),12313,0,0.0,True,Putumayo
86,2019,DANE_2018_2050,Mujer,(40 a 44),10663,0,0.0,True,Putumayo
86,2019,DANE_2018_2050,Mujer,(45 a 49),9243,0,0.0,True,Putumayo
86,2019,DANE_2018_2050,Mujer,(50 a 54),7879,1,12.691965985531159,True,Putumayo
86,2019,DANE_2018_2050,Mujer,(55 a 59),6353,0,0.0,True,Putumayo
86,2019,DANE_2018_2050,Mujer,(60 a 64),4865,0,0.0,True,Putumayo
86,2019,DANE_2018_2050,Mujer,(65 a 69),3834,0,0.0,True,Putumayo
86,2019,DANE_2018_2050,Mujer,(70 a 74),2831,0,0.0,True,Putumayo
86,2019,DANE_2018_2050,Mujer,(75 a 79),2015,0,0.0,True,Putumayo
86,2019,DANE_2018_2050,Mujer,(80 y más),2303,0,0.0,True,Putumayo
86,2020,DANE_2018_2050,Hombre,(05 a 09),17620,0,0.0,True,Putumayo
86,2020,DANE_2018_2050,Hombre,(10 a 14),19266,2,10.380982040901069,True,Putumayo
86,2020,DANE_2018_2050,Hombre,(15 a 17),12166,1,8.21962847279303,True,Putumayo
86,2020,DANE_2018_2050,Hombre,(18 a 19),7982,3,37.584565271861685,True,Putumayo
86,2020,DANE_2018_2050,Hombre,(20 a 24),17749,5,28.170601160628767,False,Putumayo
86,2020,DANE_2018_2050,Hombre,(25 a 29),14401,2,13.887924449690992,True,Putumayo
86,2020,DANE_2018_2050,Hombre,(30 a 34),12604,3,23.801967629324025,True,Putumayo
86,2020,DANE_2018_2050,Hombre,(35 a 39),11750,2,17.02127659574468,True,Putumayo
86,2020,DANE_2018_2050,Hombre,(40 a 44),10502,1,9.521995810321844,True,Putumayo
86,2020,DANE_2018_2050,Hombre,(45 a 49),9044,0,0.0,True,Putumayo
86,2020,DANE_2018_2050,Hombre,(50 a 54),7880,1,12.69035532994924,True,Putumayo
86,2020,DANE_2018_2050,Hombre,(55 a 59),6615,1,15.11715797430083,True,Putumayo
86,2020,DANE_2018_2050,Hombre,(60 a 64),5094,0,0.0,True,Putumayo
86,2020,DANE_2018_2050,Hombre,(65 a 69),4015,1,24.906600249066003,True,Putumayo
86,2020,DANE_2018_2050,Hombre,(70 a 74),3103,0,0.0,True,Putumayo
86,2020,DANE_2018_2050,Hombre,(75 a 79),2177,0,0.0,True,Putumayo
86,2020,DANE_2018_2050,Hombre,(80 y más),2428,0,0.0,True,Putumayo
86,2020,DANE_2018_2050,Mujer,(05 a 09),17208,0,0.0,True,Putumayo
86,2020,DANE_2018_2050,Mujer,(10 a 14),18743,0,0.0,True,Putumayo
86,2020,DANE_2018_2050,Mujer,(15 a 17),11733,2,17.04593880507969,True,Putumayo
86,2020,DANE_2018_2050,Mujer,(18 a 19),7734,0,0.0,True,Putumayo
86,2020,DANE_2018_2050,Mujer,(20 a 24),16943,0,0.0,True,Putumayo
86,2020,DANE_2018_2050,Mujer,(25 a 29),14696,0,0.0,True,Putumayo
86,2020,DANE_2018_2050,Mujer,(30 a 34),13241,0,0.0,True,Putumayo
86,2020,DANE_2018_2050,Mujer,(35 a 39),12551,0,0.0,True,Putumayo
86,2020,DANE_2018_2050,Mujer,(40 a 44),11053,0,0.0,True,Putumayo
86,2020,DANE_2018_2050,Mujer,(45 a 49),9449,1,10.583130489998942,True,Putumayo
86,2020,DANE_2018_2050,Mujer,(50 a 54),8116,1,12.32134056185313,True,Putumayo
86,2020,DANE_2018_2050,Mujer,(55 a 59),6630,1,15.08295625942685,True,Putumayo
86,2020,DANE_2018_2050,Mujer,(60 a 64),5084,0,0.0,True,Putumayo
86,2020,DANE_2018_2050,Mujer,(65 a 69),3975,0,0.0,True,Putumayo
86,2020,DANE_2018_2050,Mujer,(70 a 74),2965,0,0.0,True,Putumayo
86,2020,DANE_2018_2050,Mujer,(75 a 79),2055,0,0.0,True,Putumayo
86,2020,DANE_2018_2050,Mujer,(80 y más),2408,0,0.0,True,Putumayo
86,2021,DANE_2018_2050,Hombre,(05 a 09),17465,0,0.0,True,Putumayo
86,2021,DANE_2018_2050,Hombre,(10 a 14),19017,0,0.0,True,Putumayo
86,2021,DANE_2018_2050,Hombre,(15 a 17),12128,1,8.245382585751978,True,Putumayo
86,2021,DANE_2018_2050,Hombre,(18 a 19),8067,3,37.18854592785422,True,Putumayo
86,2021,DANE_2018_2050,Hombre,(20 a 24),18675,2,10.7095046854083,True,Putumayo
86,2021,DANE_2018_2050,Hombre,(25 a 29),14977,1,6.676904587033452,True,Putumayo
86,2021,DANE_2018_2050,Hombre,(30 a 34),12896,2,15.508684863523573,True,Putumayo
86,2021,DANE_2018_2050,Hombre,(35 a 39),11907,1,8.398421096833795,True,Putumayo
86,2021,DANE_2018_2050,Hombre,(40 a 44),10818,0,0.0,True,Putumayo
86,2021,DANE_2018_2050,Hombre,(45 a 49),9202,0,0.0,True,Putumayo
86,2021,DANE_2018_2050,Hombre,(50 a 54),8070,0,0.0,True,Putumayo
86,2021,DANE_2018_2050,Hombre,(55 a 59),6797,0,0.0,True,Putumayo
86,2021,DANE_2018_2050,Hombre,(60 a 64),5313,0,0.0,True,Putumayo
86,2021,DANE_2018_2050,Hombre,(65 a 69),4114,0,0.0,True,Putumayo
86,2021,DANE_2018_2050,Hombre,(70 a 74),3177,0,0.0,True,Putumayo
86,2021,DANE_2018_2050,Hombre,(75 a 79),2207,0,0.0,True,Putumayo
86,2021,DANE_2018_2050,Hombre,(80 y más),2469,0,0.0,True,Putumayo
86,2021,DANE_2018_2050,Mujer,(05 a 09),17026,0,0.0,True,Putumayo
86,2021,DANE_2018_2050,Mujer,(10 a 14),18495,0,0.0,True,Putumayo
86,2021,DANE_2018_2050,Mujer,(15 a 17),11780,2,16.977928692699493,True,Putumayo
86,2021,DANE_2018_2050,Mujer,(18 a 19),7890,1,12.674271229404308,True,Putumayo
86,2021,DANE_2018_2050,Mujer,(20 a 24),17788,2,11.24353496739375,True,Putumayo
86,2021,DANE_2018_2050,Mujer,(25 a 29),15197,2,13.160492202408369,True,Putumayo
86,2021,DANE_2018_2050,Mujer,(30 a 34),13563,2,14.746000147460002,True,Putumayo
86,2021,DANE_2018_2050,Mujer,(35 a 39),12730,0,0.0,True,Putumayo
86,2021,DANE_2018_2050,Mujer,(40 a 44),11421,0,0.0,True,Putumayo
86,2021,DANE_2018_2050,Mujer,(45 a 49),9663,0,0.0,True,Putumayo
86,2021,DANE_2018_2050,Mujer,(50 a 54),8330,0,0.0,True,Putumayo
86,2021,DANE_2018_2050,Mujer,(55 a 59),6877,0,0.0,True,Putumayo
86,2021,DANE_2018_2050,Mujer,(60 a 64),5316,0,0.0,True,Putumayo
86,2021,DANE_2018_2050,Mujer,(65 a 69),4107,1,24.348672997321646,True,Putumayo
86,2021,DANE_2018_2050,Mujer,(70 a 74),3078,0,0.0,True,Putumayo
86,2021,DANE_2018_2050,Mujer,(75 a 79),2120,0,0.0,True,Putumayo
86,2021,DANE_2018_2050,Mujer,(80 y más),2460,1,40.65040650406504,True,Putumayo
86,2022,DANE_2018_2050,Hombre,(05 a 09),17349,0,0.0,True,Putumayo
86,2022,DANE_2018_2050,Hombre,(10 a 14),18698,2,10.696331158412665,True,Putumayo
86,2022,DANE_2018_2050,Hombre,(15 a 17),12079,1,8.278831029058697,True,Putumayo
86,2022,DANE_2018_2050,Hombre,(18 a 19),8103,2,24.682216463038383,True,Putumayo
86,2022,DANE_2018_2050,Hombre,(20 a 24),19452,5,25.704297758585234,False,Putumayo
86,2022,DANE_2018_2050,Hombre,(25 a 29),15572,6,38.53069612124326,False,Putumayo
86,2022,DANE_2018_2050,Hombre,(30 a 34),13245,1,7.550018875047188,True,Putumayo
86,2022,DANE_2018_2050,Hombre,(35 a 39),12055,2,16.590626296142677,True,Putumayo
86,2022,DANE_2018_2050,Hombre,(40 a 44),11091,1,9.01631953836444,True,Putumayo
86,2022,DANE_2018_2050,Hombre,(45 a 49),9396,0,0.0,True,Putumayo
86,2022,DANE_2018_2050,Hombre,(50 a 54),8218,0,0.0,True,Putumayo
86,2022,DANE_2018_2050,Hombre,(55 a 59),6956,1,14.37607820586544,True,Putumayo
86,2022,DANE_2018_2050,Hombre,(60 a 64),5557,0,0.0,True,Putumayo
86,2022,DANE_2018_2050,Hombre,(65 a 69),4208,1,23.76425855513308,True,Putumayo
86,2022,DANE_2018_2050,Hombre,(70 a 74),3252,0,0.0,True,Putumayo
86,2022,DANE_2018_2050,Hombre,(75 a 79),2250,0,0.0,True,Putumayo
86,2022,DANE_2018_2050,Hombre,(80 y más),2512,0,0.0,True,Putumayo
86,2022,DANE_2018_2050,Mujer,(05 a 09),16853,0,0.0,True,Putumayo
86,2022,DANE_2018_2050,Mujer,(10 a 14),18222,0,0.0,True,Putumayo
86,2022,DANE_2018_2050,Mujer,(15 a 17),11764,1,8.500510030601836,True,Putumayo
86,2022,DANE_2018_2050,Mujer,(18 a 19),7950,0,0.0,True,Putumayo
86,2022,DANE_2018_2050,Mujer,(20 a 24),18580,1,5.382131324004306,True,Putumayo
86,2022,DANE_2018_2050,Mujer,(25 a 29),15720,0,0.0,True,Putumayo
86,2022,DANE_2018_2050,Mujer,(30 a 34),13922,0,0.0,True,Putumayo
86,2022,DANE_2018_2050,Mujer,(35 a 39),12882,0,0.0,True,Putumayo
86,2022,DANE_2018_2050,Mujer,(40 a 44),11783,0,0.0,True,Putumayo
86,2022,DANE_2018_2050,Mujer,(45 a 49),9915,0,0.0,True,Putumayo
86,2022,DANE_2018_2050,Mujer,(50 a 54),8528,0,0.0,True,Putumayo
86,2022,DANE_2018_2050,Mujer,(55 a 59),7119,0,0.0,True,Putumayo
86,2022,DANE_2018_2050,Mujer,(60 a 64),5570,0,0.0,True,Putumayo
86,2022,DANE_2018_2050,Mujer,(65 a 69),4240,0,0.0,True,Putumayo
86,2022,DANE_2018_2050,Mujer,(70 a 74),3200,0,0.0,True,Putumayo
86,2022,DANE_2018_2050,Mujer,(75 a 79),2182,0,0.0,True,Putumayo
86,2022,DANE_2018_2050,Mujer,(80 y más),2537,0,0.0,True,Putumayo
86,2023,DANE_2018_2050,Hombre,(05 a 09),17220,0,0.0,True,Putumayo
86,2023,DANE_2018_2050,Hombre,(10 a 14),18401,1,5.434487256127385,True,Putumayo
86,2023,DANE_2018_2050,Hombre,(15 a 17),11969,7,58.48441808004011,False,Putumayo
86,2023,DANE_2018_2050,Hombre,(18 a 19),8075,3,37.151702786377705,True,Putumayo
86,2023,DANE_2018_2050,Hombre,(20 a 24),19994,7,35.01050315094528,False,Putumayo
86,2023,DANE_2018_2050,Hombre,(25 a 29),16272,3,18.436578171091444,True,Putumayo
86,2023,DANE_2018_2050,Hombre,(30 a 34),13645,1,7.328691828508612,True,Putumayo
86,2023,DANE_2018_2050,Hombre,(35 a 39),12214,3,24.561978057966268,True,Putumayo
86,2023,DANE_2018_2050,Hombre,(40 a 44),11325,1,8.830022075055188,True,Putumayo
86,2023,DANE_2018_2050,Hombre,(45 a 49),9630,3,31.152647975077883,True,Putumayo
86,2023,DANE_2018_2050,Hombre,(50 a 54),8354,1,11.970313622216901,True,Putumayo
86,2023,DANE_2018_2050,Hombre,(55 a 59),7136,1,14.013452914798206,True,Putumayo
86,2023,DANE_2018_2050,Hombre,(60 a 64),5782,0,0.0,True,Putumayo
86,2023,DANE_2018_2050,Hombre,(65 a 69),4323,0,0.0,True,Putumayo
86,2023,DANE_2018_2050,Hombre,(70 a 74),3320,0,0.0,True,Putumayo
86,2023,DANE_2018_2050,Hombre,(75 a 79),2315,1,43.196544276457885,True,Putumayo
86,2023,DANE_2018_2050,Hombre,(80 y más),2572,0,0.0,True,Putumayo
86,2023,DANE_2018_2050,Mujer,(05 a 09),16650,0,0.0,True,Putumayo
86,2023,DANE_2018_2050,Mujer,(10 a 14),17964,1,5.566688933422401,True,Putumayo
86,2023,DANE_2018_2050,Mujer,(15 a 17),11659,1,8.577064928381509,True,Putumayo
86,2023,DANE_2018_2050,Mujer,(18 a 19),7977,1,12.536041118214866,True,Putumayo
86,2023,DANE_2018_2050,Mujer,(20 a 24),19227,0,0.0,True,Putumayo
86,2023,DANE_2018_2050,Mujer,(25 a 29),16268,2,12.294074256208507,True,Putumayo
86,2023,DANE_2018_2050,Mujer,(30 a 34),14307,1,6.989585517578807,True,Putumayo
86,2023,DANE_2018_2050,Mujer,(35 a 39),13013,1,7.684623069238453,True,Putumayo
86,2023,DANE_2018_2050,Mujer,(40 a 44),12095,0,0.0,True,Putumayo
86,2023,DANE_2018_2050,Mujer,(45 a 49),10199,0,0.0,True,Putumayo
86,2023,DANE_2018_2050,Mujer,(50 a 54),8704,0,0.0,True,Putumayo
86,2023,DANE_2018_2050,Mujer,(55 a 59),7339,0,0.0,True,Putumayo
86,2023,DANE_2018_2050,Mujer,(60 a 64),5823,0,0.0,True,Putumayo
86,2023,DANE_2018_2050,Mujer,(65 a 69),4394,0,0.0,True,Putumayo
86,2023,DANE_2018_2050,Mujer,(70 a 74),3322,0,0.0,True,Putumayo
86,2023,DANE_2018_2050,Mujer,(75 a 79),2260,0,0.0,True,Putumayo
86,2023,DANE_2018_2050,Mujer,(80 y más),2623,0,0.0,True,Putumayo
86,2024,DANE_2018_2050,Hombre,(05 a 09),17141,0,0.0,True,Putumayo
86,2024,DANE_2018_2050,Hombre,(10 a 14),18128,0,0.0,True,Putumayo
86,2024,DANE_2018_2050,Hombre,(15 a 17),11825,1,8.456659619450317,True,Putumayo
86,2024,DANE_2018_2050,Hombre,(18 a 19),8025,0,0.0,True,Putumayo
86,2024,DANE_2018_2050,Hombre,(20 a 24),20309,3,14.771776059874933,True,Putumayo
86,2024,DANE_2018_2050,Hombre,(25 a 29),17067,4,23.437042245268646,True,Putumayo
86,2024,DANE_2018_2050,Hombre,(30 a 34),14102,5,35.455963693093175,False,Putumayo
86,2024,DANE_2018_2050,Hombre,(35 a 39),12401,2,16.1277316345456,True,Putumayo
86,2024,DANE_2018_2050,Hombre,(40 a 44),11500,3,26.08695652173913,True,Putumayo
86,2024,DANE_2018_2050,Hombre,(45 a 49),9898,2,20.20610224287735,True,Putumayo
86,2024,DANE_2018_2050,Hombre,(50 a 54),8482,1,11.78967224711153,True,Putumayo
86,2024,DANE_2018_2050,Hombre,(55 a 59),7307,2,27.371014096072262,True,Putumayo
86,2024,DANE_2018_2050,Hombre,(60 a 64),5989,0,0.0,True,Putumayo
86,2024,DANE_2018_2050,Hombre,(65 a 69),4473,0,0.0,True,Putumayo
86,2024,DANE_2018_2050,Hombre,(70 a 74),3387,1,29.52465308532625,True,Putumayo
86,2024,DANE_2018_2050,Hombre,(75 a 79),2392,0,0.0,True,Putumayo
86,2024,DANE_2018_2050,Hombre,(80 y más),2645,0,0.0,True,Putumayo
86,2024,DANE_2018_2050,Mujer,(05 a 09),16558,0,0.0,True,Putumayo
86,2024,DANE_2018_2050,Mujer,(10 a 14),17728,1,5.640794223826715,True,Putumayo
86,2024,DANE_2018_2050,Mujer,(15 a 17),11491,2,17.404925593943084,True,Putumayo
86,2024,DANE_2018_2050,Mujer,(18 a 19),7984,0,0.0,True,Putumayo
86,2024,DANE_2018_2050,Mujer,(20 a 24),19743,1,5.065086359722433,True,Putumayo
86,2024,DANE_2018_2050,Mujer,(25 a 29),16871,0,0.0,True,Putumayo
86,2024,DANE_2018_2050,Mujer,(30 a 34),14736,0,0.0,True,Putumayo
86,2024,DANE_2018_2050,Mujer,(35 a 39),13182,0,0.0,True,Putumayo
86,2024,DANE_2018_2050,Mujer,(40 a 44),12362,1,8.089305937550558,True,Putumayo
86,2024,DANE_2018_2050,Mujer,(45 a 49),10507,0,0.0,True,Putumayo
86,2024,DANE_2018_2050,Mujer,(50 a 54),8873,1,11.270145384875464,True,Putumayo
86,2024,DANE_2018_2050,Mujer,(55 a 59),7541,0,0.0,True,Putumayo
86,2024,DANE_2018_2050,Mujer,(60 a 64),6084,0,0.0,True,Putumayo
86,2024,DANE_2018_2050,Mujer,(65 a 69),4571,0,0.0,True,Putumayo
86,2024,DANE_2018_2050,Mujer,(70 a 74),3445,0,0.0,True,Putumayo
86,2024,DANE_2018_2050,Mujer,(75 a 79),2358,0,0.0,True,Putumayo
86,2024,DANE_2018_2050,Mujer,(80 y más),2704,0,0.0,True,Putumayo
88,2015,DANE_2005_2017,Hombre,(05 a 09),2366,0,0.0,True,"Archipiélago de San Andrés, Providencia y Santa Catalina"
88,2015,DANE_2005_2017,Hombre,(10 a 14),2448,0,0.0,True,"Archipiélago de San Andrés, Providencia y Santa Catalina"
88,2015,DANE_2005_2017,Hombre,(15 a 17),1540,0,0.0,True,"Archipiélago de San Andrés, Providencia y Santa Catalina"
88,2015,DANE_2005_2017,Hombre,(18 a 19),1023,1,97.75171065493646,True,"Archipiélago de San Andrés, Providencia y Santa Catalina"
88,2015,DANE_2005_2017,Hombre,(20 a 24),2711,0,0.0,True,"Archipiélago de San Andrés, Providencia y Santa Catalina"
88,2015,DANE_2005_2017,Hombre,(25 a 29),2600,0,0.0,True,"Archipiélago de San Andrés, Providencia y Santa Catalina"
88,2015,DANE_2005_2017,Hombre,(30 a 34),2250,0,0.0,True,"Archipiélago de San Andrés, Providencia y Santa Catalina"
88,2015,DANE_2005_2017,Hombre,(35 a 39),1984,0,0.0,True,"Archipiélago de San Andrés, Providencia y Santa Catalina"
88,2015,DANE_2005_2017,Hombre,(40 a 44),1873,1,53.39028296849973,True,"Archipiélago de San Andrés, Providencia y Santa Catalina"
88,2015,DANE_2005_2017,Hombre,(45 a 49),2045,0,0.0,True,"Archipiélago de San Andrés, Providencia y Santa Catalina"
88,2015,DANE_2005_2017,Hombre,(50 a 54),2144,0,0.0,True,"Archipiélago de San Andrés, Providencia y Santa Catalina"
88,2015,DANE_2005_2017,Hombre,(55 a 59),1635,0,0.0,True,"Archipiélago de San Andrés, Providencia y Santa Catalina"
88,2015,DANE_2005_2017,Hombre,(60 a 64),1050,0,0.0,True,"Archipiélago de San Andrés, Providencia y Santa Catalina"
88,2015,DANE_2005_2017,Hombre,(65 a 69),708,0,0.0,True,"Archipiélago de San Andrés, Providencia y Santa Catalina"
88,2015,DANE_2005_2017,Hombre,(70 a 74),460,0,0.0,True,"Archipiélago de San Andrés, Providencia y Santa Catalina"
88,2015,DANE_2005_2017,Hombre,(75 a 79),279,0,0.0,True,"Archipiélago de San Andrés, Providencia y Santa Catalina"
88,2015,DANE_2005_2017,Hombre,(80 y más),297,0,0.0,True,"Archipiélago de San Andrés, Providencia y Santa Catalina"
88,2015,DANE_2005_2017,Mujer,(05 a 09),2273,0,0.0,True,"Archipiélago de San Andrés, Providencia y Santa Catalina"
88,2015,DANE_2005_2017,Mujer,(10 a 14),2294,0,0.0,True,"Archipiélago de San Andrés, Providencia y Santa Catalina"
88,2015,DANE_2005_2017,Mujer,(15 a 17),1436,0,0.0,True,"Archipiélago de San Andrés, Providencia y Santa Catalina"
88,2015,DANE_2005_2017,Mujer,(18 a 19),971,0,0.0,True,"Archipiélago de San Andrés, Providencia y Santa Catalina"
88,2015,DANE_2005_2017,Mujer,(20 a 24),2640,0,0.0,True,"Archipiélago de San Andrés, Providencia y Santa Catalina"
88,2015,DANE_2005_2017,Mujer,(25 a 29),2645,0,0.0,True,"Archipiélago de San Andrés, Providencia y Santa Catalina"
88,2015,DANE_2005_2017,Mujer,(30 a 34),2449,0,0.0,True,"Archipiélago de San Andrés, Providencia y Santa Catalina"
88,2015,DANE_2005_2017,Mujer,(35 a 39),2220,0,0.0,True,"Archipiélago de San Andrés, Providencia y Santa Catalina"
88,2015,DANE_2005_2017,Mujer,(40 a 44),2151,0,0.0,True,"Archipiélago de San Andrés, Providencia y Santa Catalina"
88,2015,DANE_2005_2017,Mujer,(45 a 49),2416,0,0.0,True,"Archipiélago de San Andrés, Providencia y Santa Catalina"
88,2015,DANE_2005_2017,Mujer,(50 a 54),2471,0,0.0,True,"Archipiélago de San Andrés, Providencia y Santa Catalina"
88,2015,DANE_2005_2017,Mujer,(55 a 59),1928,0,0.0,True,"Archipiélago de San Andrés, Providencia y Santa Catalina"
88,2015,DANE_2005_2017,Mujer,(60 a 64),1278,0,0.0,True,"Archipiélago de San Andrés, Providencia y Santa Catalina"
88,2015,DANE_2005_2017,Mujer,(65 a 69),851,0,0.0,True,"Archipiélago de San Andrés, Providencia y Santa Catalina"
88,2015,DANE_2005_2017,Mujer,(70 a 74),535,0,0.0,True,"Archipiélago de San Andrés, Providencia y Santa Catalina"
88,2015,DANE_2005_2017,Mujer,(75 a 79),323,0,0.0,True,"Archipiélago de San Andrés, Providencia y Santa Catalina"
88,2015,DANE_2005_2017,Mujer,(80 y más),340,0,0.0,True,"Archipiélago de San Andrés, Providencia y Santa Catalina"
88,2016,DANE_2005_2017,Hombre,(05 a 09),2348,0,0.0,True,"Archipiélago de San Andrés, Providencia y Santa Catalina"
88,2016,DANE_2005_2017,Hombre,(10 a 14),2384,0,0.0,True,"Archipiélago de San Andrés, Providencia y Santa Catalina"
88,2016,DANE_2005_2017,Hombre,(15 a 17),1506,0,0.0,True,"Archipiélago de San Andrés, Providencia y Santa Catalina"
88,2016,DANE_2005_2017,Hombre,(18 a 19),991,0,0.0,True,"Archipiélago de San Andrés, Providencia y Santa Catalina"
88,2016,DANE_2005_2017,Hombre,(20 a 24),2614,0,0.0,True,"Archipiélago de San Andrés, Providencia y Santa Catalina"
88,2016,DANE_2005_2017,Hombre,(25 a 29),2642,0,0.0,True,"Archipiélago de San Andrés, Providencia y Santa Catalina"
88,2016,DANE_2005_2017,Hombre,(30 a 34),2257,0,0.0,True,"Archipiélago de San Andrés, Providencia y Santa Catalina"
88,2016,DANE_2005_2017,Hombre,(35 a 39),2002,0,0.0,True,"Archipiélago de San Andrés, Providencia y Santa Catalina"
88,2016,DANE_2005_2017,Hombre,(40 a 44),1827,0,0.0,True,"Archipiélago de San Andrés, Providencia y Santa Catalina"
88,2016,DANE_2005_2017,Hombre,(45 a 49),1983,0,0.0,True,"Archipiélago de San Andrés, Providencia y Santa Catalina"
88,2016,DANE_2005_2017,Hombre,(50 a 54),2104,1,47.52851711026616,True,"Archipiélago de San Andrés, Providencia y Santa Catalina"
88,2016,DANE_2005_2017,Hombre,(55 a 59),1757,0,0.0,True,"Archipiélago de San Andrés, Providencia y Santa Catalina"
88,2016,DANE_2005_2017,Hombre,(60 a 64),1107,0,0.0,True,"Archipiélago de San Andrés, Providencia y Santa Catalina"
88,2016,DANE_2005_2017,Hombre,(65 a 69),738,0,0.0,True,"Archipiélago de San Andrés, Providencia y Santa Catalina"
88,2016,DANE_2005_2017,Hombre,(70 a 74),471,0,0.0,True,"Archipiélago de San Andrés, Providencia y Santa Catalina"
88,2016,DANE_2005_2017,Hombre,(75 a 79),293,0,0.0,True,"Archipiélago de San Andrés, Providencia y Santa Catalina"
88,2016,DANE_2005_2017,Hombre,(80 y más),306,0,0.0,True,"Archipiélago de San Andrés, Providencia y Santa Catalina"
88,2016,DANE_2005_2017,Mujer,(05 a 09),2256,0,0.0,True,"Archipiélago de San Andrés, Providencia y Santa Catalina"
88,2016,DANE_2005_2017,Mujer,(10 a 14),2260,0,0.0,True,"Archipiélago de San Andrés, Providencia y Santa Catalina"
88,2016,DANE_2005_2017,Mujer,(15 a 17),1391,0,0.0,True,"Archipiélago de San Andrés, Providencia y Santa Catalina"
88,2016,DANE_2005_2017,Mujer,(18 a 19),939,0,0.0,True,"Archipiélago de San Andrés, Providencia y Santa Catalina"
88,2016,DANE_2005_2017,Mujer,(20 a 24),2507,0,0.0,True,"Archipiélago de San Andrés, Providencia y Santa Catalina"
88,2016,DANE_2005_2017,Mujer,(25 a 29),2688,0,0.0,True,"Archipiélago de San Andrés, Providencia y Santa Catalina"
88,2016,DANE_2005_2017,Mujer,(30 a 34),2453,0,0.0,True,"Archipiélago de San Andrés, Providencia y Santa Catalina"
88,2016,DANE_2005_2017,Mujer,(35 a 39),2249,0,0.0,True,"Archipiélago de San Andrés, Providencia y Santa Catalina"
88,2016,DANE_2005_2017,Mujer,(40 a 44),2112,0,0.0,True,"Archipiélago de San Andrés, Providencia y Santa Catalina"
88,2016,DANE_2005_2017,Mujer,(45 a 49),2327,0,0.0,True,"Archipiélago de San Andrés, Providencia y Santa Catalina"
88,2016,DANE_2005_2017,Mujer,(50 a 54),2483,0,0.0,True,"Archipiélago de San Andrés, Providencia y Santa Catalina"
88,2016,DANE_2005_2017,Mujer,(55 a 59),2071,0,0.0,True,"Archipiélago de San Andrés, Providencia y Santa Catalina"
88,2016,DANE_2005_2017,Mujer,(60 a 64),1352,0,0.0,True,"Archipiélago de San Andrés, Providencia y Santa Catalina"
88,2016,DANE_2005_2017,Mujer,(65 a 69),913,0,0.0,True,"Archipiélago de San Andrés, Providencia y Santa Catalina"
88,2016,DANE_2005_2017,Mujer,(70 a 74),566,0,0.0,True,"Archipiélago de San Andrés, Providencia y Santa Catalina"
88,2016,DANE_2005_2017,Mujer,(75 a 79),342,0,0.0,True,"Archipiélago de San Andrés, Providencia y Santa Catalina"
88,2016,DANE_2005_2017,Mujer,(80 y más),348,0,0.0,True,"Archipiélago de San Andrés, Providencia y Santa Catalina"
88,2017,DANE_2005_2017,Hombre,(05 a 09),2336,0,0.0,True,"Archipiélago de San Andrés, Providencia y Santa Catalina"
88,2017,DANE_2005_2017,Hombre,(10 a 14),2347,0,0.0,True,"Archipiélago de San Andrés, Providencia y Santa Catalina"
88,2017,DANE_2005_2017,Hombre,(15 a 17),1451,1,68.91798759476224,True,"Archipiélago de San Andrés, Providencia y Santa Catalina"
88,2017,DANE_2005_2017,Hombre,(18 a 19),984,0,0.0,True,"Archipiélago de San Andrés, Providencia y Santa Catalina"
88,2017,DANE_2005_2017,Hombre,(20 a 24),2508,1,39.87240829346093,True,"Archipiélago de San Andrés, Providencia y Santa Catalina"
88,2017,DANE_2005_2017,Hombre,(25 a 29),2661,0,0.0,True,"Archipiélago de San Andrés, Providencia y Santa Catalina"
88,2017,DANE_2005_2017,Hombre,(30 a 34),2273,0,0.0,True,"Archipiélago de San Andrés, Providencia y Santa Catalina"
88,2017,DANE_2005_2017,Hombre,(35 a 39),2006,0,0.0,True,"Archipiélago de San Andrés, Providencia y Santa Catalina"
88,2017,DANE_2005_2017,Hombre,(40 a 44),1803,0,0.0,True,"Archipiélago de San Andrés, Providencia y Santa Catalina"
88,2017,DANE_2005_2017,Hombre,(45 a 49),1901,0,0.0,True,"Archipiélago de San Andrés, Providencia y Santa Catalina"
88,2017,DANE_2005_2017,Hombre,(50 a 54),2075,0,0.0,True,"Archipiélago de San Andrés, Providencia y Santa Catalina"
88,2017,DANE_2005_2017,Hombre,(55 a 59),1845,0,0.0,True,"Archipiélago de San Andrés, Providencia y Santa Catalina"
88,2017,DANE_2005_2017,Hombre,(60 a 64),1181,0,0.0,True,"Archipiélago de San Andrés, Providencia y Santa Catalina"
88,2017,DANE_2005_2017,Hombre,(65 a 69),773,0,0.0,True,"Archipiélago de San Andrés, Providencia y Santa Catalina"
88,2017,DANE_2005_2017,Hombre,(70 a 74),486,0,0.0,True,"Archipiélago de San Andrés, Providencia y Santa Catalina"
88,2017,DANE_2005_2017,Hombre,(75 a 79),298,0,0.0,True,"Archipiélago de San Andrés, Providencia y Santa Catalina"
88,2017,DANE_2005_2017,Hombre,(80 y más),319,0,0.0,True,"Archipiélago de San Andrés, Providencia y Santa Catalina"
88,2017,DANE_2005_2017,Mujer,(05 a 09),2244,0,0.0,True,"Archipiélago de San Andrés, Providencia y Santa Catalina"
88,2017,DANE_2005_2017,Mujer,(10 a 14),2217,0,0.0,True,"Archipiélago de San Andrés, Providencia y Santa Catalina"
88,2017,DANE_2005_2017,Mujer,(15 a 17),1362,0,0.0,True,"Archipiélago de San Andrés, Providencia y Santa Catalina"
88,2017,DANE_2005_2017,Mujer,(18 a 19),905,0,0.0,True,"Archipiélago de San Andrés, Providencia y Santa Catalina"
88,2017,DANE_2005_2017,Mujer,(20 a 24),2395,0,0.0,True,"Archipiélago de San Andrés, Providencia y Santa Catalina"
88,2017,DANE_2005_2017,Mujer,(25 a 29),2711,0,0.0,True,"Archipiélago de San Andrés, Providencia y Santa Catalina"
88,2017,DANE_2005_2017,Mujer,(30 a 34),2453,0,0.0,True,"Archipiélago de San Andrés, Providencia y Santa Catalina"
88,2017,DANE_2005_2017,Mujer,(35 a 39),2259,0,0.0,True,"Archipiélago de San Andrés, Providencia y Santa Catalina"
88,2017,DANE_2005_2017,Mujer,(40 a 44),2083,0,0.0,True,"Archipiélago de San Andrés, Providencia y Santa Catalina"
88,2017,DANE_2005_2017,Mujer,(45 a 49),2259,0,0.0,True,"Archipiélago de San Andrés, Providencia y Santa Catalina"
88,2017,DANE_2005_2017,Mujer,(50 a 54),2461,0,0.0,True,"Archipiélago de San Andrés, Providencia y Santa Catalina"
88,2017,DANE_2005_2017,Mujer,(55 a 59),2195,0,0.0,True,"Archipiélago de San Andrés, Providencia y Santa Catalina"
88,2017,DANE_2005_2017,Mujer,(60 a 64),1460,0,0.0,True,"Archipiélago de San Andrés, Providencia y Santa Catalina"
88,2017,DANE_2005_2017,Mujer,(65 a 69),958,0,0.0,True,"Archipiélago de San Andrés, Providencia y Santa Catalina"
88,2017,DANE_2005_2017,Mujer,(70 a 74),610,0,0.0,True,"Archipiélago de San Andrés, Providencia y Santa Catalina"
88,2017,DANE_2005_2017,Mujer,(75 a 79),358,0,0.0,True,"Archipiélago de San Andrés, Providencia y Santa Catalina"
88,2017,DANE_2005_2017,Mujer,(80 y más),358,0,0.0,True,"Archipiélago de San Andrés, Providencia y Santa Catalina"
88,2018,DANE_2018_2050,Hombre,(05 a 09),2471,0,0.0,True,"Archipiélago de San Andrés, Providencia y Santa Catalina"
88,2018,DANE_2018_2050,Hombre,(10 a 14),2450,0,0.0,True,"Archipiélago de San Andrés, Providencia y Santa Catalina"
88,2018,DANE_2018_2050,Hombre,(15 a 17),1474,0,0.0,True,"Archipiélago de San Andrés, Providencia y Santa Catalina"
88,2018,DANE_2018_2050,Hombre,(18 a 19),967,0,0.0,True,"Archipiélago de San Andrés, Providencia y Santa Catalina"
88,2018,DANE_2018_2050,Hombre,(20 a 24),2475,0,0.0,True,"Archipiélago de San Andrés, Providencia y Santa Catalina"
88,2018,DANE_2018_2050,Hombre,(25 a 29),2508,0,0.0,True,"Archipiélago de San Andrés, Providencia y Santa Catalina"
88,2018,DANE_2018_2050,Hombre,(30 a 34),2197,0,0.0,True,"Archipiélago de San Andrés, Providencia y Santa Catalina"
88,2018,DANE_2018_2050,Hombre,(35 a 39),2005,0,0.0,True,"Archipiélago de San Andrés, Providencia y Santa Catalina"
88,2018,DANE_2018_2050,Hombre,(40 a 44),1780,0,0.0,True,"Archipiélago de San Andrés, Providencia y Santa Catalina"
88,2018,DANE_2018_2050,Hombre,(45 a 49),1841,0,0.0,True,"Archipiélago de San Andrés, Providencia y Santa Catalina"
88,2018,DANE_2018_2050,Hombre,(50 a 54),2010,0,0.0,True,"Archipiélago de San Andrés, Providencia y Santa Catalina"
88,2018,DANE_2018_2050,Hombre,(55 a 59),1822,1,54.88474204171241,True,"Archipiélago de San Andrés, Providencia y Santa Catalina"
88,2018,DANE_2018_2050,Hombre,(60 a 64),1298,0,0.0,True,"Archipiélago de San Andrés, Providencia y Santa Catalina"
88,2018,DANE_2018_2050,Hombre,(65 a 69),842,0,0.0,True,"Archipiélago de San Andrés, Providencia y Santa Catalina"
88,2018,DANE_2018_2050,Hombre,(70 a 74),530,0,0.0,True,"Archipiélago de San Andrés, Providencia y Santa Catalina"
88,2018,DANE_2018_2050,Hombre,(75 a 79),339,0,0.0,True,"Archipiélago de San Andrés, Providencia y Santa Catalina"
88,2018,DANE_2018_2050,Hombre,(80 y más),378,0,0.0,True,"Archipiélago de San Andrés, Providencia y Santa Catalina"
88,2018,DANE_2018_2050,Mujer,(05 a 09),2334,0,0.0,True,"Archipiélago de San Andrés, Providencia y Santa Catalina"
88,2018,DANE_2018_2050,Mujer,(10 a 14),2266,0,0.0,True,"Archipiélago de San Andrés, Providencia y Santa Catalina"
88,2018,DANE_2018_2050,Mujer,(15 a 17),1352,0,0.0,True,"Archipiélago de San Andrés, Providencia y Santa Catalina"
88,2018,DANE_2018_2050,Mujer,(18 a 19),910,0,0.0,True,"Archipiélago de San Andrés, Providencia y Santa Catalina"
88,2018,DANE_2018_2050,Mujer,(20 a 24),2365,0,0.0,True,"Archipiélago de San Andrés, Providencia y Santa Catalina"
88,2018,DANE_2018_2050,Mujer,(25 a 29),2481,0,0.0,True,"Archipiélago de San Andrés, Providencia y Santa Catalina"
88,2018,DANE_2018_2050,Mujer,(30 a 34),2365,0,0.0,True,"Archipiélago de San Andrés, Providencia y Santa Catalina"
88,2018,DANE_2018_2050,Mujer,(35 a 39),2262,0,0.0,True,"Archipiélago de San Andrés, Providencia y Santa Catalina"
88,2018,DANE_2018_2050,Mujer,(40 a 44),2040,0,0.0,True,"Archipiélago de San Andrés, Providencia y Santa Catalina"
88,2018,DANE_2018_2050,Mujer,(45 a 49),2116,0,0.0,True,"Archipiélago de San Andrés, Providencia y Santa Catalina"
88,2018,DANE_2018_2050,Mujer,(50 a 54),2350,0,0.0,True,"Archipiélago de San Andrés, Providencia y Santa Catalina"
88,2018,DANE_2018_2050,Mujer,(55 a 59),2133,0,0.0,True,"Archipiélago de San Andrés, Providencia y Santa Catalina"
88,2018,DANE_2018_2050,Mujer,(60 a 64),1570,0,0.0,True,"Archipiélago de San Andrés, Providencia y Santa Catalina"
88,2018,DANE_2018_2050,Mujer,(65 a 69),1038,0,0.0,True,"Archipiélago de San Andrés, Providencia y Santa Catalina"
88,2018,DANE_2018_2050,Mujer,(70 a 74),654,0,0.0,True,"Archipiélago de San Andrés, Providencia y Santa Catalina"
88,2018,DANE_2018_2050,Mujer,(75 a 79),409,0,0.0,True,"Archipiélago de San Andrés, Providencia y Santa Catalina"
88,2018,DANE_2018_2050,Mujer,(80 y más),391,0,0.0,True,"Archipiélago de San Andrés, Providencia y Santa Catalina"
88,2019,DANE_2018_2050,Hombre,(05 a 09),2449,0,0.0,True,"Archipiélago de San Andrés, Providencia y Santa Catalina"
88,2019,DANE_2018_2050,Hombre,(10 a 14),2439,0,0.0,True,"Archipiélago de San Andrés, Providencia y Santa Catalina"
88,2019,DANE_2018_2050,Hombre,(15 a 17),1463,0,0.0,True,"Archipiélago de San Andrés, Providencia y Santa Catalina"
88,2019,DANE_2018_2050,Hombre,(18 a 19),976,0,0.0,True,"Archipiélago de San Andrés, Providencia y Santa Catalina"
88,2019,DANE_2018_2050,Hombre,(20 a 24),2458,0,0.0,True,"Archipiélago de San Andrés, Providencia y Santa Catalina"
88,2019,DANE_2018_2050,Hombre,(25 a 29),2541,0,0.0,True,"Archipiélago de San Andrés, Providencia y Santa Catalina"
88,2019,DANE_2018_2050,Hombre,(30 a 34),2227,0,0.0,True,"Archipiélago de San Andrés, Providencia y Santa Catalina"
88,2019,DANE_2018_2050,Hombre,(35 a 39),2025,0,0.0,True,"Archipiélago de San Andrés, Providencia y Santa Catalina"
88,2019,DANE_2018_2050,Hombre,(40 a 44),1824,0,0.0,True,"Archipiélago de San Andrés, Providencia y Santa Catalina"
88,2019,DANE_2018_2050,Hombre,(45 a 49),1828,0,0.0,True,"Archipiélago de San Andrés, Providencia y Santa Catalina"
88,2019,DANE_2018_2050,Hombre,(50 a 54),2007,0,0.0,True,"Archipiélago de San Andrés, Providencia y Santa Catalina"
88,2019,DANE_2018_2050,Hombre,(55 a 59),1865,0,0.0,True,"Archipiélago de San Andrés, Providencia y Santa Catalina"
88,2019,DANE_2018_2050,Hombre,(60 a 64),1340,0,0.0,True,"Archipiélago de San Andrés, Providencia y Santa Catalina"
88,2019,DANE_2018_2050,Hombre,(65 a 69),867,0,0.0,True,"Archipiélago de San Andrés, Providencia y Santa Catalina"
88,2019,DANE_2018_2050,Hombre,(70 a 74),547,0,0.0,True,"Archipiélago de San Andrés, Providencia y Santa Catalina"
88,2019,DANE_2018_2050,Hombre,(75 a 79),347,0,0.0,True,"Archipiélago de San Andrés, Providencia y Santa Catalina"
88,2019,DANE_2018_2050,Hombre,(80 y más),377,0,0.0,True,"Archipiélago de San Andrés, Providencia y Santa Catalina"
88,2019,DANE_2018_2050,Mujer,(05 a 09),2332,0,0.0,True,"Archipiélago de San Andrés, Providencia y Santa Catalina"
88,2019,DANE_2018_2050,Mujer,(10 a 14),2245,0,0.0,True,"Archipiélago de San Andrés, Providencia y Santa Catalina"
88,2019,DANE_2018_2050,Mujer,(15 a 17),1330,0,0.0,True,"Archipiélago de San Andrés, Providencia y Santa Catalina"
88,2019,DANE_2018_2050,Mujer,(18 a 19),902,0,0.0,True,"Archipiélago de San Andrés, Providencia y Santa Catalina"
88,2019,DANE_2018_2050,Mujer,(20 a 24),2351,0,0.0,True,"Archipiélago de San Andrés, Providencia y Santa Catalina"
88,2019,DANE_2018_2050,Mujer,(25 a 29),2522,0,0.0,True,"Archipiélago de San Andrés, Providencia y Santa Catalina"
88,2019,DANE_2018_2050,Mujer,(30 a 34),2377,0,0.0,True,"Archipiélago de San Andrés, Providencia y Santa Catalina"
88,2019,DANE_2018_2050,Mujer,(35 a 39),2287,0,0.0,True,"Archipiélago de San Andrés, Providencia y Santa Catalina"
88,2019,DANE_2018_2050,Mujer,(40 a 44),2089,0,0.0,True,"Archipiélago de San Andrés, Providencia y Santa Catalina"
88,2019,DANE_2018_2050,Mujer,(45 a 49),2102,0,0.0,True,"Archipiélago de San Andrés, Providencia y Santa Catalina"
88,2019,DANE_2018_2050,Mujer,(50 a 54),2334,0,0.0,True,"Archipiélago de San Andrés, Providencia y Santa Catalina"
88,2019,DANE_2018_2050,Mujer,(55 a 59),2189,0,0.0,True,"Archipiélago de San Andrés, Providencia y Santa Catalina"
88,2019,DANE_2018_2050,Mujer,(60 a 64),1624,0,0.0,True,"Archipiélago de San Andrés, Providencia y Santa Catalina"
88,2019,DANE_2018_2050,Mujer,(65 a 69),1073,0,0.0,True,"Archipiélago de San Andrés, Providencia y Santa Catalina"
88,2019,DANE_2018_2050,Mujer,(70 a 74),693,0,0.0,True,"Archipiélago de San Andrés, Providencia y Santa Catalina"
88,2019,DANE_2018_2050,Mujer,(75 a 79),413,0,0.0,True,"Archipiélago de San Andrés, Providencia y Santa Catalina"
88,2019,DANE_2018_2050,Mujer,(80 y más),389,0,0.0,True,"Archipiélago de San Andrés, Providencia y Santa Catalina"
88,2020,DANE_2018_2050,Hombre,(05 a 09),2436,0,0.0,True,"Archipiélago de San Andrés, Providencia y Santa Catalina"
88,2020,DANE_2018_2050,Hombre,(10 a 14),2432,0,0.0,True,"Archipiélago de San Andrés, Providencia y Santa Catalina"
88,2020,DANE_2018_2050,Hombre,(15 a 17),1452,0,0.0,True,"Archipiélago de San Andrés, Providencia y Santa Catalina"
88,2020,DANE_2018_2050,Hombre,(18 a 19),981,0,0.0,True,"Archipiélago de San Andrés, Providencia y Santa Catalina"
88,2020,DANE_2018_2050,Hombre,(20 a 24),2457,1,40.700040700040695,True,"Archipiélago de San Andrés, Providencia y Santa Catalina"
88,2020,DANE_2018_2050,Hombre,(25 a 29),2567,0,0.0,True,"Archipiélago de San Andrés, Providencia y Santa Catalina"
88,2020,DANE_2018_2050,Hombre,(30 a 34),2271,0,0.0,True,"Archipiélago de San Andrés, Providencia y Santa Catalina"
88,2020,DANE_2018_2050,Hombre,(35 a 39),2036,0,0.0,True,"Archipiélago de San Andrés, Providencia y Santa Catalina"
88,2020,DANE_2018_2050,Hombre,(40 a 44),1874,0,0.0,True,"Archipiélago de San Andrés, Providencia y Santa Catalina"
88,2020,DANE_2018_2050,Hombre,(45 a 49),1825,1,54.794520547945204,True,"Archipiélago de San Andrés, Providencia y Santa Catalina"
88,2020,DANE_2018_2050,Hombre,(50 a 54),2001,0,0.0,True,"Archipiélago de San Andrés, Providencia y Santa Catalina"
88,2020,DANE_2018_2050,Hombre,(55 a 59),1906,0,0.0,True,"Archipiélago de San Andrés, Providencia y Santa Catalina"
88,2020,DANE_2018_2050,Hombre,(60 a 64),1386,1,72.15007215007215,True,"Archipiélago de San Andrés, Providencia y Santa Catalina"
88,2020,DANE_2018_2050,Hombre,(65 a 69),897,0,0.0,True,"Archipiélago de San Andrés, Providencia y Santa Catalina"
88,2020,DANE_2018_2050,Hombre,(70 a 74),571,0,0.0,True,"Archipiélago de San Andrés, Providencia y Santa Catalina"
88,2020,DANE_2018_2050,Hombre,(75 a 79),358,0,0.0,True,"Archipiélago de San Andrés, Providencia y Santa Catalina"
88,2020,DANE_2018_2050,Hombre,(80 y más),373,0,0.0,True,"Archipiélago de San Andrés, Providencia y Santa Catalina"
88,2020,DANE_2018_2050,Mujer,(05 a 09),2329,0,0.0,True,"Archipiélago de San Andrés, Providencia y Santa Catalina"
88,2020,DANE_2018_2050,Mujer,(10 a 14),2233,0,0.0,True,"Archipiélago de San Andrés, Providencia y Santa Catalina"
88,2020,DANE_2018_2050,Mujer,(15 a 17),1311,0,0.0,True,"Archipiélago de San Andrés, Providencia y Santa Catalina"
88,2020,DANE_2018_2050,Mujer,(18 a 19),897,0,0.0,True,"Archipiélago de San Andrés, Providencia y Santa Catalina"
88,2020,DANE_2018_2050,Mujer,(20 a 24),2347,0,0.0,True,"Archipiélago de San Andrés, Providencia y Santa Catalina"
88,2020,DANE_2018_2050,Mujer,(25 a 29),2554,0,0.0,True,"Archipiélago de San Andrés, Providencia y Santa Catalina"
88,2020,DANE_2018_2050,Mujer,(30 a 34),2399,0,0.0,True,"Archipiélago de San Andrés, Providencia y Santa Catalina"
88,2020,DANE_2018_2050,Mujer,(35 a 39),2303,0,0.0,True,"Archipiélago de San Andrés, Providencia y Santa Catalina"
88,2020,DANE_2018_2050,Mujer,(40 a 44),2138,0,0.0,True,"Archipiélago de San Andrés, Providencia y Santa Catalina"
88,2020,DANE_2018_2050,Mujer,(45 a 49),2095,0,0.0,True,"Archipiélago de San Andrés, Providencia y Santa Catalina"
88,2020,DANE_2018_2050,Mujer,(50 a 54),2315,0,0.0,True,"Archipiélago de San Andrés, Providencia y Santa Catalina"
88,2020,DANE_2018_2050,Mujer,(55 a 59),2237,0,0.0,True,"Archipiélago de San Andrés, Providencia y Santa Catalina"
88,2020,DANE_2018_2050,Mujer,(60 a 64),1677,0,0.0,True,"Archipiélago de San Andrés, Providencia y Santa Catalina"
88,2020,DANE_2018_2050,Mujer,(65 a 69),1114,0,0.0,True,"Archipiélago de San Andrés, Providencia y Santa Catalina"
88,2020,DANE_2018_2050,Mujer,(70 a 74),724,0,0.0,True,"Archipiélago de San Andrés, Providencia y Santa Catalina"
88,2020,DANE_2018_2050,Mujer,(75 a 79),419,0,0.0,True,"Archipiélago de San Andrés, Providencia y Santa Catalina"
88,2020,DANE_2018_2050,Mujer,(80 y más),381,0,0.0,True,"Archipiélago de San Andrés, Providencia y Santa Catalina"
88,2021,DANE_2018_2050,Hombre,(05 a 09),2423,0,0.0,True,"Archipiélago de San Andrés, Providencia y Santa Catalina"
88,2021,DANE_2018_2050,Hombre,(10 a 14),2426,0,0.0,True,"Archipiélago de San Andrés, Providencia y Santa Catalina"
88,2021,DANE_2018_2050,Hombre,(15 a 17),1446,0,0.0,True,"Archipiélago de San Andrés, Providencia y Santa Catalina"
88,2021,DANE_2018_2050,Hombre,(18 a 19),975,1,102.56410256410257,True,"Archipiélago de San Andrés, Providencia y Santa Catalina"
88,2021,DANE_2018_2050,Hombre,(20 a 24),2459,0,0.0,True,"Archipiélago de San Andrés, Providencia y Santa Catalina"
88,2021,DANE_2018_2050,Hombre,(25 a 29),2568,1,38.940809968847354,True,"Archipiélago de San Andrés, Providencia y Santa Catalina"
88,2021,DANE_2018_2050,Hombre,(30 a 34),2323,0,0.0,True,"Archipiélago de San Andrés, Providencia y Santa Catalina"
88,2021,DANE_2018_2050,Hombre,(35 a 39),2053,1,48.70920603994155,True,"Archipiélago de San Andrés, Providencia y Santa Catalina"
88,2021,DANE_2018_2050,Hombre,(40 a 44),1921,0,0.0,True,"Archipiélago de San Andrés, Providencia y Santa Catalina"
88,2021,DANE_2018_2050,Hombre,(45 a 49),1840,1,54.34782608695652,True,"Archipiélago de San Andrés, Providencia y Santa Catalina"
88,2021,DANE_2018_2050,Hombre,(50 a 54),1994,0,0.0,True,"Archipiélago de San Andrés, Providencia y Santa Catalina"
88,2021,DANE_2018_2050,Hombre,(55 a 59),1944,0,0.0,True,"Archipiélago de San Andrés, Providencia y Santa Catalina"
88,2021,DANE_2018_2050,Hombre,(60 a 64),1436,0,0.0,True,"Archipiélago de San Andrés, Providencia y Santa Catalina"
88,2021,DANE_2018_2050,Hombre,(65 a 69),925,0,0.0,True,"Archipiélago de San Andrés, Providencia y Santa Catalina"
88,2021,DANE_2018_2050,Hombre,(70 a 74),597,0,0.0,True,"Archipiélago de San Andrés, Providencia y Santa Catalina"
88,2021,DANE_2018_2050,Hombre,(75 a 79),366,0,0.0,True,"Archipiélago de San Andrés, Providencia y Santa Catalina"
88,2021,DANE_2018_2050,Hombre,(80 y más),376,0,0.0,True,"Archipiélago de San Andrés, Providencia y Santa Catalina"
88,2021,DANE_2018_2050,Mujer,(05 a 09),2323,0,0.0,True,"Archipiélago de San Andrés, Providencia y Santa Catalina"
88,2021,DANE_2018_2050,Mujer,(10 a 14),2227,0,0.0,True,"Archipiélago de San Andrés, Providencia y Santa Catalina"
88,2021,DANE_2018_2050,Mujer,(15 a 17),1298,0,0.0,True,"Archipiélago de San Andrés, Providencia y Santa Catalina"
88,2021,DANE_2018_2050,Mujer,(18 a 19),879,0,0.0,True,"Archipiélago de San Andrés, Providencia y Santa Catalina"
88,2021,DANE_2018_2050,Mujer,(20 a 24),2337,0,0.0,True,"Archipiélago de San Andrés, Providencia y Santa Catalina"
88,2021,DANE_2018_2050,Mujer,(25 a 29),2566,0,0.0,True,"Archipiélago de San Andrés, Providencia y Santa Catalina"
88,2021,DANE_2018_2050,Mujer,(30 a 34),2434,0,0.0,True,"Archipiélago de San Andrés, Providencia y Santa Catalina"
88,2021,DANE_2018_2050,Mujer,(35 a 39),2306,0,0.0,True,"Archipiélago de San Andrés, Providencia y Santa Catalina"
88,2021,DANE_2018_2050,Mujer,(40 a 44),2197,0,0.0,True,"Archipiélago de San Andrés, Providencia y Santa Catalina"
88,2021,DANE_2018_2050,Mujer,(45 a 49),2106,0,0.0,True,"Archipiélago de San Andrés, Providencia y Santa Catalina"
88,2021,DANE_2018_2050,Mujer,(50 a 54),2298,0,0.0,True,"Archipiélago de San Andrés, Providencia y Santa Catalina"
88,2021,DANE_2018_2050,Mujer,(55 a 59),2282,0,0.0,True,"Archipiélago de San Andrés, Providencia y Santa Catalina"
88,2021,DANE_2018_2050,Mujer,(60 a 64),1737,0,0.0,True,"Archipiélago de San Andrés, Providencia y Santa Catalina"
88,2021,DANE_2018_2050,Mujer,(65 a 69),1163,0,0.0,True,"Archipiélago de San Andrés, Providencia y Santa Catalina"
88,2021,DANE_2018_2050,Mujer,(70 a 74),751,0,0.0,True,"Archipiélago de San Andrés, Providencia y Santa Catalina"
88,2021,DANE_2018_2050,Mujer,(75 a 79),433,0,0.0,True,"Archipiélago de San Andrés, Providencia y Santa Catalina"
88,2021,DANE_2018_2050,Mujer,(80 y más),376,0,0.0,True,"Archipiélago de San Andrés, Providencia y Santa Catalina"
88,2022,DANE_2018_2050,Hombre,(05 a 09),2410,0,0.0,True,"Archipiélago de San Andrés, Providencia y Santa Catalina"
88,2022,DANE_2018_2050,Hombre,(10 a 14),2405,0,0.0,True,"Archipiélago de San Andrés, Providencia y Santa Catalina"
88,2022,DANE_2018_2050,Hombre,(15 a 17),1439,0,0.0,True,"Archipiélago de San Andrés, Providencia y Santa Catalina"
88,2022,DANE_2018_2050,Hombre,(18 a 19),962,0,0.0,True,"Archipiélago de San Andrés, Providencia y Santa Catalina"
88,2022,DANE_2018_2050,Hombre,(20 a 24),2461,0,0.0,True,"Archipiélago de San Andrés, Providencia y Santa Catalina"
88,2022,DANE_2018_2050,Hombre,(25 a 29),2543,0,0.0,True,"Archipiélago de San Andrés, Providencia y Santa Catalina"
88,2022,DANE_2018_2050,Hombre,(30 a 34),2362,0,0.0,True,"Archipiélago de San Andrés, Providencia y Santa Catalina"
88,2022,DANE_2018_2050,Hombre,(35 a 39),2060,1,48.543689320388346,True,"Archipiélago de San Andrés, Providencia y Santa Catalina"
88,2022,DANE_2018_2050,Hombre,(40 a 44),1958,0,0.0,True,"Archipiélago de San Andrés, Providencia y Santa Catalina"
88,2022,DANE_2018_2050,Hombre,(45 a 49),1867,1,53.56186395286556,True,"Archipiélago de San Andrés, Providencia y Santa Catalina"
88,2022,DANE_2018_2050,Hombre,(50 a 54),1979,1,50.53057099545225,True,"Archipiélago de San Andrés, Providencia y Santa Catalina"
88,2022,DANE_2018_2050,Hombre,(55 a 59),1960,0,0.0,True,"Archipiélago de San Andrés, Providencia y Santa Catalina"
88,2022,DANE_2018_2050,Hombre,(60 a 64),1486,0,0.0,True,"Archipiélago de San Andrés, Providencia y Santa Catalina"
88,2022,DANE_2018_2050,Hombre,(65 a 69),957,0,0.0,True,"Archipiélago de San Andrés, Providencia y Santa Catalina"
88,2022,DANE_2018_2050,Hombre,(70 a 74),613,0,0.0,True,"Archipiélago de San Andrés, Providencia y Santa Catalina"
88,2022,DANE_2018_2050,Hombre,(75 a 79),376,0,0.0,True,"Archipiélago de San Andrés, Providencia y Santa Catalina"
88,2022,DANE_2018_2050,Hombre,(80 y más),374,0,0.0,True,"Archipiélago de San Andrés, Providencia y Santa Catalina"
88,2022,DANE_2018_2050,Mujer,(05 a 09),2306,0,0.0,True,"Archipiélago de San Andrés, Providencia y Santa Catalina"
88,2022,DANE_2018_2050,Mujer,(10 a 14),2220,0,0.0,True,"Archipiélago de San Andrés, Providencia y Santa Catalina"
88,2022,DANE_2018_2050,Mujer,(15 a 17),1286,0,0.0,True,"Archipiélago de San Andrés, Providencia y Santa Catalina"
88,2022,DANE_2018_2050,Mujer,(18 a 19),863,0,0.0,True,"Archipiélago de San Andrés, Providencia y Santa Catalina"
88,2022,DANE_2018_2050,Mujer,(20 a 24),2316,0,0.0,True,"Archipiélago de San Andrés, Providencia y Santa Catalina"
88,2022,DANE_2018_2050,Mujer,(25 a 29),2552,0,0.0,True,"Archipiélago de San Andrés, Providencia y Santa Catalina"
88,2022,DANE_2018_2050,Mujer,(30 a 34),2470,0,0.0,True,"Archipiélago de San Andrés, Providencia y Santa Catalina"
88,2022,DANE_2018_2050,Mujer,(35 a 39),2308,0,0.0,True,"Archipiélago de San Andrés, Providencia y Santa Catalina"
88,2022,DANE_2018_2050,Mujer,(40 a 44),2237,0,0.0,True,"Archipiélago de San Andrés, Providencia y Santa Catalina"
88,2022,DANE_2018_2050,Mujer,(45 a 49),2140,0,0.0,True,"Archipiélago de San Andrés, Providencia y Santa Catalina"
88,2022,DANE_2018_2050,Mujer,(50 a 54),2276,0,0.0,True,"Archipiélago de San Andrés, Providencia y Santa Catalina"
88,2022,DANE_2018_2050,Mujer,(55 a 59),2305,0,0.0,True,"Archipiélago de San Andrés, Providencia y Santa Catalina"
88,2022,DANE_2018_2050,Mujer,(60 a 64),1795,0,0.0,True,"Archipiélago de San Andrés, Providencia y Santa Catalina"
88,2022,DANE_2018_2050,Mujer,(65 a 69),1212,0,0.0,True,"Archipiélago de San Andrés, Providencia y Santa Catalina"
88,2022,DANE_2018_2050,Mujer,(70 a 74),781,0,0.0,True,"Archipiélago de San Andrés, Providencia y Santa Catalina"
88,2022,DANE_2018_2050,Mujer,(75 a 79),445,0,0.0,True,"Archipiélago de San Andrés, Providencia y Santa Catalina"
88,2022,DANE_2018_2050,Mujer,(80 y más),368,0,0.0,True,"Archipiélago de San Andrés, Providencia y Santa Catalina"
88,2023,DANE_2018_2050,Hombre,(05 a 09),2387,0,0.0,True,"Archipiélago de San Andrés, Providencia y Santa Catalina"
88,2023,DANE_2018_2050,Hombre,(10 a 14),2384,0,0.0,True,"Archipiélago de San Andrés, Providencia y Santa Catalina"
88,2023,DANE_2018_2050,Hombre,(15 a 17),1429,0,0.0,True,"Archipiélago de San Andrés, Providencia y Santa Catalina"
88,2023,DANE_2018_2050,Hombre,(18 a 19),956,0,0.0,True,"Archipiélago de San Andrés, Providencia y Santa Catalina"
88,2023,DANE_2018_2050,Hombre,(20 a 24),2454,0,0.0,True,"Archipiélago de San Andrés, Providencia y Santa Catalina"
88,2023,DANE_2018_2050,Hombre,(25 a 29),2512,0,0.0,True,"Archipiélago de San Andrés, Providencia y Santa Catalina"
88,2023,DANE_2018_2050,Hombre,(30 a 34),2399,0,0.0,True,"Archipiélago de San Andrés, Providencia y Santa Catalina"
88,2023,DANE_2018_2050,Hombre,(35 a 39),2068,1,48.355899419729205,True,"Archipiélago de San Andrés, Providencia y Santa Catalina"
88,2023,DANE_2018_2050,Hombre,(40 a 44),1990,0,0.0,True,"Archipiélago de San Andrés, Providencia y Santa Catalina"
88,2023,DANE_2018_2050,Hombre,(45 a 49),1900,0,0.0,True,"Archipiélago de San Andrés, Providencia y Santa Catalina"
88,2023,DANE_2018_2050,Hombre,(50 a 54),1974,0,0.0,True,"Archipiélago de San Andrés, Providencia y Santa Catalina"
88,2023,DANE_2018_2050,Hombre,(55 a 59),1972,0,0.0,True,"Archipiélago de San Andrés, Providencia y Santa Catalina"
88,2023,DANE_2018_2050,Hombre,(60 a 64),1539,0,0.0,True,"Archipiélago de San Andrés, Providencia y Santa Catalina"
88,2023,DANE_2018_2050,Hombre,(65 a 69),991,0,0.0,True,"Archipiélago de San Andrés, Providencia y Santa Catalina"
88,2023,DANE_2018_2050,Hombre,(70 a 74),640,1,156.25,True,"Archipiélago de San Andrés, Providencia y Santa Catalina"
88,2023,DANE_2018_2050,Hombre,(75 a 79),392,0,0.0,True,"Archipiélago de San Andrés, Providencia y Santa Catalina"
88,2023,DANE_2018_2050,Hombre,(80 y más),381,0,0.0,True,"Archipiélago de San Andrés, Providencia y Santa Catalina"
88,2023,DANE_2018_2050,Mujer,(05 a 09),2278,0,0.0,True,"Archipiélago de San Andrés, Providencia y Santa Catalina"
88,2023,DANE_2018_2050,Mujer,(10 a 14),2208,0,0.0,True,"Archipiélago de San Andrés, Providencia y Santa Catalina"
88,2023,DANE_2018_2050,Mujer,(15 a 17),1277,0,0.0,True,"Archipiélago de San Andrés, Providencia y Santa Catalina"
88,2023,DANE_2018_2050,Mujer,(18 a 19),849,0,0.0,True,"Archipiélago de San Andrés, Providencia y Santa Catalina"
88,2023,DANE_2018_2050,Mujer,(20 a 24),2287,0,0.0,True,"Archipiélago de San Andrés, Providencia y Santa Catalina"
88,2023,DANE_2018_2050,Mujer,(25 a 29),2527,0,0.0,True,"Archipiélago de San Andrés, Providencia y Santa Catalina"
88,2023,DANE_2018_2050,Mujer,(30 a 34),2511,0,0.0,True,"Archipiélago de San Andrés, Providencia y Santa Catalina"
88,2023,DANE_2018_2050,Mujer,(35 a 39),2300,0,0.0,True,"Archipiélago de San Andrés, Providencia y Santa Catalina"
88,2023,DANE_2018_2050,Mujer,(40 a 44),2273,0,0.0,True,"Archipiélago de San Andrés, Providencia y Santa Catalina"
88,2023,DANE_2018_2050,Mujer,(45 a 49),2179,0,0.0,True,"Archipiélago de San Andrés, Providencia y Santa Catalina"
88,2023,DANE_2018_2050,Mujer,(50 a 54),2261,0,0.0,True,"Archipiélago de San Andrés, Providencia y Santa Catalina"
88,2023,DANE_2018_2050,Mujer,(55 a 59),2318,0,0.0,True,"Archipiélago de San Andrés, Providencia y Santa Catalina"
88,2023,DANE_2018_2050,Mujer,(60 a 64),1855,0,0.0,True,"Archipiélago de San Andrés, Providencia y Santa Catalina"
88,2023,DANE_2018_2050,Mujer,(65 a 69),1263,0,0.0,True,"Archipiélago de San Andrés, Providencia y Santa Catalina"
88,2023,DANE_2018_2050,Mujer,(70 a 74),811,0,0.0,True,"Archipiélago de San Andrés, Providencia y Santa Catalina"
88,2023,DANE_2018_2050,Mujer,(75 a 79),468,0,0.0,True,"Archipiélago de San Andrés, Providencia y Santa Catalina"
88,2023,DANE_2018_2050,Mujer,(80 y más),366,0,0.0,True,"Archipiélago de San Andrés, Providencia y Santa Catalina"
88,2024,DANE_2018_2050,Hombre,(05 a 09),2377,0,0.0,True,"Archipiélago de San Andrés, Providencia y Santa Catalina"
88,2024,DANE_2018_2050,Hombre,(10 a 14),2362,0,0.0,True,"Archipiélago de San Andrés, Providencia y Santa Catalina"
88,2024,DANE_2018_2050,Hombre,(15 a 17),1420,0,0.0,True,"Archipiélago de San Andrés, Providencia y Santa Catalina"
88,2024,DANE_2018_2050,Hombre,(18 a 19),948,0,0.0,True,"Archipiélago de San Andrés, Providencia y Santa Catalina"
88,2024,DANE_2018_2050,Hombre,(20 a 24),2441,0,0.0,True,"Archipiélago de San Andrés, Providencia y Santa Catalina"
88,2024,DANE_2018_2050,Hombre,(25 a 29),2487,0,0.0,True,"Archipiélago de San Andrés, Providencia y Santa Catalina"
88,2024,DANE_2018_2050,Hombre,(30 a 34),2427,1,41.203131437989285,True,"Archipiélago de San Andrés, Providencia y Santa Catalina"
88,2024,DANE_2018_2050,Hombre,(35 a 39),2086,1,47.93863854266539,True,"Archipiélago de San Andrés, Providencia y Santa Catalina"
88,2024,DANE_2018_2050,Hombre,(40 a 44),2011,0,0.0,True,"Archipiélago de San Andrés, Providencia y Santa Catalina"
88,2024,DANE_2018_2050,Hombre,(45 a 49),1949,0,0.0,True,"Archipiélago de San Andrés, Providencia y Santa Catalina"
88,2024,DANE_2018_2050,Hombre,(50 a 54),1970,1,50.76142131979696,True,"Archipiélago de San Andrés, Providencia y Santa Catalina"
88,2024,DANE_2018_2050,Hombre,(55 a 59),1976,0,0.0,True,"Archipiélago de San Andrés, Providencia y Santa Catalina"
88,2024,DANE_2018_2050,Hombre,(60 a 64),1586,0,0.0,True,"Archipiélago de San Andrés, Providencia y Santa Catalina"
88,2024,DANE_2018_2050,Hombre,(65 a 69),1037,0,0.0,True,"Archipiélago de San Andrés, Providencia y Santa Catalina"
88,2024,DANE_2018_2050,Hombre,(70 a 74),665,1,150.37593984962407,True,"Archipiélago de San Andrés, Providencia y Santa Catalina"
88,2024,DANE_2018_2050,Hombre,(75 a 79),409,0,0.0,True,"Archipiélago de San Andrés, Providencia y Santa Catalina"
88,2024,DANE_2018_2050,Hombre,(80 y más),391,0,0.0,True,"Archipiélago de San Andrés, Providencia y Santa Catalina"
88,2024,DANE_2018_2050,Mujer,(05 a 09),2257,0,0.0,True,"Archipiélago de San Andrés, Providencia y Santa Catalina"
88,2024,DANE_2018_2050,Mujer,(10 a 14),2202,0,0.0,True,"Archipiélago de San Andrés, Providencia y Santa Catalina"
88,2024,DANE_2018_2050,Mujer,(15 a 17),1266,0,0.0,True,"Archipiélago de San Andrés, Providencia y Santa Catalina"
88,2024,DANE_2018_2050,Mujer,(18 a 19),843,0,0.0,True,"Archipiélago de San Andrés, Providencia y Santa Catalina"
88,2024,DANE_2018_2050,Mujer,(20 a 24),2253,0,0.0,True,"Archipiélago de San Andrés, Providencia y Santa Catalina"
88,2024,DANE_2018_2050,Mujer,(25 a 29),2508,0,0.0,True,"Archipiélago de San Andrés, Providencia y Santa Catalina"
88,2024,DANE_2018_2050,Mujer,(30 a 34),2544,1,39.308176100628934,True,"Archipiélago de San Andrés, Providencia y Santa Catalina"
88,2024,DANE_2018_2050,Mujer,(35 a 39),2304,0,0.0,True,"Archipiélago de San Andrés, Providencia y Santa Catalina"
88,2024,DANE_2018_2050,Mujer,(40 a 44),2300,0,0.0,True,"Archipiélago de San Andrés, Providencia y Santa Catalina"
88,2024,DANE_2018_2050,Mujer,(45 a 49),2233,0,0.0,True,"Archipiélago de San Andrés, Providencia y Santa Catalina"
88,2024,DANE_2018_2050,Mujer,(50 a 54),2258,0,0.0,True,"Archipiélago de San Andrés, Providencia y Santa Catalina"
88,2024,DANE_2018_2050,Mujer,(55 a 59),2320,0,0.0,True,"Archipiélago de San Andrés, Providencia y Santa Catalina"
88,2024,DANE_2018_2050,Mujer,(60 a 64),1916,0,0.0,True,"Archipiélago de San Andrés, Providencia y Santa Catalina"
88,2024,DANE_2018_2050,Mujer,(65 a 69),1311,0,0.0,True,"Archipiélago de San Andrés, Providencia y Santa Catalina"
88,2024,DANE_2018_2050,Mujer,(70 a 74),842,0,0.0,True,"Archipiélago de San Andrés, Providencia y Santa Catalina"
88,2024,DANE_2018_2050,Mujer,(75 a 79),493,0,0.0,True,"Archipiélago de San Andrés, Providencia y Santa Catalina"
88,2024,DANE_2018_2050,Mujer,(80 y más),367,0,0.0,True,"Archipiélago de San Andrés, Providencia y Santa Catalina"
91,2015,DANE_2005_2017,Hombre,(05 a 09),4948,0,0.0,True,Amazonas
91,2015,DANE_2005_2017,Hombre,(10 a 14),4517,1,22.13858755811379,True,Amazonas
91,2015,DANE_2005_2017,Hombre,(15 a 17),2429,0,0.0,True,Amazonas
91,2015,DANE_2005_2017,Hombre,(18 a 19),1499,0,0.0,True,Amazonas
91,2015,DANE_2005_2017,Hombre,(20 a 24),3439,1,29.078220412910728,True,Amazonas
91,2015,DANE_2005_2017,Hombre,(25 a 29),2950,0,0.0,True,Amazonas
91,2015,DANE_2005_2017,Hombre,(30 a 34),2608,0,0.0,True,Amazonas
91,2015,DANE_2005_2017,Hombre,(35 a 39),2197,0,0.0,True,Amazonas
91,2015,DANE_2005_2017,Hombre,(40 a 44),1856,0,0.0,True,Amazonas
91,2015,DANE_2005_2017,Hombre,(45 a 49),1546,0,0.0,True,Amazonas
91,2015,DANE_2005_2017,Hombre,(50 a 54),1364,0,0.0,True,Amazonas
91,2015,DANE_2005_2017,Hombre,(55 a 59),1102,0,0.0,True,Amazonas
91,2015,DANE_2005_2017,Hombre,(60 a 64),820,0,0.0,True,Amazonas
91,2015,DANE_2005_2017,Hombre,(65 a 69),528,0,0.0,True,Amazonas
91,2015,DANE_2005_2017,Hombre,(70 a 74),351,0,0.0,True,Amazonas
91,2015,DANE_2005_2017,Hombre,(75 a 79),298,0,0.0,True,Amazonas
91,2015,DANE_2005_2017,Hombre,(80 y más),442,0,0.0,True,Amazonas
91,2015,DANE_2005_2017,Mujer,(05 a 09),4587,0,0.0,True,Amazonas
91,2015,DANE_2005_2017,Mujer,(10 a 14),4032,1,24.8015873015873,True,Amazonas
91,2015,DANE_2005_2017,Mujer,(15 a 17),2066,0,0.0,True,Amazonas
91,2015,DANE_2005_2017,Mujer,(18 a 19),1247,0,0.0,True,Amazonas
91,2015,DANE_2005_2017,Mujer,(20 a 24),2909,1,34.376074252320386,True,Amazonas
91,2015,DANE_2005_2017,Mujer,(25 a 29),2760,0,0.0,True,Amazonas
91,2015,DANE_2005_2017,Mujer,(30 a 34),2437,0,0.0,True,Amazonas
91,2015,DANE_2005_2017,Mujer,(35 a 39),2049,1,48.80429477794046,True,Amazonas
91,2015,DANE_2005_2017,Mujer,(40 a 44),1729,0,0.0,True,Amazonas
91,2015,DANE_2005_2017,Mujer,(45 a 49),1479,1,67.6132521974307,True,Amazonas
91,2015,DANE_2005_2017,Mujer,(50 a 54),1191,0,0.0,True,Amazonas
91,2015,DANE_2005_2017,Mujer,(55 a 59),923,0,0.0,True,Amazonas
91,2015,DANE_2005_2017,Mujer,(60 a 64),720,0,0.0,True,Amazonas
91,2015,DANE_2005_2017,Mujer,(65 a 69),480,0,0.0,True,Amazonas
91,2015,DANE_2005_2017,Mujer,(70 a 74),341,0,0.0,True,Amazonas
91,2015,DANE_2005_2017,Mujer,(75 a 79),272,0,0.0,True,Amazonas
91,2015,DANE_2005_2017,Mujer,(80 y más),429,0,0.0,True,Amazonas
91,2016,DANE_2005_2017,Hombre,(05 a 09),4987,0,0.0,True,Amazonas
91,2016,DANE_2005_2017,Hombre,(10 a 14),4607,0,0.0,True,Amazonas
91,2016,DANE_2005_2017,Hombre,(15 a 17),2492,0,0.0,True,Amazonas
91,2016,DANE_2005_2017,Hombre,(18 a 19),1529,1,65.40222367560497,True,Amazonas
91,2016,DANE_2005_2017,Hombre,(20 a 24),3459,0,0.0,True,Amazonas
91,2016,DANE_2005_2017,Hombre,(25 a 29),3005,0,0.0,True,Amazonas
91,2016,DANE_2005_2017,Hombre,(30 a 34),2646,0,0.0,True,Amazonas
91,2016,DANE_2005_2017,Hombre,(35 a 39),2251,1,44.4247001332741,True,Amazonas
91,2016,DANE_2005_2017,Hombre,(40 a 44),1917,0,0.0,True,Amazonas
91,2016,DANE_2005_2017,Hombre,(45 a 49),1576,0,0.0,True,Amazonas
91,2016,DANE_2005_2017,Hombre,(50 a 54),1374,0,0.0,True,Amazonas
91,2016,DANE_2005_2017,Hombre,(55 a 59),1141,0,0.0,True,Amazonas
91,2016,DANE_2005_2017,Hombre,(60 a 64),852,0,0.0,True,Amazonas
91,2016,DANE_2005_2017,Hombre,(65 a 69),579,0,0.0,True,Amazonas
91,2016,DANE_2005_2017,Hombre,(70 a 74),353,0,0.0,True,Amazonas
91,2016,DANE_2005_2017,Hombre,(75 a 79),299,0,0.0,True,Amazonas
91,2016,DANE_2005_2017,Hombre,(80 y más),465,0,0.0,True,Amazonas
91,2016,DANE_2005_2017,Mujer,(05 a 09),4657,0,0.0,True,Amazonas
91,2016,DANE_2005_2017,Mujer,(10 a 14),4153,0,0.0,True,Amazonas
91,2016,DANE_2005_2017,Mujer,(15 a 17),2135,0,0.0,True,Amazonas
91,2016,DANE_2005_2017,Mujer,(18 a 19),1279,1,78.18608287724786,True,Amazonas
91,2016,DANE_2005_2017,Mujer,(20 a 24),2894,0,0.0,True,Amazonas
91,2016,DANE_2005_2017,Mujer,(25 a 29),2777,0,0.0,True,Amazonas
91,2016,DANE_2005_2017,Mujer,(30 a 34),2511,0,0.0,True,Amazonas
91,2016,DANE_2005_2017,Mujer,(35 a 39),2103,0,0.0,True,Amazonas
91,2016,DANE_2005_2017,Mujer,(40 a 44),1747,0,0.0,True,Amazonas
91,2016,DANE_2005_2017,Mujer,(45 a 49),1541,0,0.0,True,Amazonas
91,2016,DANE_2005_2017,Mujer,(50 a 54),1230,0,0.0,True,Amazonas
91,2016,DANE_2005_2017,Mujer,(55 a 59),966,0,0.0,True,Amazonas
91,2016,DANE_2005_2017,Mujer,(60 a 64),756,0,0.0,True,Amazonas
91,2016,DANE_2005_2017,Mujer,(65 a 69),529,0,0.0,True,Amazonas
91,2016,DANE_2005_2017,Mujer,(70 a 74),349,0,0.0,True,Amazonas
91,2016,DANE_2005_2017,Mujer,(75 a 79),269,0,0.0,True,Amazonas
91,2016,DANE_2005_2017,Mujer,(80 y más),459,0,0.0,True,Amazonas
91,2017,DANE_2005_2017,Hombre,(05 a 09),5014,0,0.0,True,Amazonas
91,2017,DANE_2005_2017,Hombre,(10 a 14),4697,1,21.290185224611456,True,Amazonas
91,2017,DANE_2005_2017,Hombre,(15 a 17),2551,0,0.0,True,Amazonas
91,2017,DANE_2005_2017,Hombre,(18 a 19),1566,1,63.85696040868455,True,Amazonas
91,2017,DANE_2005_2017,Hombre,(20 a 24),3493,0,0.0,True,Amazonas
91,2017,DANE_2005_2017,Hombre,(25 a 29),3059,0,0.0,True,Amazonas
91,2017,DANE_2005_2017,Hombre,(30 a 34),2675,0,0.0,True,Amazonas
91,2017,DANE_2005_2017,Hombre,(35 a 39),2319,0,0.0,True,Amazonas
91,2017,DANE_2005_2017,Hombre,(40 a 44),1944,0,0.0,True,Amazonas
91,2017,DANE_2005_2017,Hombre,(45 a 49),1655,0,0.0,True,Amazonas
91,2017,DANE_2005_2017,Hombre,(50 a 54),1353,0,0.0,True,Amazonas
91,2017,DANE_2005_2017,Hombre,(55 a 59),1197,0,0.0,True,Amazonas
91,2017,DANE_2005_2017,Hombre,(60 a 64),880,0,0.0,True,Amazonas
91,2017,DANE_2005_2017,Hombre,(65 a 69),629,0,0.0,True,Amazonas
91,2017,DANE_2005_2017,Hombre,(70 a 74),375,0,0.0,True,Amazonas
91,2017,DANE_2005_2017,Hombre,(75 a 79),287,0,0.0,True,Amazonas
91,2017,DANE_2005_2017,Hombre,(80 y más),485,0,0.0,True,Amazonas
91,2017,DANE_2005_2017,Mujer,(05 a 09),4710,0,0.0,True,Amazonas
91,2017,DANE_2005_2017,Mujer,(10 a 14),4274,0,0.0,True,Amazonas
91,2017,DANE_2005_2017,Mujer,(15 a 17),2207,0,0.0,True,Amazonas
91,2017,DANE_2005_2017,Mujer,(18 a 19),1304,0,0.0,True,Amazonas
91,2017,DANE_2005_2017,Mujer,(20 a 24),2896,0,0.0,True,Amazonas
91,2017,DANE_2005_2017,Mujer,(25 a 29),2804,0,0.0,True,Amazonas
91,2017,DANE_2005_2017,Mujer,(30 a 34),2559,0,0.0,True,Amazonas
91,2017,DANE_2005_2017,Mujer,(35 a 39),2177,0,0.0,True,Amazonas
91,2017,DANE_2005_2017,Mujer,(40 a 44),1791,0,0.0,True,Amazonas
91,2017,DANE_2005_2017,Mujer,(45 a 49),1570,0,0.0,True,Amazonas
91,2017,DANE_2005_2017,Mujer,(50 a 54),1291,0,0.0,True,Amazonas
91,2017,DANE_2005_2017,Mujer,(55 a 59),1023,0,0.0,True,Amazonas
91,2017,DANE_2005_2017,Mujer,(60 a 64),771,0,0.0,True,Amazonas
91,2017,DANE_2005_2017,Mujer,(65 a 69),577,0,0.0,True,Amazonas
91,2017,DANE_2005_2017,Mujer,(70 a 74),366,0,0.0,True,Amazonas
91,2017,DANE_2005_2017,Mujer,(75 a 79),291,0,0.0,True,Amazonas
91,2017,DANE_2005_2017,Mujer,(80 y más),470,0,0.0,True,Amazonas
91,2018,DANE_2018_2050,Hombre,(05 a 09),5088,0,0.0,True,Amazonas
91,2018,DANE_2018_2050,Hombre,(10 a 14),5263,0,0.0,True,Amazonas
91,2018,DANE_2018_2050,Hombre,(15 a 17),3088,0,0.0,True,Amazonas
91,2018,DANE_2018_2050,Hombre,(18 a 19),1789,0,0.0,True,Amazonas
91,2018,DANE_2018_2050,Hombre,(20 a 24),3398,2,58.85815185403178,True,Amazonas
91,2018,DANE_2018_2050,Hombre,(25 a 29),2758,1,36.25815808556926,True,Amazonas
91,2018,DANE_2018_2050,Hombre,(30 a 34),2441,0,0.0,True,Amazonas
91,2018,DANE_2018_2050,Hombre,(35 a 39),2213,0,0.0,True,Amazonas
91,2018,DANE_2018_2050,Hombre,(40 a 44),1896,0,0.0,True,Amazonas
91,2018,DANE_2018_2050,Hombre,(45 a 49),1636,0,0.0,True,Amazonas
91,2018,DANE_2018_2050,Hombre,(50 a 54),1387,0,0.0,True,Amazonas
91,2018,DANE_2018_2050,Hombre,(55 a 59),1179,0,0.0,True,Amazonas
91,2018,DANE_2018_2050,Hombre,(60 a 64),890,0,0.0,True,Amazonas
91,2018,DANE_2018_2050,Hombre,(65 a 69),677,0,0.0,True,Amazonas
91,2018,DANE_2018_2050,Hombre,(70 a 74),447,0,0.0,True,Amazonas
91,2018,DANE_2018_2050,Hombre,(75 a 79),328,0,0.0,True,Amazonas
91,2018,DANE_2018_2050,Hombre,(80 y más),439,0,0.0,True,Amazonas
91,2018,DANE_2018_2050,Mujer,(05 a 09),4777,0,0.0,True,Amazonas
91,2018,DANE_2018_2050,Mujer,(10 a 14),4896,0,0.0,True,Amazonas
91,2018,DANE_2018_2050,Mujer,(15 a 17),2724,1,36.710719530102786,True,Amazonas
91,2018,DANE_2018_2050,Mujer,(18 a 19),1482,0,0.0,True,Amazonas
91,2018,DANE_2018_2050,Mujer,(20 a 24),2953,0,0.0,True,Amazonas
91,2018,DANE_2018_2050,Mujer,(25 a 29),2586,0,0.0,True,Amazonas
91,2018,DANE_2018_2050,Mujer,(30 a 34),2373,0,0.0,True,Amazonas
91,2018,DANE_2018_2050,Mujer,(35 a 39),2140,0,0.0,True,Amazonas
91,2018,DANE_2018_2050,Mujer,(40 a 44),1749,0,0.0,True,Amazonas
91,2018,DANE_2018_2050,Mujer,(45 a 49),1489,0,0.0,True,Amazonas
91,2018,DANE_2018_2050,Mujer,(50 a 54),1266,0,0.0,True,Amazonas
91,2018,DANE_2018_2050,Mujer,(55 a 59),1026,0,0.0,True,Amazonas
91,2018,DANE_2018_2050,Mujer,(60 a 64),790,0,0.0,True,Amazonas
91,2018,DANE_2018_2050,Mujer,(65 a 69),596,0,0.0,True,Amazonas
91,2018,DANE_2018_2050,Mujer,(70 a 74),417,0,0.0,True,Amazonas
91,2018,DANE_2018_2050,Mujer,(75 a 79),327,0,0.0,True,Amazonas
91,2018,DANE_2018_2050,Mujer,(80 y más),469,0,0.0,True,Amazonas
91,2019,DANE_2018_2050,Hombre,(05 a 09),5017,0,0.0,True,Amazonas
91,2019,DANE_2018_2050,Hombre,(10 a 14),5195,0,0.0,True,Amazonas
91,2019,DANE_2018_2050,Hombre,(15 a 17),3106,0,0.0,True,Amazonas
91,2019,DANE_2018_2050,Hombre,(18 a 19),1879,1,53.219797764768494,True,Amazonas
91,2019,DANE_2018_2050,Hombre,(20 a 24),3662,0,0.0,True,Amazonas
91,2019,DANE_2018_2050,Hombre,(25 a 29),2869,2,69.71070059254096,True,Amazonas
91,2019,DANE_2018_2050,Hombre,(30 a 34),2494,0,0.0,True,Amazonas
91,2019,DANE_2018_2050,Hombre,(35 a 39),2255,1,44.34589800443459,True,Amazonas
91,2019,DANE_2018_2050,Hombre,(40 a 44),1942,0,0.0,True,Amazonas
91,2019,DANE_2018_2050,Hombre,(45 a 49),1665,0,0.0,True,Amazonas
91,2019,DANE_2018_2050,Hombre,(50 a 54),1421,1,70.37297677691767,True,Amazonas
91,2019,DANE_2018_2050,Hombre,(55 a 59),1228,0,0.0,True,Amazonas
91,2019,DANE_2018_2050,Hombre,(60 a 64),932,0,0.0,True,Amazonas
91,2019,DANE_2018_2050,Hombre,(65 a 69),694,0,0.0,True,Amazonas
91,2019,DANE_2018_2050,Hombre,(70 a 74),466,0,0.0,True,Amazonas
91,2019,DANE_2018_2050,Hombre,(75 a 79),331,0,0.0,True,Amazonas
91,2019,DANE_2018_2050,Hombre,(80 y más),447,0,0.0,True,Amazonas
91,2019,DANE_2018_2050,Mujer,(05 a 09),4727,0,0.0,True,Amazonas
91,2019,DANE_2018_2050,Mujer,(10 a 14),4840,0,0.0,True,Amazonas
91,2019,DANE_2018_2050,Mujer,(15 a 17),2790,0,0.0,True,Amazonas
91,2019,DANE_2018_2050,Mujer,(18 a 19),1618,0,0.0,True,Amazonas
91,2019,DANE_2018_2050,Mujer,(20 a 24),3125,0,0.0,True,Amazonas
91,2019,DANE_2018_2050,Mujer,(25 a 29),2686,0,0.0,True,Amazonas
91,2019,DANE_2018_2050,Mujer,(30 a 34),2429,0,0.0,True,Amazonas
91,2019,DANE_2018_2050,Mujer,(35 a 39),2195,0,0.0,True,Amazonas
91,2019,DANE_2018_2050,Mujer,(40 a 44),1811,0,0.0,True,Amazonas
91,2019,DANE_2018_2050,Mujer,(45 a 49),1535,0,0.0,True,Amazonas
91,2019,DANE_2018_2050,Mujer,(50 a 54),1309,0,0.0,True,Amazonas
91,2019,DANE_2018_2050,Mujer,(55 a 59),1083,0,0.0,True,Amazonas
91,2019,DANE_2018_2050,Mujer,(60 a 64),829,0,0.0,True,Amazonas
91,2019,DANE_2018_2050,Mujer,(65 a 69),635,0,0.0,True,Amazonas
91,2019,DANE_2018_2050,Mujer,(70 a 74),436,0,0.0,True,Amazonas
91,2019,DANE_2018_2050,Mujer,(75 a 79),333,0,0.0,True,Amazonas
91,2019,DANE_2018_2050,Mujer,(80 y más),498,0,0.0,True,Amazonas
91,2020,DANE_2018_2050,Hombre,(05 a 09),4962,0,0.0,True,Amazonas
91,2020,DANE_2018_2050,Hombre,(10 a 14),5129,0,0.0,True,Amazonas
91,2020,DANE_2018_2050,Hombre,(15 a 17),3094,1,32.32062055591467,True,Amazonas
91,2020,DANE_2018_2050,Hombre,(18 a 19),1933,1,51.73305742369374,True,Amazonas
91,2020,DANE_2018_2050,Hombre,(20 a 24),3942,2,50.735667174023334,True,Amazonas
91,2020,DANE_2018_2050,Hombre,(25 a 29),2992,0,0.0,True,Amazonas
91,2020,DANE_2018_2050,Hombre,(30 a 34),2561,0,0.0,True,Amazonas
91,2020,DANE_2018_2050,Hombre,(35 a 39),2288,1,43.70629370629371,True,Amazonas
91,2020,DANE_2018_2050,Hombre,(40 a 44),2003,0,0.0,True,Amazonas
91,2020,DANE_2018_2050,Hombre,(45 a 49),1693,1,59.06674542232723,True,Amazonas
91,2020,DANE_2018_2050,Hombre,(50 a 54),1459,0,0.0,True,Amazonas
91,2020,DANE_2018_2050,Hombre,(55 a 59),1272,0,0.0,True,Amazonas
91,2020,DANE_2018_2050,Hombre,(60 a 64),978,0,0.0,True,Amazonas
91,2020,DANE_2018_2050,Hombre,(65 a 69),712,0,0.0,True,Amazonas
91,2020,DANE_2018_2050,Hombre,(70 a 74),486,0,0.0,True,Amazonas
91,2020,DANE_2018_2050,Hombre,(75 a 79),329,0,0.0,True,Amazonas
91,2020,DANE_2018_2050,Hombre,(80 y más),475,1,210.52631578947367,True,Amazonas
91,2020,DANE_2018_2050,Mujer,(05 a 09),4694,0,0.0,True,Amazonas
91,2020,DANE_2018_2050,Mujer,(10 a 14),4768,0,0.0,True,Amazonas
91,2020,DANE_2018_2050,Mujer,(15 a 17),2804,0,0.0,True,Amazonas
91,2020,DANE_2018_2050,Mujer,(18 a 19),1731,0,0.0,True,Amazonas
91,2020,DANE_2018_2050,Mujer,(20 a 24),3338,0,0.0,True,Amazonas
91,2020,DANE_2018_2050,Mujer,(25 a 29),2799,0,0.0,True,Amazonas
91,2020,DANE_2018_2050,Mujer,(30 a 34),2490,0,0.0,True,Amazonas
91,2020,DANE_2018_2050,Mujer,(35 a 39),2248,0,0.0,True,Amazonas
91,2020,DANE_2018_2050,Mujer,(40 a 44),1878,0,0.0,True,Amazonas
91,2020,DANE_2018_2050,Mujer,(45 a 49),1575,0,0.0,True,Amazonas
91,2020,DANE_2018_2050,Mujer,(50 a 54),1349,0,0.0,True,Amazonas
91,2020,DANE_2018_2050,Mujer,(55 a 59),1127,0,0.0,True,Amazonas
91,2020,DANE_2018_2050,Mujer,(60 a 64),882,0,0.0,True,Amazonas
91,2020,DANE_2018_2050,Mujer,(65 a 69),663,0,0.0,True,Amazonas
91,2020,DANE_2018_2050,Mujer,(70 a 74),458,0,0.0,True,Amazonas
91,2020,DANE_2018_2050,Mujer,(75 a 79),343,0,0.0,True,Amazonas
91,2020,DANE_2018_2050,Mujer,(80 y más),520,0,0.0,True,Amazonas
91,2021,DANE_2018_2050,Hombre,(05 a 09),4918,0,0.0,True,Amazonas
91,2021,DANE_2018_2050,Hombre,(10 a 14),5046,0,0.0,True,Amazonas
91,2021,DANE_2018_2050,Hombre,(15 a 17),3053,1,32.754667540124466,True,Amazonas
91,2021,DANE_2018_2050,Hombre,(18 a 19),1953,0,0.0,True,Amazonas
91,2021,DANE_2018_2050,Hombre,(20 a 24),4216,3,71.15749525616698,True,Amazonas
91,2021,DANE_2018_2050,Hombre,(25 a 29),3118,1,32.071840923669015,True,Amazonas
91,2021,DANE_2018_2050,Hombre,(30 a 34),2618,0,0.0,True,Amazonas
91,2021,DANE_2018_2050,Hombre,(35 a 39),2322,1,43.066322136089575,True,Amazonas
91,2021,DANE_2018_2050,Hombre,(40 a 44),2044,0,0.0,True,Amazonas
91,2021,DANE_2018_2050,Hombre,(45 a 49),1717,0,0.0,True,Amazonas
91,2021,DANE_2018_2050,Hombre,(50 a 54),1483,0,0.0,True,Amazonas
91,2021,DANE_2018_2050,Hombre,(55 a 59),1307,0,0.0,True,Amazonas
91,2021,DANE_2018_2050,Hombre,(60 a 64),1025,0,0.0,True,Amazonas
91,2021,DANE_2018_2050,Hombre,(65 a 69),727,1,137.5515818431912,True,Amazonas
91,2021,DANE_2018_2050,Hombre,(70 a 74),501,0,0.0,True,Amazonas
91,2021,DANE_2018_2050,Hombre,(75 a 79),333,0,0.0,True,Amazonas
91,2021,DANE_2018_2050,Hombre,(80 y más),496,0,0.0,True,Amazonas
91,2021,DANE_2018_2050,Mujer,(05 a 09),4657,0,0.0,True,Amazonas
91,2021,DANE_2018_2050,Mujer,(10 a 14),4682,0,0.0,True,Amazonas
91,2021,DANE_2018_2050,Mujer,(15 a 17),2800,0,0.0,True,Amazonas
91,2021,DANE_2018_2050,Mujer,(18 a 19),1785,0,0.0,True,Amazonas
91,2021,DANE_2018_2050,Mujer,(20 a 24),3571,0,0.0,True,Amazonas
91,2021,DANE_2018_2050,Mujer,(25 a 29),2903,0,0.0,True,Amazonas
91,2021,DANE_2018_2050,Mujer,(30 a 34),2564,0,0.0,True,Amazonas
91,2021,DANE_2018_2050,Mujer,(35 a 39),2288,0,0.0,True,Amazonas
91,2021,DANE_2018_2050,Mujer,(40 a 44),1936,0,0.0,True,Amazonas
91,2021,DANE_2018_2050,Mujer,(45 a 49),1611,0,0.0,True,Amazonas
91,2021,DANE_2018_2050,Mujer,(50 a 54),1396,0,0.0,True,Amazonas
91,2021,DANE_2018_2050,Mujer,(55 a 59),1177,0,0.0,True,Amazonas
91,2021,DANE_2018_2050,Mujer,(60 a 64),919,0,0.0,True,Amazonas
91,2021,DANE_2018_2050,Mujer,(65 a 69),686,0,0.0,True,Amazonas
91,2021,DANE_2018_2050,Mujer,(70 a 74),487,0,0.0,True,Amazonas
91,2021,DANE_2018_2050,Mujer,(75 a 79),354,0,0.0,True,Amazonas
91,2021,DANE_2018_2050,Mujer,(80 y más),530,0,0.0,True,Amazonas
91,2022,DANE_2018_2050,Hombre,(05 a 09),4884,0,0.0,True,Amazonas
91,2022,DANE_2018_2050,Hombre,(10 a 14),4951,0,0.0,True,Amazonas
91,2022,DANE_2018_2050,Hombre,(15 a 17),3008,1,33.244680851063826,True,Amazonas
91,2022,DANE_2018_2050,Hombre,(18 a 19),1942,0,0.0,True,Amazonas
91,2022,DANE_2018_2050,Hombre,(20 a 24),4447,1,22.4870699347875,True,Amazonas
91,2022,DANE_2018_2050,Hombre,(25 a 29),3254,0,0.0,True,Amazonas
91,2022,DANE_2018_2050,Hombre,(30 a 34),2693,0,0.0,True,Amazonas
91,2022,DANE_2018_2050,Hombre,(35 a 39),2355,1,42.462845010615716,True,Amazonas
91,2022,DANE_2018_2050,Hombre,(40 a 44),2086,0,0.0,True,Amazonas
91,2022,DANE_2018_2050,Hombre,(45 a 49),1744,0,0.0,True,Amazonas
91,2022,DANE_2018_2050,Hombre,(50 a 54),1513,0,0.0,True,Amazonas
91,2022,DANE_2018_2050,Hombre,(55 a 59),1318,0,0.0,True,Amazonas
91,2022,DANE_2018_2050,Hombre,(60 a 64),1077,0,0.0,True,Amazonas
91,2022,DANE_2018_2050,Hombre,(65 a 69),755,0,0.0,True,Amazonas
91,2022,DANE_2018_2050,Hombre,(70 a 74),511,0,0.0,True,Amazonas
91,2022,DANE_2018_2050,Hombre,(75 a 79),344,0,0.0,True,Amazonas
91,2022,DANE_2018_2050,Hombre,(80 y más),495,0,0.0,True,Amazonas
91,2022,DANE_2018_2050,Mujer,(05 a 09),4601,0,0.0,True,Amazonas
91,2022,DANE_2018_2050,Mujer,(10 a 14),4603,0,0.0,True,Amazonas
91,2022,DANE_2018_2050,Mujer,(15 a 17),2777,0,0.0,True,Amazonas
91,2022,DANE_2018_2050,Mujer,(18 a 19),1800,0,0.0,True,Amazonas
91,2022,DANE_2018_2050,Mujer,(20 a 24),3820,0,0.0,True,Amazonas
91,2022,DANE_2018_2050,Mujer,(25 a 29),3005,0,0.0,True,Amazonas
91,2022,DANE_2018_2050,Mujer,(30 a 34),2644,0,0.0,True,Amazonas
91,2022,DANE_2018_2050,Mujer,(35 a 39),2323,0,0.0,True,Amazonas
91,2022,DANE_2018_2050,Mujer,(40 a 44),1994,0,0.0,True,Amazonas
91,2022,DANE_2018_2050,Mujer,(45 a 49),1650,0,0.0,True,Amazonas
91,2022,DANE_2018_2050,Mujer,(50 a 54),1426,0,0.0,True,Amazonas
91,2022,DANE_2018_2050,Mujer,(55 a 59),1214,0,0.0,True,Amazonas
91,2022,DANE_2018_2050,Mujer,(60 a 64),967,0,0.0,True,Amazonas
91,2022,DANE_2018_2050,Mujer,(65 a 69),715,0,0.0,True,Amazonas
91,2022,DANE_2018_2050,Mujer,(70 a 74),512,0,0.0,True,Amazonas
91,2022,DANE_2018_2050,Mujer,(75 a 79),359,0,0.0,True,Amazonas
91,2022,DANE_2018_2050,Mujer,(80 y más),531,0,0.0,True,Amazonas
91,2023,DANE_2018_2050,Hombre,(05 a 09),4859,0,0.0,True,Amazonas
91,2023,DANE_2018_2050,Hombre,(10 a 14),4861,0,0.0,True,Amazonas
91,2023,DANE_2018_2050,Hombre,(15 a 17),2955,0,0.0,True,Amazonas
91,2023,DANE_2018_2050,Hombre,(18 a 19),1922,0,0.0,True,Amazonas
91,2023,DANE_2018_2050,Hombre,(20 a 24),4612,0,0.0,True,Amazonas
91,2023,DANE_2018_2050,Hombre,(25 a 29),3440,0,0.0,True,Amazonas
91,2023,DANE_2018_2050,Hombre,(30 a 34),2772,1,36.075036075036074,True,Amazonas
91,2023,DANE_2018_2050,Hombre,(35 a 39),2381,1,41.999160016799664,True,Amazonas
91,2023,DANE_2018_2050,Hombre,(40 a 44),2122,1,47.1253534401508,True,Amazonas
91,2023,DANE_2018_2050,Hombre,(45 a 49),1777,0,0.0,True,Amazonas
91,2023,DANE_2018_2050,Hombre,(50 a 54),1535,0,0.0,True,Amazonas
91,2023,DANE_2018_2050,Hombre,(55 a 59),1342,0,0.0,True,Amazonas
91,2023,DANE_2018_2050,Hombre,(60 a 64),1123,0,0.0,True,Amazonas
91,2023,DANE_2018_2050,Hombre,(65 a 69),782,0,0.0,True,Amazonas
91,2023,DANE_2018_2050,Hombre,(70 a 74),526,0,0.0,True,Amazonas
91,2023,DANE_2018_2050,Hombre,(75 a 79),352,0,0.0,True,Amazonas
91,2023,DANE_2018_2050,Hombre,(80 y más),499,0,0.0,True,Amazonas
91,2023,DANE_2018_2050,Mujer,(05 a 09),4542,0,0.0,True,Amazonas
91,2023,DANE_2018_2050,Mujer,(10 a 14),4527,0,0.0,True,Amazonas
91,2023,DANE_2018_2050,Mujer,(15 a 17),2729,1,36.64345914254306,True,Amazonas
91,2023,DANE_2018_2050,Mujer,(18 a 19),1795,0,0.0,True,Amazonas
91,2023,DANE_2018_2050,Mujer,(20 a 24),4022,0,0.0,True,Amazonas
91,2023,DANE_2018_2050,Mujer,(25 a 29),3123,0,0.0,True,Amazonas
91,2023,DANE_2018_2050,Mujer,(30 a 34),2726,1,36.68378576669112,True,Amazonas
91,2023,DANE_2018_2050,Mujer,(35 a 39),2351,0,0.0,True,Amazonas
91,2023,DANE_2018_2050,Mujer,(40 a 44),2051,0,0.0,True,Amazonas
91,2023,DANE_2018_2050,Mujer,(45 a 49),1702,0,0.0,True,Amazonas
91,2023,DANE_2018_2050,Mujer,(50 a 54),1462,0,0.0,True,Amazonas
91,2023,DANE_2018_2050,Mujer,(55 a 59),1254,0,0.0,True,Amazonas
91,2023,DANE_2018_2050,Mujer,(60 a 64),1018,0,0.0,True,Amazonas
91,2023,DANE_2018_2050,Mujer,(65 a 69),746,0,0.0,True,Amazonas
91,2023,DANE_2018_2050,Mujer,(70 a 74),531,0,0.0,True,Amazonas
91,2023,DANE_2018_2050,Mujer,(75 a 79),382,0,0.0,True,Amazonas
91,2023,DANE_2018_2050,Mujer,(80 y más),556,0,0.0,True,Amazonas
91,2024,DANE_2018_2050,Hombre,(05 a 09),4828,0,0.0,True,Amazonas
91,2024,DANE_2018_2050,Hombre,(10 a 14),4773,1,20.951183741881415,True,Amazonas
91,2024,DANE_2018_2050,Hombre,(15 a 17),2910,2,68.72852233676977,True,Amazonas
91,2024,DANE_2018_2050,Hombre,(18 a 19),1891,0,0.0,True,Amazonas
91,2024,DANE_2018_2050,Hombre,(20 a 24),4686,0,0.0,True,Amazonas
91,2024,DANE_2018_2050,Hombre,(25 a 29),3654,0,0.0,True,Amazonas
91,2024,DANE_2018_2050,Hombre,(30 a 34),2860,1,34.96503496503497,True,Amazonas
91,2024,DANE_2018_2050,Hombre,(35 a 39),2424,0,0.0,True,Amazonas
91,2024,DANE_2018_2050,Hombre,(40 a 44),2147,1,46.57661853749418,True,Amazonas
91,2024,DANE_2018_2050,Hombre,(45 a 49),1811,0,0.0,True,Amazonas
91,2024,DANE_2018_2050,Hombre,(50 a 54),1561,0,0.0,True,Amazonas
91,2024,DANE_2018_2050,Hombre,(55 a 59),1374,0,0.0,True,Amazonas
91,2024,DANE_2018_2050,Hombre,(60 a 64),1166,0,0.0,True,Amazonas
91,2024,DANE_2018_2050,Hombre,(65 a 69),807,0,0.0,True,Amazonas
91,2024,DANE_2018_2050,Hombre,(70 a 74),536,0,0.0,True,Amazonas
91,2024,DANE_2018_2050,Hombre,(75 a 79),369,0,0.0,True,Amazonas
91,2024,DANE_2018_2050,Hombre,(80 y más),515,0,0.0,True,Amazonas
91,2024,DANE_2018_2050,Mujer,(05 a 09),4499,0,0.0,True,Amazonas
91,2024,DANE_2018_2050,Mujer,(10 a 14),4470,0,0.0,True,Amazonas
91,2024,DANE_2018_2050,Mujer,(15 a 17),2673,1,37.41114852225963,True,Amazonas
91,2024,DANE_2018_2050,Mujer,(18 a 19),1786,1,55.99104143337066,True,Amazonas
91,2024,DANE_2018_2050,Mujer,(20 a 24),4176,0,0.0,True,Amazonas
91,2024,DANE_2018_2050,Mujer,(25 a 29),3263,0,0.0,True,Amazonas
91,2024,DANE_2018_2050,Mujer,(30 a 34),2824,0,0.0,True,Amazonas
91,2024,DANE_2018_2050,Mujer,(35 a 39),2388,0,0.0,True,Amazonas
91,2024,DANE_2018_2050,Mujer,(40 a 44),2094,0,0.0,True,Amazonas
91,2024,DANE_2018_2050,Mujer,(45 a 49),1741,0,0.0,True,Amazonas
91,2024,DANE_2018_2050,Mujer,(50 a 54),1500,0,0.0,True,Amazonas
91,2024,DANE_2018_2050,Mujer,(55 a 59),1285,0,0.0,True,Amazonas
91,2024,DANE_2018_2050,Mujer,(60 a 64),1068,0,0.0,True,Amazonas
91,2024,DANE_2018_2050,Mujer,(65 a 69),784,0,0.0,True,Amazonas
91,2024,DANE_2018_2050,Mujer,(70 a 74),557,0,0.0,True,Amazonas
91,2024,DANE_2018_2050,Mujer,(75 a 79),391,0,0.0,True,Amazonas
91,2024,DANE_2018_2050,Mujer,(80 y más),569,0,0.0,True,Amazonas
94,2015,DANE_2005_2017,Hombre,(05 a 09),3408,0,0.0,True,Guainía
94,2015,DANE_2005_2017,Hombre,(10 a 14),3264,0,0.0,True,Guainía
94,2015,DANE_2005_2017,Hombre,(15 a 17),1721,0,0.0,True,Guainía
94,2015,DANE_2005_2017,Hombre,(18 a 19),972,0,0.0,True,Guainía
94,2015,DANE_2005_2017,Hombre,(20 a 24),1829,1,54.67468562055768,True,Guainía
94,2015,DANE_2005_2017,Hombre,(25 a 29),1396,0,0.0,True,Guainía
94,2015,DANE_2005_2017,Hombre,(30 a 34),1275,0,0.0,True,Guainía
94,2015,DANE_2005_2017,Hombre,(35 a 39),1123,0,0.0,True,Guainía
94,2015,DANE_2005_2017,Hombre,(40 a 44),976,0,0.0,True,Guainía
94,2015,DANE_2005_2017,Hombre,(45 a 49),856,0,0.0,True,Guainía
94,2015,DANE_2005_2017,Hombre,(50 a 54),762,0,0.0,True,Guainía
94,2015,DANE_2005_2017,Hombre,(55 a 59),520,0,0.0,True,Guainía
94,2015,DANE_2005_2017,Hombre,(60 a 64),368,0,0.0,True,Guainía
94,2015,DANE_2005_2017,Hombre,(65 a 69),294,0,0.0,True,Guainía
94,2015,DANE_2005_2017,Hombre,(70 a 74),226,0,0.0,True,Guainía
94,2015,DANE_2005_2017,Hombre,(75 a 79),182,0,0.0,True,Guainía
94,2015,DANE_2005_2017,Hombre,(80 y más),257,0,0.0,True,Guainía
94,2015,DANE_2005_2017,Mujer,(05 a 09),3158,0,0.0,True,Guainía
94,2015,DANE_2005_2017,Mujer,(10 a 14),2835,0,0.0,True,Guainía
94,2015,DANE_2005_2017,Mujer,(15 a 17),1390,0,0.0,True,Guainía
94,2015,DANE_2005_2017,Mujer,(18 a 19),794,0,0.0,True,Guainía
94,2015,DANE_2005_2017,Mujer,(20 a 24),1598,0,0.0,True,Guainía
94,2015,DANE_2005_2017,Mujer,(25 a 29),1316,0,0.0,True,Guainía
94,2015,DANE_2005_2017,Mujer,(30 a 34),1228,0,0.0,True,Guainía
94,2015,DANE_2005_2017,Mujer,(35 a 39),1067,0,0.0,True,Guainía
94,2015,DANE_2005_2017,Mujer,(40 a 44),917,0,0.0,True,Guainía
94,2015,DANE_2005_2017,Mujer,(45 a 49),770,0,0.0,True,Guainía
94,2015,DANE_2005_2017,Mujer,(50 a 54),649,0,0.0,True,Guainía
94,2015,DANE_2005_2017,Mujer,(55 a 59),428,0,0.0,True,Guainía
94,2015,DANE_2005_2017,Mujer,(60 a 64),298,0,0.0,True,Guainía
94,2015,DANE_2005_2017,Mujer,(65 a 69),247,0,0.0,True,Guainía
94,2015,DANE_2005_2017,Mujer,(70 a 74),177,0,0.0,True,Guainía
94,2015,DANE_2005_2017,Mujer,(75 a 79),116,0,0.0,True,Guainía
94,2015,DANE_2005_2017,Mujer,(80 y más),155,0,0.0,True,Guainía
94,2016,DANE_2005_2017,Hombre,(05 a 09),3425,0,0.0,True,Guainía
94,2016,DANE_2005_2017,Hombre,(10 a 14),3312,1,30.193236714975843,True,Guainía
94,2016,DANE_2005_2017,Hombre,(15 a 17),1810,0,0.0,True,Guainía
94,2016,DANE_2005_2017,Hombre,(18 a 19),1051,0,0.0,True,Guainía
94,2016,DANE_2005_2017,Hombre,(20 a 24),1977,0,0.0,True,Guainía
94,2016,DANE_2005_2017,Hombre,(25 a 29),1459,1,68.54009595613434,True,Guainía
94,2016,DANE_2005_2017,Hombre,(30 a 34),1312,0,0.0,True,Guainía
94,2016,DANE_2005_2017,Hombre,(35 a 39),1161,1,86.13264427217915,True,Guainía
94,2016,DANE_2005_2017,Hombre,(40 a 44),1002,0,0.0,True,Guainía
94,2016,DANE_2005_2017,Hombre,(45 a 49),881,0,0.0,True,Guainía
94,2016,DANE_2005_2017,Hombre,(50 a 54),764,0,0.0,True,Guainía
94,2016,DANE_2005_2017,Hombre,(55 a 59),604,0,0.0,True,Guainía
94,2016,DANE_2005_2017,Hombre,(60 a 64),366,0,0.0,True,Guainía
94,2016,DANE_2005_2017,Hombre,(65 a 69),305,0,0.0,True,Guainía
94,2016,DANE_2005_2017,Hombre,(70 a 74),231,0,0.0,True,Guainía
94,2016,DANE_2005_2017,Hombre,(75 a 79),184,0,0.0,True,Guainía
94,2016,DANE_2005_2017,Hombre,(80 y más),270,0,0.0,True,Guainía
94,2016,DANE_2005_2017,Mujer,(05 a 09),3214,0,0.0,True,Guainía
94,2016,DANE_2005_2017,Mujer,(10 a 14),2939,0,0.0,True,Guainía
94,2016,DANE_2005_2017,Mujer,(15 a 17),1473,0,0.0,True,Guainía
94,2016,DANE_2005_2017,Mujer,(18 a 19),849,0,0.0,True,Guainía
94,2016,DANE_2005_2017,Mujer,(20 a 24),1699,0,0.0,True,Guainía
94,2016,DANE_2005_2017,Mujer,(25 a 29),1381,0,0.0,True,Guainía
94,2016,DANE_2005_2017,Mujer,(30 a 34),1254,0,0.0,True,Guainía
94,2016,DANE_2005_2017,Mujer,(35 a 39),1122,0,0.0,True,Guainía
94,2016,DANE_2005_2017,Mujer,(40 a 44),943,0,0.0,True,Guainía
94,2016,DANE_2005_2017,Mujer,(45 a 49),816,0,0.0,True,Guainía
94,2016,DANE_2005_2017,Mujer,(50 a 54),657,0,0.0,True,Guainía
94,2016,DANE_2005_2017,Mujer,(55 a 59),486,0,0.0,True,Guainía
94,2016,DANE_2005_2017,Mujer,(60 a 64),300,0,0.0,True,Guainía
94,2016,DANE_2005_2017,Mujer,(65 a 69),258,0,0.0,True,Guainía
94,2016,DANE_2005_2017,Mujer,(70 a 74),195,0,0.0,True,Guainía
94,2016,DANE_2005_2017,Mujer,(75 a 79),121,0,0.0,True,Guainía
94,2016,DANE_2005_2017,Mujer,(80 y más),161,0,0.0,True,Guainía
94,2017,DANE_2005_2017,Hombre,(05 a 09),3440,0,0.0,True,Guainía
94,2017,DANE_2005_2017,Hombre,(10 a 14),3365,0,0.0,True,Guainía
94,2017,DANE_2005_2017,Hombre,(15 a 17),1890,0,0.0,True,Guainía
94,2017,DANE_2005_2017,Hombre,(18 a 19),1105,0,0.0,True,Guainía
94,2017,DANE_2005_2017,Hombre,(20 a 24),2182,1,45.82951420714941,True,Guainía
94,2017,DANE_2005_2017,Hombre,(25 a 29),1523,0,0.0,True,Guainía
94,2017,DANE_2005_2017,Hombre,(30 a 34),1348,0,0.0,True,Guainía
94,2017,DANE_2005_2017,Hombre,(35 a 39),1195,0,0.0,True,Guainía
94,2017,DANE_2005_2017,Hombre,(40 a 44),1043,0,0.0,True,Guainía
94,2017,DANE_2005_2017,Hombre,(45 a 49),903,0,0.0,True,Guainía
94,2017,DANE_2005_2017,Hombre,(50 a 54),796,1,125.62814070351759,True,Guainía
94,2017,DANE_2005_2017,Hombre,(55 a 59),645,0,0.0,True,Guainía
94,2017,DANE_2005_2017,Hombre,(60 a 64),387,0,0.0,True,Guainía
94,2017,DANE_2005_2017,Hombre,(65 a 69),318,0,0.0,True,Guainía
94,2017,DANE_2005_2017,Hombre,(70 a 74),255,0,0.0,True,Guainía
94,2017,DANE_2005_2017,Hombre,(75 a 79),173,0,0.0,True,Guainía
94,2017,DANE_2005_2017,Hombre,(80 y más),273,0,0.0,True,Guainía
94,2017,DANE_2005_2017,Mujer,(05 a 09),3257,0,0.0,True,Guainía
94,2017,DANE_2005_2017,Mujer,(10 a 14),3035,0,0.0,True,Guainía
94,2017,DANE_2005_2017,Mujer,(15 a 17),1570,0,0.0,True,Guainía
94,2017,DANE_2005_2017,Mujer,(18 a 19),900,0,0.0,True,Guainía
94,2017,DANE_2005_2017,Mujer,(20 a 24),1826,0,0.0,True,Guainía
94,2017,DANE_2005_2017,Mujer,(25 a 29),1432,0,0.0,True,Guainía
94,2017,DANE_2005_2017,Mujer,(30 a 34),1310,0,0.0,True,Guainía
94,2017,DANE_2005_2017,Mujer,(35 a 39),1167,0,0.0,True,Guainía
94,2017,DANE_2005_2017,Mujer,(40 a 44),982,0,0.0,True,Guainía
94,2017,DANE_2005_2017,Mujer,(45 a 49),837,0,0.0,True,Guainía
94,2017,DANE_2005_2017,Mujer,(50 a 54),693,0,0.0,True,Guainía
94,2017,DANE_2005_2017,Mujer,(55 a 59),542,0,0.0,True,Guainía
94,2017,DANE_2005_2017,Mujer,(60 a 64),313,0,0.0,True,Guainía
94,2017,DANE_2005_2017,Mujer,(65 a 69),264,0,0.0,True,Guainía
94,2017,DANE_2005_2017,Mujer,(70 a 74),213,0,0.0,True,Guainía
94,2017,DANE_2005_2017,Mujer,(75 a 79),126,0,0.0,True,Guainía
94,2017,DANE_2005_2017,Mujer,(80 y más),172,0,0.0,True,Guainía
94,2018,DANE_2018_2050,Hombre,(05 a 09),3513,0,0.0,True,Guainía
94,2018,DANE_2018_2050,Hombre,(10 a 14),3793,0,0.0,True,Guainía
94,2018,DANE_2018_2050,Hombre,(15 a 17),2255,0,0.0,True,Guainía
94,2018,DANE_2018_2050,Hombre,(18 a 19),1273,0,0.0,True,Guainía
94,2018,DANE_2018_2050,Hombre,(20 a 24),2244,0,0.0,True,Guainía
94,2018,DANE_2018_2050,Hombre,(25 a 29),1539,0,0.0,True,Guainía
94,2018,DANE_2018_2050,Hombre,(30 a 34),1246,0,0.0,True,Guainía
94,2018,DANE_2018_2050,Hombre,(35 a 39),1144,0,0.0,True,Guainía
94,2018,DANE_2018_2050,Hombre,(40 a 44),1016,0,0.0,True,Guainía
94,2018,DANE_2018_2050,Hombre,(45 a 49),912,0,0.0,True,Guainía
94,2018,DANE_2018_2050,Hombre,(50 a 54),796,0,0.0,True,Guainía
94,2018,DANE_2018_2050,Hombre,(55 a 59),657,0,0.0,True,Guainía
94,2018,DANE_2018_2050,Hombre,(60 a 64),444,0,0.0,True,Guainía
94,2018,DANE_2018_2050,Hombre,(65 a 69),333,1,300.3003003003003,True,Guainía
94,2018,DANE_2018_2050,Hombre,(70 a 74),255,0,0.0,True,Guainía
94,2018,DANE_2018_2050,Hombre,(75 a 79),225,0,0.0,True,Guainía
94,2018,DANE_2018_2050,Hombre,(80 y más),330,0,0.0,True,Guainía
94,2018,DANE_2018_2050,Mujer,(05 a 09),3288,0,0.0,True,Guainía
94,2018,DANE_2018_2050,Mujer,(10 a 14),3456,0,0.0,True,Guainía
94,2018,DANE_2018_2050,Mujer,(15 a 17),1913,0,0.0,True,Guainía
94,2018,DANE_2018_2050,Mujer,(18 a 19),1024,0,0.0,True,Guainía
94,2018,DANE_2018_2050,Mujer,(20 a 24),1915,0,0.0,True,Guainía
94,2018,DANE_2018_2050,Mujer,(25 a 29),1463,0,0.0,True,Guainía
94,2018,DANE_2018_2050,Mujer,(30 a 34),1234,0,0.0,True,Guainía
94,2018,DANE_2018_2050,Mujer,(35 a 39),1124,0,0.0,True,Guainía
94,2018,DANE_2018_2050,Mujer,(40 a 44),958,0,0.0,True,Guainía
94,2018,DANE_2018_2050,Mujer,(45 a 49),819,0,0.0,True,Guainía
94,2018,DANE_2018_2050,Mujer,(50 a 54),688,0,0.0,True,Guainía
94,2018,DANE_2018_2050,Mujer,(55 a 59),529,0,0.0,True,Guainía
94,2018,DANE_2018_2050,Mujer,(60 a 64),366,0,0.0,True,Guainía
94,2018,DANE_2018_2050,Mujer,(65 a 69),279,0,0.0,True,Guainía
94,2018,DANE_2018_2050,Mujer,(70 a 74),219,0,0.0,True,Guainía
94,2018,DANE_2018_2050,Mujer,(75 a 79),172,0,0.0,True,Guainía
94,2018,DANE_2018_2050,Mujer,(80 y más),228,0,0.0,True,Guainía
94,2019,DANE_2018_2050,Hombre,(05 a 09),3539,0,0.0,True,Guainía
94,2019,DANE_2018_2050,Hombre,(10 a 14),3820,0,0.0,True,Guainía
94,2019,DANE_2018_2050,Hombre,(15 a 17),2318,0,0.0,True,Guainía
94,2019,DANE_2018_2050,Hombre,(18 a 19),1373,0,0.0,True,Guainía
94,2019,DANE_2018_2050,Hombre,(20 a 24),2472,2,80.90614886731392,True,Guainía
94,2019,DANE_2018_2050,Hombre,(25 a 29),1639,0,0.0,True,Guainía
94,2019,DANE_2018_2050,Hombre,(30 a 34),1301,0,0.0,True,Guainía
94,2019,DANE_2018_2050,Hombre,(35 a 39),1184,1,84.45945945945947,True,Guainía
94,2019,DANE_2018_2050,Hombre,(40 a 44),1067,0,0.0,True,Guainía
94,2019,DANE_2018_2050,Hombre,(45 a 49),949,0,0.0,True,Guainía
94,2019,DANE_2018_2050,Hombre,(50 a 54),838,0,0.0,True,Guainía
94,2019,DANE_2018_2050,Hombre,(55 a 59),697,0,0.0,True,Guainía
94,2019,DANE_2018_2050,Hombre,(60 a 64),473,0,0.0,True,Guainía
94,2019,DANE_2018_2050,Hombre,(65 a 69),344,0,0.0,True,Guainía
94,2019,DANE_2018_2050,Hombre,(70 a 74),273,0,0.0,True,Guainía
94,2019,DANE_2018_2050,Hombre,(75 a 79),229,0,0.0,True,Guainía
94,2019,DANE_2018_2050,Hombre,(80 y más),357,0,0.0,True,Guainía
94,2019,DANE_2018_2050,Mujer,(05 a 09),3324,0,0.0,True,Guainía
94,2019,DANE_2018_2050,Mujer,(10 a 14),3477,0,0.0,True,Guainía
94,2019,DANE_2018_2050,Mujer,(15 a 17),2001,0,0.0,True,Guainía
94,2019,DANE_2018_2050,Mujer,(18 a 19),1138,0,0.0,True,Guainía
94,2019,DANE_2018_2050,Mujer,(20 a 24),2069,0,0.0,True,Guainía
94,2019,DANE_2018_2050,Mujer,(25 a 29),1552,0,0.0,True,Guainía
94,2019,DANE_2018_2050,Mujer,(30 a 34),1283,0,0.0,True,Guainía
94,2019,DANE_2018_2050,Mujer,(35 a 39),1183,0,0.0,True,Guainía
94,2019,DANE_2018_2050,Mujer,(40 a 44),1008,0,0.0,True,Guainía
94,2019,DANE_2018_2050,Mujer,(45 a 49),858,0,0.0,True,Guainía
94,2019,DANE_2018_2050,Mujer,(50 a 54),720,0,0.0,True,Guainía
94,2019,DANE_2018_2050,Mujer,(55 a 59),562,0,0.0,True,Guainía
94,2019,DANE_2018_2050,Mujer,(60 a 64),390,0,0.0,True,Guainía
94,2019,DANE_2018_2050,Mujer,(65 a 69),292,0,0.0,True,Guainía
94,2019,DANE_2018_2050,Mujer,(70 a 74),230,0,0.0,True,Guainía
94,2019,DANE_2018_2050,Mujer,(75 a 79),181,0,0.0,True,Guainía
94,2019,DANE_2018_2050,Mujer,(80 y más),252,0,0.0,True,Guainía
94,2020,DANE_2018_2050,Hombre,(05 a 09),3585,0,0.0,True,Guainía
94,2020,DANE_2018_2050,Hombre,(10 a 14),3858,0,0.0,True,Guainía
94,2020,DANE_2018_2050,Hombre,(15 a 17),2352,0,0.0,True,Guainía
94,2020,DANE_2018_2050,Hombre,(18 a 19),1437,1,69.58942240779402,True,Guainía
94,2020,DANE_2018_2050,Hombre,(20 a 24),2710,0,0.0,True,Guainía
94,2020,DANE_2018_2050,Hombre,(25 a 29),1729,0,0.0,True,Guainía
94,2020,DANE_2018_2050,Hombre,(30 a 34),1348,0,0.0,True,Guainía
94,2020,DANE_2018_2050,Hombre,(35 a 39),1218,0,0.0,True,Guainía
94,2020,DANE_2018_2050,Hombre,(40 a 44),1102,0,0.0,True,Guainía
94,2020,DANE_2018_2050,Hombre,(45 a 49),979,0,0.0,True,Guainía
94,2020,DANE_2018_2050,Hombre,(50 a 54),867,0,0.0,True,Guainía
94,2020,DANE_2018_2050,Hombre,(55 a 59),731,0,0.0,True,Guainía
94,2020,DANE_2018_2050,Hombre,(60 a 64),498,0,0.0,True,Guainía
94,2020,DANE_2018_2050,Hombre,(65 a 69),358,0,0.0,True,Guainía
94,2020,DANE_2018_2050,Hombre,(70 a 74),287,0,0.0,True,Guainía
94,2020,DANE_2018_2050,Hombre,(75 a 79),231,0,0.0,True,Guainía
94,2020,DANE_2018_2050,Hombre,(80 y más),381,0,0.0,True,Guainía
94,2020,DANE_2018_2050,Mujer,(05 a 09),3382,0,0.0,True,Guainía
94,2020,DANE_2018_2050,Mujer,(10 a 14),3501,0,0.0,True,Guainía
94,2020,DANE_2018_2050,Mujer,(15 a 17),2055,0,0.0,True,Guainía
94,2020,DANE_2018_2050,Mujer,(18 a 19),1242,0,0.0,True,Guainía
94,2020,DANE_2018_2050,Mujer,(20 a 24),2239,0,0.0,True,Guainía
94,2020,DANE_2018_2050,Mujer,(25 a 29),1634,0,0.0,True,Guainía
94,2020,DANE_2018_2050,Mujer,(30 a 34),1330,0,0.0,True,Guainía
94,2020,DANE_2018_2050,Mujer,(35 a 39),1227,0,0.0,True,Guainía
94,2020,DANE_2018_2050,Mujer,(40 a 44),1060,0,0.0,True,Guainía
94,2020,DANE_2018_2050,Mujer,(45 a 49),895,0,0.0,True,Guainía
94,2020,DANE_2018_2050,Mujer,(50 a 54),757,0,0.0,True,Guainía
94,2020,DANE_2018_2050,Mujer,(55 a 59),602,0,0.0,True,Guainía
94,2020,DANE_2018_2050,Mujer,(60 a 64),413,0,0.0,True,Guainía
94,2020,DANE_2018_2050,Mujer,(65 a 69),311,0,0.0,True,Guainía
94,2020,DANE_2018_2050,Mujer,(70 a 74),245,0,0.0,True,Guainía
94,2020,DANE_2018_2050,Mujer,(75 a 79),190,0,0.0,True,Guainía
94,2020,DANE_2018_2050,Mujer,(80 y más),254,0,0.0,True,Guainía
94,2021,DANE_2018_2050,Hombre,(05 a 09),3613,0,0.0,True,Guainía
94,2021,DANE_2018_2050,Hombre,(10 a 14),3868,0,0.0,True,Guainía
94,2021,DANE_2018_2050,Hombre,(15 a 17),2367,0,0.0,True,Guainía
94,2021,DANE_2018_2050,Hombre,(18 a 19),1479,0,0.0,True,Guainía
94,2021,DANE_2018_2050,Hombre,(20 a 24),2948,0,0.0,True,Guainía
94,2021,DANE_2018_2050,Hombre,(25 a 29),1837,0,0.0,True,Guainía
94,2021,DANE_2018_2050,Hombre,(30 a 34),1405,0,0.0,True,Guainía
94,2021,DANE_2018_2050,Hombre,(35 a 39),1257,0,0.0,True,Guainía
94,2021,DANE_2018_2050,Hombre,(40 a 44),1155,0,0.0,True,Guainía
94,2021,DANE_2018_2050,Hombre,(45 a 49),1010,0,0.0,True,Guainía
94,2021,DANE_2018_2050,Hombre,(50 a 54),900,0,0.0,True,Guainía
94,2021,DANE_2018_2050,Hombre,(55 a 59),756,0,0.0,True,Guainía
94,2021,DANE_2018_2050,Hombre,(60 a 64),536,0,0.0,True,Guainía
94,2021,DANE_2018_2050,Hombre,(65 a 69),373,1,268.0965147453083,True,Guainía
94,2021,DANE_2018_2050,Hombre,(70 a 74),302,0,0.0,True,Guainía
94,2021,DANE_2018_2050,Hombre,(75 a 79),237,0,0.0,True,Guainía
94,2021,DANE_2018_2050,Hombre,(80 y más),390,0,0.0,True,Guainía
94,2021,DANE_2018_2050,Mujer,(05 a 09),3408,0,0.0,True,Guainía
94,2021,DANE_2018_2050,Mujer,(10 a 14),3507,0,0.0,True,Guainía
94,2021,DANE_2018_2050,Mujer,(15 a 17),2091,1,47.82400765184123,True,Guainía
94,2021,DANE_2018_2050,Mujer,(18 a 19),1300,0,0.0,True,Guainía
94,2021,DANE_2018_2050,Mujer,(20 a 24),2450,0,0.0,True,Guainía
94,2021,DANE_2018_2050,Mujer,(25 a 29),1725,0,0.0,True,Guainía
94,2021,DANE_2018_2050,Mujer,(30 a 34),1398,0,0.0,True,Guainía
94,2021,DANE_2018_2050,Mujer,(35 a 39),1269,0,0.0,True,Guainía
94,2021,DANE_2018_2050,Mujer,(40 a 44),1113,0,0.0,True,Guainía
94,2021,DANE_2018_2050,Mujer,(45 a 49),931,0,0.0,True,Guainía
94,2021,DANE_2018_2050,Mujer,(50 a 54),789,0,0.0,True,Guainía
94,2021,DANE_2018_2050,Mujer,(55 a 59),638,0,0.0,True,Guainía
94,2021,DANE_2018_2050,Mujer,(60 a 64),448,0,0.0,True,Guainía
94,2021,DANE_2018_2050,Mujer,(65 a 69),328,0,0.0,True,Guainía
94,2021,DANE_2018_2050,Mujer,(70 a 74),259,0,0.0,True,Guainía
94,2021,DANE_2018_2050,Mujer,(75 a 79),198,0,0.0,True,Guainía
94,2021,DANE_2018_2050,Mujer,(80 y más),273,0,0.0,True,Guainía
94,2022,DANE_2018_2050,Hombre,(05 a 09),3665,0,0.0,True,Guainía
94,2022,DANE_2018_2050,Hombre,(10 a 14),3864,0,0.0,True,Guainía
94,2022,DANE_2018_2050,Hombre,(15 a 17),2380,0,0.0,True,Guainía
94,2022,DANE_2018_2050,Hombre,(18 a 19),1502,0,0.0,True,Guainía
94,2022,DANE_2018_2050,Hombre,(20 a 24),3162,0,0.0,True,Guainía
94,2022,DANE_2018_2050,Hombre,(25 a 29),1957,0,0.0,True,Guainía
94,2022,DANE_2018_2050,Hombre,(30 a 34),1471,1,67.98096532970767,True,Guainía
94,2022,DANE_2018_2050,Hombre,(35 a 39),1301,0,0.0,True,Guainía
94,2022,DANE_2018_2050,Hombre,(40 a 44),1197,0,0.0,True,Guainía
94,2022,DANE_2018_2050,Hombre,(45 a 49),1048,0,0.0,True,Guainía
94,2022,DANE_2018_2050,Hombre,(50 a 54),930,0,0.0,True,Guainía
94,2022,DANE_2018_2050,Hombre,(55 a 59),779,0,0.0,True,Guainía
94,2022,DANE_2018_2050,Hombre,(60 a 64),570,0,0.0,True,Guainía
94,2022,DANE_2018_2050,Hombre,(65 a 69),390,0,0.0,True,Guainía
94,2022,DANE_2018_2050,Hombre,(70 a 74),312,0,0.0,True,Guainía
94,2022,DANE_2018_2050,Hombre,(75 a 79),244,0,0.0,True,Guainía
94,2022,DANE_2018_2050,Hombre,(80 y más),398,0,0.0,True,Guainía
94,2022,DANE_2018_2050,Mujer,(05 a 09),3432,0,0.0,True,Guainía
94,2022,DANE_2018_2050,Mujer,(10 a 14),3512,0,0.0,True,Guainía
94,2022,DANE_2018_2050,Mujer,(15 a 17),2108,0,0.0,True,Guainía
94,2022,DANE_2018_2050,Mujer,(18 a 19),1333,0,0.0,True,Guainía
94,2022,DANE_2018_2050,Mujer,(20 a 24),2661,0,0.0,True,Guainía
94,2022,DANE_2018_2050,Mujer,(25 a 29),1816,0,0.0,True,Guainía
94,2022,DANE_2018_2050,Mujer,(30 a 34),1475,0,0.0,True,Guainía
94,2022,DANE_2018_2050,Mujer,(35 a 39),1308,0,0.0,True,Guainía
94,2022,DANE_2018_2050,Mujer,(40 a 44),1171,0,0.0,True,Guainía
94,2022,DANE_2018_2050,Mujer,(45 a 49),970,0,0.0,True,Guainía
94,2022,DANE_2018_2050,Mujer,(50 a 54),822,0,0.0,True,Guainía
94,2022,DANE_2018_2050,Mujer,(55 a 59),667,0,0.0,True,Guainía
94,2022,DANE_2018_2050,Mujer,(60 a 64),477,0,0.0,True,Guainía
94,2022,DANE_2018_2050,Mujer,(65 a 69),347,0,0.0,True,Guainía
94,2022,DANE_2018_2050,Mujer,(70 a 74),287,0,0.0,True,Guainía
94,2022,DANE_2018_2050,Mujer,(75 a 79),209,0,0.0,True,Guainía
94,2022,DANE_2018_2050,Mujer,(80 y más),284,0,0.0,True,Guainía
94,2023,DANE_2018_2050,Hombre,(05 a 09),3710,0,0.0,True,Guainía
94,2023,DANE_2018_2050,Hombre,(10 a 14),3856,1,25.933609958506224,True,Guainía
94,2023,DANE_2018_2050,Hombre,(15 a 17),2377,0,0.0,True,Guainía
94,2023,DANE_2018_2050,Hombre,(18 a 19),1509,0,0.0,True,Guainía
94,2023,DANE_2018_2050,Hombre,(20 a 24),3333,0,0.0,True,Guainía
94,2023,DANE_2018_2050,Hombre,(25 a 29),2098,0,0.0,True,Guainía
94,2023,DANE_2018_2050,Hombre,(30 a 34),1538,0,0.0,True,Guainía
94,2023,DANE_2018_2050,Hombre,(35 a 39),1339,0,0.0,True,Guainía
94,2023,DANE_2018_2050,Hombre,(40 a 44),1234,0,0.0,True,Guainía
94,2023,DANE_2018_2050,Hombre,(45 a 49),1081,0,0.0,True,Guainía
94,2023,DANE_2018_2050,Hombre,(50 a 54),965,1,103.62694300518135,True,Guainía
94,2023,DANE_2018_2050,Hombre,(55 a 59),811,0,0.0,True,Guainía
94,2023,DANE_2018_2050,Hombre,(60 a 64),603,0,0.0,True,Guainía
94,2023,DANE_2018_2050,Hombre,(65 a 69),418,0,0.0,True,Guainía
94,2023,DANE_2018_2050,Hombre,(70 a 74),327,0,0.0,True,Guainía
94,2023,DANE_2018_2050,Hombre,(75 a 79),255,0,0.0,True,Guainía
94,2023,DANE_2018_2050,Hombre,(80 y más),421,0,0.0,True,Guainía
94,2023,DANE_2018_2050,Mujer,(05 a 09),3457,0,0.0,True,Guainía
94,2023,DANE_2018_2050,Mujer,(10 a 14),3519,0,0.0,True,Guainía
94,2023,DANE_2018_2050,Mujer,(15 a 17),2111,1,47.37091425864519,True,Guainía
94,2023,DANE_2018_2050,Mujer,(18 a 19),1359,0,0.0,True,Guainía
94,2023,DANE_2018_2050,Mujer,(20 a 24),2851,0,0.0,True,Guainía
94,2023,DANE_2018_2050,Mujer,(25 a 29),1924,0,0.0,True,Guainía
94,2023,DANE_2018_2050,Mujer,(30 a 34),1541,0,0.0,True,Guainía
94,2023,DANE_2018_2050,Mujer,(35 a 39),1352,0,0.0,True,Guainía
94,2023,DANE_2018_2050,Mujer,(40 a 44),1221,0,0.0,True,Guainía
94,2023,DANE_2018_2050,Mujer,(45 a 49),1011,0,0.0,True,Guainía
94,2023,DANE_2018_2050,Mujer,(50 a 54),856,0,0.0,True,Guainía
94,2023,DANE_2018_2050,Mujer,(55 a 59),699,0,0.0,True,Guainía
94,2023,DANE_2018_2050,Mujer,(60 a 64),501,0,0.0,True,Guainía
94,2023,DANE_2018_2050,Mujer,(65 a 69),370,0,0.0,True,Guainía
94,2023,DANE_2018_2050,Mujer,(70 a 74),301,0,0.0,True,Guainía
94,2023,DANE_2018_2050,Mujer,(75 a 79),218,0,0.0,True,Guainía
94,2023,DANE_2018_2050,Mujer,(80 y más),297,0,0.0,True,Guainía
94,2024,DANE_2018_2050,Hombre,(05 a 09),3756,0,0.0,True,Guainía
94,2024,DANE_2018_2050,Hombre,(10 a 14),3859,0,0.0,True,Guainía
94,2024,DANE_2018_2050,Hombre,(15 a 17),2382,0,0.0,True,Guainía
94,2024,DANE_2018_2050,Hombre,(18 a 19),1510,0,0.0,True,Guainía
94,2024,DANE_2018_2050,Hombre,(20 a 24),3440,1,29.069767441860463,True,Guainía
94,2024,DANE_2018_2050,Hombre,(25 a 29),2273,2,87.98944126704797,True,Guainía
94,2024,DANE_2018_2050,Hombre,(30 a 34),1617,0,0.0,True,Guainía
94,2024,DANE_2018_2050,Hombre,(35 a 39),1379,0,0.0,True,Guainía
94,2024,DANE_2018_2050,Hombre,(40 a 44),1268,0,0.0,True,Guainía
94,2024,DANE_2018_2050,Hombre,(45 a 49),1118,0,0.0,True,Guainía
94,2024,DANE_2018_2050,Hombre,(50 a 54),987,0,0.0,True,Guainía
94,2024,DANE_2018_2050,Hombre,(55 a 59),839,0,0.0,True,Guainía
94,2024,DANE_2018_2050,Hombre,(60 a 64),634,0,0.0,True,Guainía
94,2024,DANE_2018_2050,Hombre,(65 a 69),440,1,227.27272727272725,True,Guainía
94,2024,DANE_2018_2050,Hombre,(70 a 74),346,0,0.0,True,Guainía
94,2024,DANE_2018_2050,Hombre,(75 a 79),271,0,0.0,True,Guainía
94,2024,DANE_2018_2050,Hombre,(80 y más),432,0,0.0,True,Guainía
94,2024,DANE_2018_2050,Mujer,(05 a 09),3493,0,0.0,True,Guainía
94,2024,DANE_2018_2050,Mujer,(10 a 14),3526,0,0.0,True,Guainía
94,2024,DANE_2018_2050,Mujer,(15 a 17),2105,1,47.50593824228029,True,Guainía
94,2024,DANE_2018_2050,Mujer,(18 a 19),1373,0,0.0,True,Guainía
94,2024,DANE_2018_2050,Mujer,(20 a 24),3007,0,0.0,True,Guainía
94,2024,DANE_2018_2050,Mujer,(25 a 29),2042,0,0.0,True,Guainía
94,2024,DANE_2018_2050,Mujer,(30 a 34),1619,0,0.0,True,Guainía
94,2024,DANE_2018_2050,Mujer,(35 a 39),1404,0,0.0,True,Guainía
94,2024,DANE_2018_2050,Mujer,(40 a 44),1266,0,0.0,True,Guainía
94,2024,DANE_2018_2050,Mujer,(45 a 49),1062,0,0.0,True,Guainía
94,2024,DANE_2018_2050,Mujer,(50 a 54),896,1,111.60714285714285,True,Guainía
94,2024,DANE_2018_2050,Mujer,(55 a 59),732,0,0.0,True,Guainía
94,2024,DANE_2018_2050,Mujer,(60 a 64),537,0,0.0,True,Guainía
94,2024,DANE_2018_2050,Mujer,(65 a 69),395,0,0.0,True,Guainía
94,2024,DANE_2018_2050,Mujer,(70 a 74),319,0,0.0,True,Guainía
94,2024,DANE_2018_2050,Mujer,(75 a 79),231,0,0.0,True,Guainía
94,2024,DANE_2018_2050,Mujer,(80 y más),309,0,0.0,True,Guainía
95,2015,DANE_2005_2017,Hombre,(05 a 09),4563,0,0.0,True,Guaviare
95,2015,DANE_2005_2017,Hombre,(10 a 14),4609,0,0.0,True,Guaviare
95,2015,DANE_2005_2017,Hombre,(15 a 17),2706,0,0.0,True,Guaviare
95,2015,DANE_2005_2017,Hombre,(18 a 19),1705,2,117.30205278592375,True,Guaviare
95,2015,DANE_2005_2017,Hombre,(20 a 24),3590,0,0.0,True,Guaviare
95,2015,DANE_2005_2017,Hombre,(25 a 29),2940,0,0.0,True,Guaviare
95,2015,DANE_2005_2017,Hombre,(30 a 34),2721,0,0.0,True,Guaviare
95,2015,DANE_2005_2017,Hombre,(35 a 39),2622,0,0.0,True,Guaviare
95,2015,DANE_2005_2017,Hombre,(40 a 44),2462,0,0.0,True,Guaviare
95,2015,DANE_2005_2017,Hombre,(45 a 49),2307,1,43.346337234503686,True,Guaviare
95,2015,DANE_2005_2017,Hombre,(50 a 54),2068,0,0.0,True,Guaviare
95,2015,DANE_2005_2017,Hombre,(55 a 59),1631,1,61.31207847946045,True,Guaviare
95,2015,DANE_2005_2017,Hombre,(60 a 64),1208,0,0.0,True,Guaviare
95,2015,DANE_2005_2017,Hombre,(65 a 69),860,0,0.0,True,Guaviare
95,2015,DANE_2005_2017,Hombre,(70 a 74),561,0,0.0,True,Guaviare
95,2015,DANE_2005_2017,Hombre,(75 a 79),336,0,0.0,True,Guaviare
95,2015,DANE_2005_2017,Hombre,(80 y más),395,0,0.0,True,Guaviare
95,2015,DANE_2005_2017,Mujer,(05 a 09),4239,0,0.0,True,Guaviare
95,2015,DANE_2005_2017,Mujer,(10 a 14),4027,0,0.0,True,Guaviare
95,2015,DANE_2005_2017,Mujer,(15 a 17),2204,0,0.0,True,Guaviare
95,2015,DANE_2005_2017,Mujer,(18 a 19),1319,0,0.0,True,Guaviare
95,2015,DANE_2005_2017,Mujer,(20 a 24),2792,0,0.0,True,Guaviare
95,2015,DANE_2005_2017,Mujer,(25 a 29),2554,0,0.0,True,Guaviare
95,2015,DANE_2005_2017,Mujer,(30 a 34),2502,0,0.0,True,Guaviare
95,2015,DANE_2005_2017,Mujer,(35 a 39),2443,0,0.0,True,Guaviare
95,2015,DANE_2005_2017,Mujer,(40 a 44),2193,0,0.0,True,Guaviare
95,2015,DANE_2005_2017,Mujer,(45 a 49),1908,0,0.0,True,Guaviare
95,2015,DANE_2005_2017,Mujer,(50 a 54),1613,0,0.0,True,Guaviare
95,2015,DANE_2005_2017,Mujer,(55 a 59),1212,0,0.0,True,Guaviare
95,2015,DANE_2005_2017,Mujer,(60 a 64),837,0,0.0,True,Guaviare
95,2015,DANE_2005_2017,Mujer,(65 a 69),575,0,0.0,True,Guaviare
95,2015,DANE_2005_2017,Mujer,(70 a 74),332,0,0.0,True,Guaviare
95,2015,DANE_2005_2017,Mujer,(75 a 79),198,0,0.0,True,Guaviare
95,2015,DANE_2005_2017,Mujer,(80 y más),182,0,0.0,True,Guaviare
95,2016,DANE_2005_2017,Hombre,(05 a 09),4520,0,0.0,True,Guaviare
95,2016,DANE_2005_2017,Hombre,(10 a 14),4591,1,21.78174689610107,True,Guaviare
95,2016,DANE_2005_2017,Hombre,(15 a 17),2743,0,0.0,True,Guaviare
95,2016,DANE_2005_2017,Hombre,(18 a 19),1744,0,0.0,True,Guaviare
95,2016,DANE_2005_2017,Hombre,(20 a 24),3789,0,0.0,True,Guaviare
95,2016,DANE_2005_2017,Hombre,(25 a 29),2986,0,0.0,True,Guaviare
95,2016,DANE_2005_2017,Hombre,(30 a 34),2795,1,35.77817531305903,True,Guaviare
95,2016,DANE_2005_2017,Hombre,(35 a 39),2593,2,77.13073659853451,True,Guaviare
95,2016,DANE_2005_2017,Hombre,(40 a 44),2491,0,0.0,True,Guaviare
95,2016,DANE_2005_2017,Hombre,(45 a 49),2300,0,0.0,True,Guaviare
95,2016,DANE_2005_2017,Hombre,(50 a 54),2118,0,0.0,True,Guaviare
95,2016,DANE_2005_2017,Hombre,(55 a 59),1719,0,0.0,True,Guaviare
95,2016,DANE_2005_2017,Hombre,(60 a 64),1259,0,0.0,True,Guaviare
95,2016,DANE_2005_2017,Hombre,(65 a 69),892,0,0.0,True,Guaviare
95,2016,DANE_2005_2017,Hombre,(70 a 74),592,0,0.0,True,Guaviare
95,2016,DANE_2005_2017,Hombre,(75 a 79),357,0,0.0,True,Guaviare
95,2016,DANE_2005_2017,Hombre,(80 y más),432,0,0.0,True,Guaviare
95,2016,DANE_2005_2017,Mujer,(05 a 09),4253,0,0.0,True,Guaviare
95,2016,DANE_2005_2017,Mujer,(10 a 14),4076,0,0.0,True,Guaviare
95,2016,DANE_2005_2017,Mujer,(15 a 17),2242,0,0.0,True,Guaviare
95,2016,DANE_2005_2017,Mujer,(18 a 19),1376,1,72.67441860465117,True,Guaviare
95,2016,DANE_2005_2017,Mujer,(20 a 24),2926,0,0.0,True,Guaviare
95,2016,DANE_2005_2017,Mujer,(25 a 29),2599,1,38.47633705271259,True,Guaviare
95,2016,DANE_2005_2017,Mujer,(30 a 34),2550,0,0.0,True,Guaviare
95,2016,DANE_2005_2017,Mujer,(35 a 39),2444,0,0.0,True,Guaviare
95,2016,DANE_2005_2017,Mujer,(40 a 44),2284,0,0.0,True,Guaviare
95,2016,DANE_2005_2017,Mujer,(45 a 49),1945,0,0.0,True,Guaviare
95,2016,DANE_2005_2017,Mujer,(50 a 54),1681,0,0.0,True,Guaviare
95,2016,DANE_2005_2017,Mujer,(55 a 59),1280,0,0.0,True,Guaviare
95,2016,DANE_2005_2017,Mujer,(60 a 64),893,0,0.0,True,Guaviare
95,2016,DANE_2005_2017,Mujer,(65 a 69),604,0,0.0,True,Guaviare
95,2016,DANE_2005_2017,Mujer,(70 a 74),381,0,0.0,True,Guaviare
95,2016,DANE_2005_2017,Mujer,(75 a 79),210,0,0.0,True,Guaviare
95,2016,DANE_2005_2017,Mujer,(80 y más),197,0,0.0,True,Guaviare
95,2017,DANE_2005_2017,Hombre,(05 a 09),4505,0,0.0,True,Guaviare
95,2017,DANE_2005_2017,Hombre,(10 a 14),4574,0,0.0,True,Guaviare
95,2017,DANE_2005_2017,Hombre,(15 a 17),2767,0,0.0,True,Guaviare
95,2017,DANE_2005_2017,Hombre,(18 a 19),1787,0,0.0,True,Guaviare
95,2017,DANE_2005_2017,Hombre,(20 a 24),3993,0,0.0,True,Guaviare
95,2017,DANE_2005_2017,Hombre,(25 a 29),3070,0,0.0,True,Guaviare
95,2017,DANE_2005_2017,Hombre,(30 a 34),2845,0,0.0,True,Guaviare
95,2017,DANE_2005_2017,Hombre,(35 a 39),2596,1,38.52080123266564,True,Guaviare
95,2017,DANE_2005_2017,Hombre,(40 a 44),2543,0,0.0,True,Guaviare
95,2017,DANE_2005_2017,Hombre,(45 a 49),2306,1,43.365134431916736,True,Guaviare
95,2017,DANE_2005_2017,Hombre,(50 a 54),2166,0,0.0,True,Guaviare
95,2017,DANE_2005_2017,Hombre,(55 a 59),1802,0,0.0,True,Guaviare
95,2017,DANE_2005_2017,Hombre,(60 a 64),1302,0,0.0,True,Guaviare
95,2017,DANE_2005_2017,Hombre,(65 a 69),936,0,0.0,True,Guaviare
95,2017,DANE_2005_2017,Hombre,(70 a 74),624,0,0.0,True,Guaviare
95,2017,DANE_2005_2017,Hombre,(75 a 79),385,0,0.0,True,Guaviare
95,2017,DANE_2005_2017,Hombre,(80 y más),458,0,0.0,True,Guaviare
95,2017,DANE_2005_2017,Mujer,(05 a 09),4287,0,0.0,True,Guaviare
95,2017,DANE_2005_2017,Mujer,(10 a 14),4130,0,0.0,True,Guaviare
95,2017,DANE_2005_2017,Mujer,(15 a 17),2303,0,0.0,True,Guaviare
95,2017,DANE_2005_2017,Mujer,(18 a 19),1424,0,0.0,True,Guaviare
95,2017,DANE_2005_2017,Mujer,(20 a 24),3084,0,0.0,True,Guaviare
95,2017,DANE_2005_2017,Mujer,(25 a 29),2638,1,37.90750568612585,True,Guaviare
95,2017,DANE_2005_2017,Mujer,(30 a 34),2627,0,0.0,True,Guaviare
95,2017,DANE_2005_2017,Mujer,(35 a 39),2444,0,0.0,True,Guaviare
95,2017,DANE_2005_2017,Mujer,(40 a 44),2357,0,0.0,True,Guaviare
95,2017,DANE_2005_2017,Mujer,(45 a 49),2005,0,0.0,True,Guaviare
95,2017,DANE_2005_2017,Mujer,(50 a 54),1750,0,0.0,True,Guaviare
95,2017,DANE_2005_2017,Mujer,(55 a 59),1362,0,0.0,True,Guaviare
95,2017,DANE_2005_2017,Mujer,(60 a 64),949,0,0.0,True,Guaviare
95,2017,DANE_2005_2017,Mujer,(65 a 69),647,0,0.0,True,Guaviare
95,2017,DANE_2005_2017,Mujer,(70 a 74),418,0,0.0,True,Guaviare
95,2017,DANE_2005_2017,Mujer,(75 a 79),232,0,0.0,True,Guaviare
95,2017,DANE_2005_2017,Mujer,(80 y más),208,0,0.0,True,Guaviare
95,2018,DANE_2018_2050,Hombre,(05 a 09),4714,0,0.0,True,Guaviare
95,2018,DANE_2018_2050,Hombre,(10 a 14),5032,0,0.0,True,Guaviare
95,2018,DANE_2018_2050,Hombre,(15 a 17),3093,0,0.0,True,Guaviare
95,2018,DANE_2018_2050,Hombre,(18 a 19),2079,1,48.1000481000481,True,Guaviare
95,2018,DANE_2018_2050,Hombre,(20 a 24),3933,0,0.0,True,Guaviare
95,2018,DANE_2018_2050,Hombre,(25 a 29),2971,0,0.0,True,Guaviare
95,2018,DANE_2018_2050,Hombre,(30 a 34),2643,0,0.0,True,Guaviare
95,2018,DANE_2018_2050,Hombre,(35 a 39),2533,1,39.478878799842086,True,Guaviare
95,2018,DANE_2018_2050,Hombre,(40 a 44),2385,0,0.0,True,Guaviare
95,2018,DANE_2018_2050,Hombre,(45 a 49),2298,0,0.0,True,Guaviare
95,2018,DANE_2018_2050,Hombre,(50 a 54),2134,0,0.0,True,Guaviare
95,2018,DANE_2018_2050,Hombre,(55 a 59),1844,0,0.0,True,Guaviare
95,2018,DANE_2018_2050,Hombre,(60 a 64),1342,0,0.0,True,Guaviare
95,2018,DANE_2018_2050,Hombre,(65 a 69),989,0,0.0,True,Guaviare
95,2018,DANE_2018_2050,Hombre,(70 a 74),677,1,147.7104874446086,True,Guaviare
95,2018,DANE_2018_2050,Hombre,(75 a 79),463,0,0.0,True,Guaviare
95,2018,DANE_2018_2050,Hombre,(80 y más),451,0,0.0,True,Guaviare
95,2018,DANE_2018_2050,Mujer,(05 a 09),4491,0,0.0,True,Guaviare
95,2018,DANE_2018_2050,Mujer,(10 a 14),4701,0,0.0,True,Guaviare
95,2018,DANE_2018_2050,Mujer,(15 a 17),2733,0,0.0,True,Guaviare
95,2018,DANE_2018_2050,Mujer,(18 a 19),1545,0,0.0,True,Guaviare
95,2018,DANE_2018_2050,Mujer,(20 a 24),3141,0,0.0,True,Guaviare
95,2018,DANE_2018_2050,Mujer,(25 a 29),2676,0,0.0,True,Guaviare
95,2018,DANE_2018_2050,Mujer,(30 a 34),2465,0,0.0,True,Guaviare
95,2018,DANE_2018_2050,Mujer,(35 a 39),2412,0,0.0,True,Guaviare
95,2018,DANE_2018_2050,Mujer,(40 a 44),2201,1,45.433893684688776,True,Guaviare
95,2018,DANE_2018_2050,Mujer,(45 a 49),1983,0,0.0,True,Guaviare
95,2018,DANE_2018_2050,Mujer,(50 a 54),1713,0,0.0,True,Guaviare
95,2018,DANE_2018_2050,Mujer,(55 a 59),1372,0,0.0,True,Guaviare
95,2018,DANE_2018_2050,Mujer,(60 a 64),989,0,0.0,True,Guaviare
95,2018,DANE_2018_2050,Mujer,(65 a 69),702,0,0.0,True,Guaviare
95,2018,DANE_2018_2050,Mujer,(70 a 74),456,0,0.0,True,Guaviare
95,2018,DANE_2018_2050,Mujer,(75 a 79),289,0,0.0,True,Guaviare
95,2018,DANE_2018_2050,Mujer,(80 y más),256,0,0.0,True,Guaviare
95,2019,DANE_2018_2050,Hombre,(05 a 09),4589,0,0.0,True,Guaviare
95,2019,DANE_2018_2050,Hombre,(10 a 14),4892,0,0.0,True,Guaviare
95,2019,DANE_2018_2050,Hombre,(15 a 17),3061,0,0.0,True,Guaviare
95,2019,DANE_2018_2050,Hombre,(18 a 19),2144,1,46.64179104477612,True,Guaviare
95,2019,DANE_2018_2050,Hombre,(20 a 24),4138,1,24.16626389560174,True,Guaviare
95,2019,DANE_2018_2050,Hombre,(25 a 29),3035,0,0.0,True,Guaviare
95,2019,DANE_2018_2050,Hombre,(30 a 34),2652,0,0.0,True,Guaviare
95,2019,DANE_2018_2050,Hombre,(35 a 39),2531,0,0.0,True,Guaviare
95,2019,DANE_2018_2050,Hombre,(40 a 44),2406,0,0.0,True,Guaviare
95,2019,DANE_2018_2050,Hombre,(45 a 49),2312,1,43.25259515570934,True,Guaviare
95,2019,DANE_2018_2050,Hombre,(50 a 54),2152,0,0.0,True,Guaviare
95,2019,DANE_2018_2050,Hombre,(55 a 59),1887,0,0.0,True,Guaviare
95,2019,DANE_2018_2050,Hombre,(60 a 64),1387,1,72.09805335255948,True,Guaviare
95,2019,DANE_2018_2050,Hombre,(65 a 69),1004,0,0.0,True,Guaviare
95,2019,DANE_2018_2050,Hombre,(70 a 74),695,0,0.0,True,Guaviare
95,2019,DANE_2018_2050,Hombre,(75 a 79),459,0,0.0,True,Guaviare
95,2019,DANE_2018_2050,Hombre,(80 y más),460,0,0.0,True,Guaviare
95,2019,DANE_2018_2050,Mujer,(05 a 09),4375,0,0.0,True,Guaviare
95,2019,DANE_2018_2050,Mujer,(10 a 14),4571,0,0.0,True,Guaviare
95,2019,DANE_2018_2050,Mujer,(15 a 17),2750,0,0.0,True,Guaviare
95,2019,DANE_2018_2050,Mujer,(18 a 19),1655,0,0.0,True,Guaviare
95,2019,DANE_2018_2050,Mujer,(20 a 24),3264,0,0.0,True,Guaviare
95,2019,DANE_2018_2050,Mujer,(25 a 29),2734,0,0.0,True,Guaviare
95,2019,DANE_2018_2050,Mujer,(30 a 34),2474,0,0.0,True,Guaviare
95,2019,DANE_2018_2050,Mujer,(35 a 39),2435,0,0.0,True,Guaviare
95,2019,DANE_2018_2050,Mujer,(40 a 44),2239,0,0.0,True,Guaviare
95,2019,DANE_2018_2050,Mujer,(45 a 49),1995,0,0.0,True,Guaviare
95,2019,DANE_2018_2050,Mujer,(50 a 54),1735,0,0.0,True,Guaviare
95,2019,DANE_2018_2050,Mujer,(55 a 59),1415,0,0.0,True,Guaviare
95,2019,DANE_2018_2050,Mujer,(60 a 64),1027,0,0.0,True,Guaviare
95,2019,DANE_2018_2050,Mujer,(65 a 69),722,0,0.0,True,Guaviare
95,2019,DANE_2018_2050,Mujer,(70 a 74),470,0,0.0,True,Guaviare
95,2019,DANE_2018_2050,Mujer,(75 a 79),292,0,0.0,True,Guaviare
95,2019,DANE_2018_2050,Mujer,(80 y más),264,0,0.0,True,Guaviare
95,2020,DANE_2018_2050,Hombre,(05 a 09),4465,0,0.0,True,Guaviare
95,2020,DANE_2018_2050,Hombre,(10 a 14),4747,0,0.0,True,Guaviare
95,2020,DANE_2018_2050,Hombre,(15 a 17),2997,0,0.0,True,Guaviare
95,2020,DANE_2018_2050,Hombre,(18 a 19),2165,0,0.0,True,Guaviare
95,2020,DANE_2018_2050,Hombre,(20 a 24),4367,0,0.0,True,Guaviare
95,2020,DANE_2018_2050,Hombre,(25 a 29),3113,1,32.123353678124,True,Guaviare
95,2020,DANE_2018_2050,Hombre,(30 a 34),2678,0,0.0,True,Guaviare
95,2020,DANE_2018_2050,Hombre,(35 a 39),2533,0,0.0,True,Guaviare
95,2020,DANE_2018_2050,Hombre,(40 a 44),2436,0,0.0,True,Guaviare
95,2020,DANE_2018_2050,Hombre,(45 a 49),2317,0,0.0,True,Guaviare
95,2020,DANE_2018_2050,Hombre,(50 a 54),2176,0,0.0,True,Guaviare
95,2020,DANE_2018_2050,Hombre,(55 a 59),1925,0,0.0,True,Guaviare
95,2020,DANE_2018_2050,Hombre,(60 a 64),1429,0,0.0,True,Guaviare
95,2020,DANE_2018_2050,Hombre,(65 a 69),1025,0,0.0,True,Guaviare
95,2020,DANE_2018_2050,Hombre,(70 a 74),712,0,0.0,True,Guaviare
95,2020,DANE_2018_2050,Hombre,(75 a 79),456,0,0.0,True,Guaviare
95,2020,DANE_2018_2050,Hombre,(80 y más),467,0,0.0,True,Guaviare
95,2020,DANE_2018_2050,Mujer,(05 a 09),4272,0,0.0,True,Guaviare
95,2020,DANE_2018_2050,Mujer,(10 a 14),4441,0,0.0,True,Guaviare
95,2020,DANE_2018_2050,Mujer,(15 a 17),2730,0,0.0,True,Guaviare
95,2020,DANE_2018_2050,Mujer,(18 a 19),1749,0,0.0,True,Guaviare
95,2020,DANE_2018_2050,Mujer,(20 a 24),3423,1,29.214139643587494,True,Guaviare
95,2020,DANE_2018_2050,Mujer,(25 a 29),2804,0,0.0,True,Guaviare
95,2020,DANE_2018_2050,Mujer,(30 a 34),2499,0,0.0,True,Guaviare
95,2020,DANE_2018_2050,Mujer,(35 a 39),2451,0,0.0,True,Guaviare
95,2020,DANE_2018_2050,Mujer,(40 a 44),2284,0,0.0,True,Guaviare
95,2020,DANE_2018_2050,Mujer,(45 a 49),2022,0,0.0,True,Guaviare
95,2020,DANE_2018_2050,Mujer,(50 a 54),1766,0,0.0,True,Guaviare
95,2020,DANE_2018_2050,Mujer,(55 a 59),1456,1,68.68131868131869,True,Guaviare
95,2020,DANE_2018_2050,Mujer,(60 a 64),1061,0,0.0,True,Guaviare
95,2020,DANE_2018_2050,Mujer,(65 a 69),739,0,0.0,True,Guaviare
95,2020,DANE_2018_2050,Mujer,(70 a 74),492,0,0.0,True,Guaviare
95,2020,DANE_2018_2050,Mujer,(75 a 79),299,0,0.0,True,Guaviare
95,2020,DANE_2018_2050,Mujer,(80 y más),265,0,0.0,True,Guaviare
95,2021,DANE_2018_2050,Hombre,(05 a 09),4368,0,0.0,True,Guaviare
95,2021,DANE_2018_2050,Hombre,(10 a 14),4621,0,0.0,True,Guaviare
95,2021,DANE_2018_2050,Hombre,(15 a 17),2922,0,0.0,True,Guaviare
95,2021,DANE_2018_2050,Hombre,(18 a 19),2161,0,0.0,True,Guaviare
95,2021,DANE_2018_2050,Hombre,(20 a 24),4571,0,0.0,True,Guaviare
95,2021,DANE_2018_2050,Hombre,(25 a 29),3201,0,0.0,True,Guaviare
95,2021,DANE_2018_2050,Hombre,(30 a 34),2703,0,0.0,True,Guaviare
95,2021,DANE_2018_2050,Hombre,(35 a 39),2529,0,0.0,True,Guaviare
95,2021,DANE_2018_2050,Hombre,(40 a 44),2463,1,40.600893219650835,True,Guaviare
95,2021,DANE_2018_2050,Hombre,(45 a 49),2319,0,0.0,True,Guaviare
95,2021,DANE_2018_2050,Hombre,(50 a 54),2193,1,45.59963520291838,True,Guaviare
95,2021,DANE_2018_2050,Hombre,(55 a 59),1941,0,0.0,True,Guaviare
95,2021,DANE_2018_2050,Hombre,(60 a 64),1482,0,0.0,True,Guaviare
95,2021,DANE_2018_2050,Hombre,(65 a 69),1036,1,96.52509652509653,True,Guaviare
95,2021,DANE_2018_2050,Hombre,(70 a 74),728,0,0.0,True,Guaviare
95,2021,DANE_2018_2050,Hombre,(75 a 79),457,0,0.0,True,Guaviare
95,2021,DANE_2018_2050,Hombre,(80 y más),454,0,0.0,True,Guaviare
95,2021,DANE_2018_2050,Mujer,(05 a 09),4183,0,0.0,True,Guaviare
95,2021,DANE_2018_2050,Mujer,(10 a 14),4312,0,0.0,True,Guaviare
95,2021,DANE_2018_2050,Mujer,(15 a 17),2690,0,0.0,True,Guaviare
95,2021,DANE_2018_2050,Mujer,(18 a 19),1774,0,0.0,True,Guaviare
95,2021,DANE_2018_2050,Mujer,(20 a 24),3620,0,0.0,True,Guaviare
95,2021,DANE_2018_2050,Mujer,(25 a 29),2862,0,0.0,True,Guaviare
95,2021,DANE_2018_2050,Mujer,(30 a 34),2532,0,0.0,True,Guaviare
95,2021,DANE_2018_2050,Mujer,(35 a 39),2455,0,0.0,True,Guaviare
95,2021,DANE_2018_2050,Mujer,(40 a 44),2323,0,0.0,True,Guaviare
95,2021,DANE_2018_2050,Mujer,(45 a 49),2038,0,0.0,True,Guaviare
95,2021,DANE_2018_2050,Mujer,(50 a 54),1786,0,0.0,True,Guaviare
95,2021,DANE_2018_2050,Mujer,(55 a 59),1488,0,0.0,True,Guaviare
95,2021,DANE_2018_2050,Mujer,(60 a 64),1103,0,0.0,True,Guaviare
95,2021,DANE_2018_2050,Mujer,(65 a 69),764,0,0.0,True,Guaviare
95,2021,DANE_2018_2050,Mujer,(70 a 74),505,0,0.0,True,Guaviare
95,2021,DANE_2018_2050,Mujer,(75 a 79),301,0,0.0,True,Guaviare
95,2021,DANE_2018_2050,Mujer,(80 y más),276,0,0.0,True,Guaviare
95,2022,DANE_2018_2050,Hombre,(05 a 09),4292,0,0.0,True,Guaviare
95,2022,DANE_2018_2050,Hombre,(10 a 14),4481,0,0.0,True,Guaviare
95,2022,DANE_2018_2050,Hombre,(15 a 17),2845,1,35.149384885764505,True,Guaviare
95,2022,DANE_2018_2050,Hombre,(18 a 19),2125,2,94.11764705882354,True,Guaviare
95,2022,DANE_2018_2050,Hombre,(20 a 24),4749,1,21.05706464518846,True,Guaviare
95,2022,DANE_2018_2050,Hombre,(25 a 29),3296,1,30.339805825242717,True,Guaviare
95,2022,DANE_2018_2050,Hombre,(30 a 34),2736,0,0.0,True,Guaviare
95,2022,DANE_2018_2050,Hombre,(35 a 39),2526,0,0.0,True,Guaviare
95,2022,DANE_2018_2050,Hombre,(40 a 44),2483,0,0.0,True,Guaviare
95,2022,DANE_2018_2050,Hombre,(45 a 49),2323,0,0.0,True,Guaviare
95,2022,DANE_2018_2050,Hombre,(50 a 54),2204,0,0.0,True,Guaviare
95,2022,DANE_2018_2050,Hombre,(55 a 59),1953,2,102.40655401945725,True,Guaviare
95,2022,DANE_2018_2050,Hombre,(60 a 64),1529,1,65.40222367560497,True,Guaviare
95,2022,DANE_2018_2050,Hombre,(65 a 69),1052,0,0.0,True,Guaviare
95,2022,DANE_2018_2050,Hombre,(70 a 74),730,0,0.0,True,Guaviare
95,2022,DANE_2018_2050,Hombre,(75 a 79),458,0,0.0,True,Guaviare
95,2022,DANE_2018_2050,Hombre,(80 y más),458,0,0.0,True,Guaviare
95,2022,DANE_2018_2050,Mujer,(05 a 09),4092,0,0.0,True,Guaviare
95,2022,DANE_2018_2050,Mujer,(10 a 14),4189,0,0.0,True,Guaviare
95,2022,DANE_2018_2050,Mujer,(15 a 17),2631,1,38.00836183960471,True,Guaviare
95,2022,DANE_2018_2050,Mujer,(18 a 19),1761,0,0.0,True,Guaviare
95,2022,DANE_2018_2050,Mujer,(20 a 24),3811,1,26.239832065074783,True,Guaviare
95,2022,DANE_2018_2050,Mujer,(25 a 29),2926,0,0.0,True,Guaviare
95,2022,DANE_2018_2050,Mujer,(30 a 34),2570,0,0.0,True,Guaviare
95,2022,DANE_2018_2050,Mujer,(35 a 39),2461,0,0.0,True,Guaviare
95,2022,DANE_2018_2050,Mujer,(40 a 44),2362,0,0.0,True,Guaviare
95,2022,DANE_2018_2050,Mujer,(45 a 49),2064,0,0.0,True,Guaviare
95,2022,DANE_2018_2050,Mujer,(50 a 54),1817,1,55.0357732526142,True,Guaviare
95,2022,DANE_2018_2050,Mujer,(55 a 59),1519,0,0.0,True,Guaviare
95,2022,DANE_2018_2050,Mujer,(60 a 64),1135,0,0.0,True,Guaviare
95,2022,DANE_2018_2050,Mujer,(65 a 69),778,0,0.0,True,Guaviare
95,2022,DANE_2018_2050,Mujer,(70 a 74),524,0,0.0,True,Guaviare
95,2022,DANE_2018_2050,Mujer,(75 a 79),305,0,0.0,True,Guaviare
95,2022,DANE_2018_2050,Mujer,(80 y más),274,0,0.0,True,Guaviare
95,2023,DANE_2018_2050,Hombre,(05 a 09),4222,0,0.0,True,Guaviare
95,2023,DANE_2018_2050,Hombre,(10 a 14),4357,0,0.0,True,Guaviare
95,2023,DANE_2018_2050,Hombre,(15 a 17),2768,0,0.0,True,Guaviare
95,2023,DANE_2018_2050,Hombre,(18 a 19),2082,1,48.03073967339097,True,Guaviare
95,2023,DANE_2018_2050,Hombre,(20 a 24),4851,1,20.614306328592043,True,Guaviare
95,2023,DANE_2018_2050,Hombre,(25 a 29),3424,0,0.0,True,Guaviare
95,2023,DANE_2018_2050,Hombre,(30 a 34),2778,0,0.0,True,Guaviare
95,2023,DANE_2018_2050,Hombre,(35 a 39),2533,0,0.0,True,Guaviare
95,2023,DANE_2018_2050,Hombre,(40 a 44),2495,0,0.0,True,Guaviare
95,2023,DANE_2018_2050,Hombre,(45 a 49),2340,0,0.0,True,Guaviare
95,2023,DANE_2018_2050,Hombre,(50 a 54),2217,0,0.0,True,Guaviare
95,2023,DANE_2018_2050,Hombre,(55 a 59),1963,0,0.0,True,Guaviare
95,2023,DANE_2018_2050,Hombre,(60 a 64),1576,2,126.90355329949237,True,Guaviare
95,2023,DANE_2018_2050,Hombre,(65 a 69),1079,0,0.0,True,Guaviare
95,2023,DANE_2018_2050,Hombre,(70 a 74),748,0,0.0,True,Guaviare
95,2023,DANE_2018_2050,Hombre,(75 a 79),466,0,0.0,True,Guaviare
95,2023,DANE_2018_2050,Hombre,(80 y más),466,0,0.0,True,Guaviare
95,2023,DANE_2018_2050,Mujer,(05 a 09),3994,0,0.0,True,Guaviare
95,2023,DANE_2018_2050,Mujer,(10 a 14),4080,1,24.509803921568626,True,Guaviare
95,2023,DANE_2018_2050,Mujer,(15 a 17),2562,1,39.032006245120996,True,Guaviare
95,2023,DANE_2018_2050,Mujer,(18 a 19),1739,1,57.50431282346176,True,Guaviare
95,2023,DANE_2018_2050,Mujer,(20 a 24),3963,0,0.0,True,Guaviare
95,2023,DANE_2018_2050,Mujer,(25 a 29),2998,0,0.0,True,Guaviare
95,2023,DANE_2018_2050,Mujer,(30 a 34),2622,0,0.0,True,Guaviare
95,2023,DANE_2018_2050,Mujer,(35 a 39),2460,1,40.65040650406504,True,Guaviare
95,2023,DANE_2018_2050,Mujer,(40 a 44),2388,0,0.0,True,Guaviare
95,2023,DANE_2018_2050,Mujer,(45 a 49),2090,0,0.0,True,Guaviare
95,2023,DANE_2018_2050,Mujer,(50 a 54),1831,0,0.0,True,Guaviare
95,2023,DANE_2018_2050,Mujer,(55 a 59),1545,0,0.0,True,Guaviare
95,2023,DANE_2018_2050,Mujer,(60 a 64),1176,0,0.0,True,Guaviare
95,2023,DANE_2018_2050,Mujer,(65 a 69),808,0,0.0,True,Guaviare
95,2023,DANE_2018_2050,Mujer,(70 a 74),545,0,0.0,True,Guaviare
95,2023,DANE_2018_2050,Mujer,(75 a 79),315,0,0.0,True,Guaviare
95,2023,DANE_2018_2050,Mujer,(80 y más),264,0,0.0,True,Guaviare
95,2024,DANE_2018_2050,Hombre,(05 a 09),4162,0,0.0,True,Guaviare
95,2024,DANE_2018_2050,Hombre,(10 a 14),4234,0,0.0,True,Guaviare
95,2024,DANE_2018_2050,Hombre,(15 a 17),2697,1,37.07823507601038,True,Guaviare
95,2024,DANE_2018_2050,Hombre,(18 a 19),2034,0,0.0,True,Guaviare
95,2024,DANE_2018_2050,Hombre,(20 a 24),4877,0,0.0,True,Guaviare
95,2024,DANE_2018_2050,Hombre,(25 a 29),3592,1,27.839643652561247,True,Guaviare
95,2024,DANE_2018_2050,Hombre,(30 a 34),2840,1,35.21126760563381,True,Guaviare
95,2024,DANE_2018_2050,Hombre,(35 a 39),2539,2,78.77116975187081,True,Guaviare
95,2024,DANE_2018_2050,Hombre,(40 a 44),2492,0,0.0,True,Guaviare
95,2024,DANE_2018_2050,Hombre,(45 a 49),2359,0,0.0,True,Guaviare
95,2024,DANE_2018_2050,Hombre,(50 a 54),2220,0,0.0,True,Guaviare
95,2024,DANE_2018_2050,Hombre,(55 a 59),1978,0,0.0,True,Guaviare
95,2024,DANE_2018_2050,Hombre,(60 a 64),1618,0,0.0,True,Guaviare
95,2024,DANE_2018_2050,Hombre,(65 a 69),1116,0,0.0,True,Guaviare
95,2024,DANE_2018_2050,Hombre,(70 a 74),755,0,0.0,True,Guaviare
95,2024,DANE_2018_2050,Hombre,(75 a 79),477,0,0.0,True,Guaviare
95,2024,DANE_2018_2050,Hombre,(80 y más),460,0,0.0,True,Guaviare
95,2024,DANE_2018_2050,Mujer,(05 a 09),3923,0,0.0,True,Guaviare
95,2024,DANE_2018_2050,Mujer,(10 a 14),3985,0,0.0,True,Guaviare
95,2024,DANE_2018_2050,Mujer,(15 a 17),2488,0,0.0,True,Guaviare
95,2024,DANE_2018_2050,Mujer,(18 a 19),1713,0,0.0,True,Guaviare
95,2024,DANE_2018_2050,Mujer,(20 a 24),4072,1,24.55795677799607,True,Guaviare
95,2024,DANE_2018_2050,Mujer,(25 a 29),3097,0,0.0,True,Guaviare
95,2024,DANE_2018_2050,Mujer,(30 a 34),2669,0,0.0,True,Guaviare
95,2024,DANE_2018_2050,Mujer,(35 a 39),2465,0,0.0,True,Guaviare
95,2024,DANE_2018_2050,Mujer,(40 a 44),2423,0,0.0,True,Guaviare
95,2024,DANE_2018_2050,Mujer,(45 a 49),2124,0,0.0,True,Guaviare
95,2024,DANE_2018_2050,Mujer,(50 a 54),1847,1,54.141851651326476,True,Guaviare
95,2024,DANE_2018_2050,Mujer,(55 a 59),1565,0,0.0,True,Guaviare
95,2024,DANE_2018_2050,Mujer,(60 a 64),1218,0,0.0,True,Guaviare
95,2024,DANE_2018_2050,Mujer,(65 a 69),842,1,118.76484560570071,True,Guaviare
95,2024,DANE_2018_2050,Mujer,(70 a 74),563,0,0.0,True,Guaviare
95,2024,DANE_2018_2050,Mujer,(75 a 79),324,0,0.0,True,Guaviare
95,2024,DANE_2018_2050,Mujer,(80 y más),279,0,0.0,True,Guaviare
97,2015,DANE_2005_2017,Hombre,(05 a 09),3344,0,0.0,True,Vaupés
97,2015,DANE_2005_2017,Hombre,(10 a 14),3126,0,0.0,True,Vaupés
97,2015,DANE_2005_2017,Hombre,(15 a 17),1456,0,0.0,True,Vaupés
97,2015,DANE_2005_2017,Hombre,(18 a 19),713,0,0.0,True,Vaupés
97,2015,DANE_2005_2017,Hombre,(20 a 24),1371,0,0.0,True,Vaupés
97,2015,DANE_2005_2017,Hombre,(25 a 29),1103,0,0.0,True,Vaupés
97,2015,DANE_2005_2017,Hombre,(30 a 34),983,0,0.0,True,Vaupés
97,2015,DANE_2005_2017,Hombre,(35 a 39),874,0,0.0,True,Vaupés
97,2015,DANE_2005_2017,Hombre,(40 a 44),784,0,0.0,True,Vaupés
97,2015,DANE_2005_2017,Hombre,(45 a 49),681,0,0.0,True,Vaupés
97,2015,DANE_2005_2017,Hombre,(50 a 54),605,0,0.0,True,Vaupés
97,2015,DANE_2005_2017,Hombre,(55 a 59),497,0,0.0,True,Vaupés
97,2015,DANE_2005_2017,Hombre,(60 a 64),395,0,0.0,True,Vaupés
97,2015,DANE_2005_2017,Hombre,(65 a 69),249,0,0.0,True,Vaupés
97,2015,DANE_2005_2017,Hombre,(70 a 74),139,0,0.0,True,Vaupés
97,2015,DANE_2005_2017,Hombre,(75 a 79),84,0,0.0,True,Vaupés
97,2015,DANE_2005_2017,Hombre,(80 y más),121,0,0.0,True,Vaupés
97,2015,DANE_2005_2017,Mujer,(05 a 09),3281,0,0.0,True,Vaupés
97,2015,DANE_2005_2017,Mujer,(10 a 14),2772,0,0.0,True,Vaupés
97,2015,DANE_2005_2017,Mujer,(15 a 17),1167,0,0.0,True,Vaupés
97,2015,DANE_2005_2017,Mujer,(18 a 19),575,0,0.0,True,Vaupés
97,2015,DANE_2005_2017,Mujer,(20 a 24),1119,0,0.0,True,Vaupés
97,2015,DANE_2005_2017,Mujer,(25 a 29),928,0,0.0,True,Vaupés
97,2015,DANE_2005_2017,Mujer,(30 a 34),792,0,0.0,True,Vaupés
97,2015,DANE_2005_2017,Mujer,(35 a 39),686,0,0.0,True,Vaupés
97,2015,DANE_2005_2017,Mujer,(40 a 44),625,0,0.0,True,Vaupés
97,2015,DANE_2005_2017,Mujer,(45 a 49),558,0,0.0,True,Vaupés
97,2015,DANE_2005_2017,Mujer,(50 a 54),524,0,0.0,True,Vaupés
97,2015,DANE_2005_2017,Mujer,(55 a 59),417,0,0.0,True,Vaupés
97,2015,DANE_2005_2017,Mujer,(60 a 64),304,0,0.0,True,Vaupés
97,2015,DANE_2005_2017,Mujer,(65 a 69),218,0,0.0,True,Vaupés
97,2015,DANE_2005_2017,Mujer,(70 a 74),141,0,0.0,True,Vaupés
97,2015,DANE_2005_2017,Mujer,(75 a 79),141,0,0.0,True,Vaupés
97,2015,DANE_2005_2017,Mujer,(80 y más),231,0,0.0,True,Vaupés
97,2016,DANE_2005_2017,Hombre,(05 a 09),3352,0,0.0,True,Vaupés
97,2016,DANE_2005_2017,Hombre,(10 a 14),3200,0,0.0,True,Vaupés
97,2016,DANE_2005_2017,Hombre,(15 a 17),1614,0,0.0,True,Vaupés
97,2016,DANE_2005_2017,Hombre,(18 a 19),801,0,0.0,True,Vaupés
97,2016,DANE_2005_2017,Hombre,(20 a 24),1464,0,0.0,True,Vaupés
97,2016,DANE_2005_2017,Hombre,(25 a 29),1135,0,0.0,True,Vaupés
97,2016,DANE_2005_2017,Hombre,(30 a 34),999,0,0.0,True,Vaupés
97,2016,DANE_2005_2017,Hombre,(35 a 39),890,0,0.0,True,Vaupés
97,2016,DANE_2005_2017,Hombre,(40 a 44),786,0,0.0,True,Vaupés
97,2016,DANE_2005_2017,Hombre,(45 a 49),711,0,0.0,True,Vaupés
97,2016,DANE_2005_2017,Hombre,(50 a 54),608,0,0.0,True,Vaupés
97,2016,DANE_2005_2017,Hombre,(55 a 59),518,0,0.0,True,Vaupés
97,2016,DANE_2005_2017,Hombre,(60 a 64),392,0,0.0,True,Vaupés
97,2016,DANE_2005_2017,Hombre,(65 a 69),284,0,0.0,True,Vaupés
97,2016,DANE_2005_2017,Hombre,(70 a 74),144,0,0.0,True,Vaupés
97,2016,DANE_2005_2017,Hombre,(75 a 79),86,0,0.0,True,Vaupés
97,2016,DANE_2005_2017,Hombre,(80 y más),120,0,0.0,True,Vaupés
97,2016,DANE_2005_2017,Mujer,(05 a 09),3316,0,0.0,True,Vaupés
97,2016,DANE_2005_2017,Mujer,(10 a 14),2936,0,0.0,True,Vaupés
97,2016,DANE_2005_2017,Mujer,(15 a 17),1281,0,0.0,True,Vaupés
97,2016,DANE_2005_2017,Mujer,(18 a 19),631,0,0.0,True,Vaupés
97,2016,DANE_2005_2017,Mujer,(20 a 24),1170,0,0.0,True,Vaupés
97,2016,DANE_2005_2017,Mujer,(25 a 29),962,0,0.0,True,Vaupés
97,2016,DANE_2005_2017,Mujer,(30 a 34),841,0,0.0,True,Vaupés
97,2016,DANE_2005_2017,Mujer,(35 a 39),705,0,0.0,True,Vaupés
97,2016,DANE_2005_2017,Mujer,(40 a 44),623,0,0.0,True,Vaupés
97,2016,DANE_2005_2017,Mujer,(45 a 49),580,0,0.0,True,Vaupés
97,2016,DANE_2005_2017,Mujer,(50 a 54),514,0,0.0,True,Vaupés
97,2016,DANE_2005_2017,Mujer,(55 a 59),442,0,0.0,True,Vaupés
97,2016,DANE_2005_2017,Mujer,(60 a 64),326,0,0.0,True,Vaupés
97,2016,DANE_2005_2017,Mujer,(65 a 69),224,0,0.0,True,Vaupés
97,2016,DANE_2005_2017,Mujer,(70 a 74),159,0,0.0,True,Vaupés
97,2016,DANE_2005_2017,Mujer,(75 a 79),128,0,0.0,True,Vaupés
97,2016,DANE_2005_2017,Mujer,(80 y más),240,0,0.0,True,Vaupés
97,2017,DANE_2005_2017,Hombre,(05 a 09),3352,0,0.0,True,Vaupés
97,2017,DANE_2005_2017,Hombre,(10 a 14),3232,0,0.0,True,Vaupés
97,2017,DANE_2005_2017,Hombre,(15 a 17),1746,1,57.2737686139748,True,Vaupés
97,2017,DANE_2005_2017,Hombre,(18 a 19),914,1,109.40919037199124,True,Vaupés
97,2017,DANE_2005_2017,Hombre,(20 a 24),1584,2,126.26262626262627,True,Vaupés
97,2017,DANE_2005_2017,Hombre,(25 a 29),1171,1,85.39709649871904,True,Vaupés
97,2017,DANE_2005_2017,Hombre,(30 a 34),1032,0,0.0,True,Vaupés
97,2017,DANE_2005_2017,Hombre,(35 a 39),892,0,0.0,True,Vaupés
97,2017,DANE_2005_2017,Hombre,(40 a 44),809,0,0.0,True,Vaupés
97,2017,DANE_2005_2017,Hombre,(45 a 49),735,0,0.0,True,Vaupés
97,2017,DANE_2005_2017,Hombre,(50 a 54),591,0,0.0,True,Vaupés
97,2017,DANE_2005_2017,Hombre,(55 a 59),552,0,0.0,True,Vaupés
97,2017,DANE_2005_2017,Hombre,(60 a 64),405,0,0.0,True,Vaupés
97,2017,DANE_2005_2017,Hombre,(65 a 69),299,0,0.0,True,Vaupés
97,2017,DANE_2005_2017,Hombre,(70 a 74),154,0,0.0,True,Vaupés
97,2017,DANE_2005_2017,Hombre,(75 a 79),93,0,0.0,True,Vaupés
97,2017,DANE_2005_2017,Hombre,(80 y más),117,0,0.0,True,Vaupés
97,2017,DANE_2005_2017,Mujer,(05 a 09),3336,0,0.0,True,Vaupés
97,2017,DANE_2005_2017,Mujer,(10 a 14),3059,0,0.0,True,Vaupés
97,2017,DANE_2005_2017,Mujer,(15 a 17),1416,0,0.0,True,Vaupés
97,2017,DANE_2005_2017,Mujer,(18 a 19),722,1,138.50415512465375,True,Vaupés
97,2017,DANE_2005_2017,Mujer,(20 a 24),1231,0,0.0,True,Vaupés
97,2017,DANE_2005_2017,Mujer,(25 a 29),986,0,0.0,True,Vaupés
97,2017,DANE_2005_2017,Mujer,(30 a 34),867,0,0.0,True,Vaupés
97,2017,DANE_2005_2017,Mujer,(35 a 39),735,0,0.0,True,Vaupés
97,2017,DANE_2005_2017,Mujer,(40 a 44),641,0,0.0,True,Vaupés
97,2017,DANE_2005_2017,Mujer,(45 a 49),591,0,0.0,True,Vaupés
97,2017,DANE_2005_2017,Mujer,(50 a 54),521,0,0.0,True,Vaupés
97,2017,DANE_2005_2017,Mujer,(55 a 59),462,0,0.0,True,Vaupés
97,2017,DANE_2005_2017,Mujer,(60 a 64),329,0,0.0,True,Vaupés
97,2017,DANE_2005_2017,Mujer,(65 a 69),251,0,0.0,True,Vaupés
97,2017,DANE_2005_2017,Mujer,(70 a 74),159,0,0.0,True,Vaupés
97,2017,DANE_2005_2017,Mujer,(75 a 79),125,0,0.0,True,Vaupés
97,2017,DANE_2005_2017,Mujer,(80 y más),248,0,0.0,True,Vaupés
97,2018,DANE_2018_2050,Hombre,(05 a 09),3280,0,0.0,True,Vaupés
97,2018,DANE_2018_2050,Hombre,(10 a 14),3642,0,0.0,True,Vaupés
97,2018,DANE_2018_2050,Hombre,(15 a 17),2076,1,48.16955684007707,True,Vaupés
97,2018,DANE_2018_2050,Hombre,(18 a 19),1107,0,0.0,True,Vaupés
97,2018,DANE_2018_2050,Hombre,(20 a 24),1790,0,0.0,True,Vaupés
97,2018,DANE_2018_2050,Hombre,(25 a 29),1124,0,0.0,True,Vaupés
97,2018,DANE_2018_2050,Hombre,(30 a 34),911,0,0.0,True,Vaupés
97,2018,DANE_2018_2050,Hombre,(35 a 39),846,0,0.0,True,Vaupés
97,2018,DANE_2018_2050,Hombre,(40 a 44),773,0,0.0,True,Vaupés
97,2018,DANE_2018_2050,Hombre,(45 a 49),711,1,140.64697609001408,True,Vaupés
97,2018,DANE_2018_2050,Hombre,(50 a 54),622,0,0.0,True,Vaupés
97,2018,DANE_2018_2050,Hombre,(55 a 59),550,0,0.0,True,Vaupés
97,2018,DANE_2018_2050,Hombre,(60 a 64),423,0,0.0,True,Vaupés
97,2018,DANE_2018_2050,Hombre,(65 a 69),318,0,0.0,True,Vaupés
97,2018,DANE_2018_2050,Hombre,(70 a 74),206,0,0.0,True,Vaupés
97,2018,DANE_2018_2050,Hombre,(75 a 79),140,0,0.0,True,Vaupés
97,2018,DANE_2018_2050,Hombre,(80 y más),181,0,0.0,True,Vaupés
97,2018,DANE_2018_2050,Mujer,(05 a 09),3278,0,0.0,True,Vaupés
97,2018,DANE_2018_2050,Mujer,(10 a 14),3548,1,28.18489289740699,True,Vaupés
97,2018,DANE_2018_2050,Mujer,(15 a 17),1818,1,55.005500550055004,True,Vaupés
97,2018,DANE_2018_2050,Mujer,(18 a 19),879,1,113.76564277588167,True,Vaupés
97,2018,DANE_2018_2050,Mujer,(20 a 24),1422,0,0.0,True,Vaupés
97,2018,DANE_2018_2050,Mujer,(25 a 29),950,0,0.0,True,Vaupés
97,2018,DANE_2018_2050,Mujer,(30 a 34),794,0,0.0,True,Vaupés
97,2018,DANE_2018_2050,Mujer,(35 a 39),716,1,139.66480446927375,True,Vaupés
97,2018,DANE_2018_2050,Mujer,(40 a 44),611,0,0.0,True,Vaupés
97,2018,DANE_2018_2050,Mujer,(45 a 49),554,0,0.0,True,Vaupés
97,2018,DANE_2018_2050,Mujer,(50 a 54),511,0,0.0,True,Vaupés
97,2018,DANE_2018_2050,Mujer,(55 a 59),440,0,0.0,True,Vaupés
97,2018,DANE_2018_2050,Mujer,(60 a 64),342,0,0.0,True,Vaupés
97,2018,DANE_2018_2050,Mujer,(65 a 69),265,0,0.0,True,Vaupés
97,2018,DANE_2018_2050,Mujer,(70 a 74),189,0,0.0,True,Vaupés
97,2018,DANE_2018_2050,Mujer,(75 a 79),158,0,0.0,True,Vaupés
97,2018,DANE_2018_2050,Mujer,(80 y más),259,0,0.0,True,Vaupés
97,2019,DANE_2018_2050,Hombre,(05 a 09),3241,0,0.0,True,Vaupés
97,2019,DANE_2018_2050,Hombre,(10 a 14),3607,0,0.0,True,Vaupés
97,2019,DANE_2018_2050,Hombre,(15 a 17),2090,0,0.0,True,Vaupés
97,2019,DANE_2018_2050,Hombre,(18 a 19),1165,0,0.0,True,Vaupés
97,2019,DANE_2018_2050,Hombre,(20 a 24),1927,0,0.0,True,Vaupés
97,2019,DANE_2018_2050,Hombre,(25 a 29),1170,0,0.0,True,Vaupés
97,2019,DANE_2018_2050,Hombre,(30 a 34),926,0,0.0,True,Vaupés
97,2019,DANE_2018_2050,Hombre,(35 a 39),865,0,0.0,True,Vaupés
97,2019,DANE_2018_2050,Hombre,(40 a 44),791,1,126.42225031605564,True,Vaupés
97,2019,DANE_2018_2050,Hombre,(45 a 49),723,0,0.0,True,Vaupés
97,2019,DANE_2018_2050,Hombre,(50 a 54),632,0,0.0,True,Vaupés
97,2019,DANE_2018_2050,Hombre,(55 a 59),573,0,0.0,True,Vaupés
97,2019,DANE_2018_2050,Hombre,(60 a 64),440,0,0.0,True,Vaupés
97,2019,DANE_2018_2050,Hombre,(65 a 69),327,0,0.0,True,Vaupés
97,2019,DANE_2018_2050,Hombre,(70 a 74),217,0,0.0,True,Vaupés
97,2019,DANE_2018_2050,Hombre,(75 a 79),141,0,0.0,True,Vaupés
97,2019,DANE_2018_2050,Hombre,(80 y más),183,0,0.0,True,Vaupés
97,2019,DANE_2018_2050,Mujer,(05 a 09),3261,1,30.665440049064706,True,Vaupés
97,2019,DANE_2018_2050,Mujer,(10 a 14),3510,0,0.0,True,Vaupés
97,2019,DANE_2018_2050,Mujer,(15 a 17),1861,0,0.0,True,Vaupés
97,2019,DANE_2018_2050,Mujer,(18 a 19),959,1,104.27528675703859,True,Vaupés
97,2019,DANE_2018_2050,Mujer,(20 a 24),1499,0,0.0,True,Vaupés
97,2019,DANE_2018_2050,Mujer,(25 a 29),981,0,0.0,True,Vaupés
97,2019,DANE_2018_2050,Mujer,(30 a 34),807,0,0.0,True,Vaupés
97,2019,DANE_2018_2050,Mujer,(35 a 39),735,0,0.0,True,Vaupés
97,2019,DANE_2018_2050,Mujer,(40 a 44),631,0,0.0,True,Vaupés
97,2019,DANE_2018_2050,Mujer,(45 a 49),569,0,0.0,True,Vaupés
97,2019,DANE_2018_2050,Mujer,(50 a 54),528,0,0.0,True,Vaupés
97,2019,DANE_2018_2050,Mujer,(55 a 59),461,0,0.0,True,Vaupés
97,2019,DANE_2018_2050,Mujer,(60 a 64),362,1,276.2430939226519,True,Vaupés
97,2019,DANE_2018_2050,Mujer,(65 a 69),281,0,0.0,True,Vaupés
97,2019,DANE_2018_2050,Mujer,(70 a 74),200,0,0.0,True,Vaupés
97,2019,DANE_2018_2050,Mujer,(75 a 79),166,0,0.0,True,Vaupés
97,2019,DANE_2018_2050,Mujer,(80 y más),264,0,0.0,True,Vaupés
97,2020,DANE_2018_2050,Hombre,(05 a 09),3214,0,0.0,True,Vaupés
97,2020,DANE_2018_2050,Hombre,(10 a 14),3566,0,0.0,True,Vaupés
97,2020,DANE_2018_2050,Hombre,(15 a 17),2084,0,0.0,True,Vaupés
97,2020,DANE_2018_2050,Hombre,(18 a 19),1203,1,83.12551953449709,True,Vaupés
97,2020,DANE_2018_2050,Hombre,(20 a 24),2078,1,48.12319538017324,True,Vaupés
97,2020,DANE_2018_2050,Hombre,(25 a 29),1218,0,0.0,True,Vaupés
97,2020,DANE_2018_2050,Hombre,(30 a 34),952,0,0.0,True,Vaupés
97,2020,DANE_2018_2050,Hombre,(35 a 39),873,0,0.0,True,Vaupés
97,2020,DANE_2018_2050,Hombre,(40 a 44),815,0,0.0,True,Vaupés
97,2020,DANE_2018_2050,Hombre,(45 a 49),737,0,0.0,True,Vaupés
97,2020,DANE_2018_2050,Hombre,(50 a 54),654,0,0.0,True,Vaupés
97,2020,DANE_2018_2050,Hombre,(55 a 59),593,0,0.0,True,Vaupés
97,2020,DANE_2018_2050,Hombre,(60 a 64),463,0,0.0,True,Vaupés
97,2020,DANE_2018_2050,Hombre,(65 a 69),345,0,0.0,True,Vaupés
97,2020,DANE_2018_2050,Hombre,(70 a 74),221,0,0.0,True,Vaupés
97,2020,DANE_2018_2050,Hombre,(75 a 79),141,0,0.0,True,Vaupés
97,2020,DANE_2018_2050,Hombre,(80 y más),189,0,0.0,True,Vaupés
97,2020,DANE_2018_2050,Mujer,(05 a 09),3242,0,0.0,True,Vaupés
97,2020,DANE_2018_2050,Mujer,(10 a 14),3469,0,0.0,True,Vaupés
97,2020,DANE_2018_2050,Mujer,(15 a 17),1874,0,0.0,True,Vaupés
97,2020,DANE_2018_2050,Mujer,(18 a 19),1030,1,97.08737864077669,True,Vaupés
97,2020,DANE_2018_2050,Mujer,(20 a 24),1597,2,125.23481527864746,True,Vaupés
97,2020,DANE_2018_2050,Mujer,(25 a 29),1018,0,0.0,True,Vaupés
97,2020,DANE_2018_2050,Mujer,(30 a 34),830,0,0.0,True,Vaupés
97,2020,DANE_2018_2050,Mujer,(35 a 39),754,0,0.0,True,Vaupés
97,2020,DANE_2018_2050,Mujer,(40 a 44),656,0,0.0,True,Vaupés
97,2020,DANE_2018_2050,Mujer,(45 a 49),584,0,0.0,True,Vaupés
97,2020,DANE_2018_2050,Mujer,(50 a 54),540,0,0.0,True,Vaupés
97,2020,DANE_2018_2050,Mujer,(55 a 59),484,0,0.0,True,Vaupés
97,2020,DANE_2018_2050,Mujer,(60 a 64),377,0,0.0,True,Vaupés
97,2020,DANE_2018_2050,Mujer,(65 a 69),290,0,0.0,True,Vaupés
97,2020,DANE_2018_2050,Mujer,(70 a 74),212,0,0.0,True,Vaupés
97,2020,DANE_2018_2050,Mujer,(75 a 79),172,0,0.0,True,Vaupés
97,2020,DANE_2018_2050,Mujer,(80 y más),274,0,0.0,True,Vaupés
97,2021,DANE_2018_2050,Hombre,(05 a 09),3188,0,0.0,True,Vaupés
97,2021,DANE_2018_2050,Hombre,(10 a 14),3509,0,0.0,True,Vaupés
97,2021,DANE_2018_2050,Hombre,(15 a 17),2059,0,0.0,True,Vaupés
97,2021,DANE_2018_2050,Hombre,(18 a 19),1213,0,0.0,True,Vaupés
97,2021,DANE_2018_2050,Hombre,(20 a 24),2216,1,45.12635379061372,True,Vaupés
97,2021,DANE_2018_2050,Hombre,(25 a 29),1269,2,157.60441292356188,True,Vaupés
97,2021,DANE_2018_2050,Hombre,(30 a 34),974,2,205.3388090349076,True,Vaupés
97,2021,DANE_2018_2050,Hombre,(35 a 39),885,1,112.99435028248588,True,Vaupés
97,2021,DANE_2018_2050,Hombre,(40 a 44),835,1,119.76047904191617,True,Vaupés
97,2021,DANE_2018_2050,Hombre,(45 a 49),747,0,0.0,True,Vaupés
97,2021,DANE_2018_2050,Hombre,(50 a 54),673,0,0.0,True,Vaupés
97,2021,DANE_2018_2050,Hombre,(55 a 59),602,0,0.0,True,Vaupés
97,2021,DANE_2018_2050,Hombre,(60 a 64),482,0,0.0,True,Vaupés
97,2021,DANE_2018_2050,Hombre,(65 a 69),353,0,0.0,True,Vaupés
97,2021,DANE_2018_2050,Hombre,(70 a 74),231,0,0.0,True,Vaupés
97,2021,DANE_2018_2050,Hombre,(75 a 79),141,0,0.0,True,Vaupés
97,2021,DANE_2018_2050,Hombre,(80 y más),192,0,0.0,True,Vaupés
97,2021,DANE_2018_2050,Mujer,(05 a 09),3210,0,0.0,True,Vaupés
97,2021,DANE_2018_2050,Mujer,(10 a 14),3409,0,0.0,True,Vaupés
97,2021,DANE_2018_2050,Mujer,(15 a 17),1873,0,0.0,True,Vaupés
97,2021,DANE_2018_2050,Mujer,(18 a 19),1060,0,0.0,True,Vaupés
97,2021,DANE_2018_2050,Mujer,(20 a 24),1715,1,58.309037900874635,True,Vaupés
97,2021,DANE_2018_2050,Mujer,(25 a 29),1055,2,189.5734597156398,True,Vaupés
97,2021,DANE_2018_2050,Mujer,(30 a 34),854,0,0.0,True,Vaupés
97,2021,DANE_2018_2050,Mujer,(35 a 39),764,1,130.89005235602096,True,Vaupés
97,2021,DANE_2018_2050,Mujer,(40 a 44),678,0,0.0,True,Vaupés
97,2021,DANE_2018_2050,Mujer,(45 a 49),600,0,0.0,True,Vaupés
97,2021,DANE_2018_2050,Mujer,(50 a 54),552,0,0.0,True,Vaupés
97,2021,DANE_2018_2050,Mujer,(55 a 59),498,0,0.0,True,Vaupés
97,2021,DANE_2018_2050,Mujer,(60 a 64),407,0,0.0,True,Vaupés
97,2021,DANE_2018_2050,Mujer,(65 a 69),305,0,0.0,True,Vaupés
97,2021,DANE_2018_2050,Mujer,(70 a 74),226,0,0.0,True,Vaupés
97,2021,DANE_2018_2050,Mujer,(75 a 79),174,0,0.0,True,Vaupés
97,2021,DANE_2018_2050,Mujer,(80 y más),288,0,0.0,True,Vaupés
97,2022,DANE_2018_2050,Hombre,(05 a 09),3165,0,0.0,True,Vaupés
97,2022,DANE_2018_2050,Hombre,(10 a 14),3447,1,29.010733971569483,True,Vaupés
97,2022,DANE_2018_2050,Hombre,(15 a 17),2029,0,0.0,True,Vaupés
97,2022,DANE_2018_2050,Hombre,(18 a 19),1206,0,0.0,True,Vaupés
97,2022,DANE_2018_2050,Hombre,(20 a 24),2331,3,128.7001287001287,True,Vaupés
97,2022,DANE_2018_2050,Hombre,(25 a 29),1325,2,150.94339622641508,True,Vaupés
97,2022,DANE_2018_2050,Hombre,(30 a 34),998,0,0.0,True,Vaupés
97,2022,DANE_2018_2050,Hombre,(35 a 39),893,0,0.0,True,Vaupés
97,2022,DANE_2018_2050,Hombre,(40 a 44),850,0,0.0,True,Vaupés
97,2022,DANE_2018_2050,Hombre,(45 a 49),758,0,0.0,True,Vaupés
97,2022,DANE_2018_2050,Hombre,(50 a 54),683,0,0.0,True,Vaupés
97,2022,DANE_2018_2050,Hombre,(55 a 59),617,0,0.0,True,Vaupés
97,2022,DANE_2018_2050,Hombre,(60 a 64),498,0,0.0,True,Vaupés
97,2022,DANE_2018_2050,Hombre,(65 a 69),359,0,0.0,True,Vaupés
97,2022,DANE_2018_2050,Hombre,(70 a 74),242,0,0.0,True,Vaupés
97,2022,DANE_2018_2050,Hombre,(75 a 79),147,0,0.0,True,Vaupés
97,2022,DANE_2018_2050,Hombre,(80 y más),194,0,0.0,True,Vaupés
97,2022,DANE_2018_2050,Mujer,(05 a 09),3183,0,0.0,True,Vaupés
97,2022,DANE_2018_2050,Mujer,(10 a 14),3357,0,0.0,True,Vaupés
97,2022,DANE_2018_2050,Mujer,(15 a 17),1857,0,0.0,True,Vaupés
97,2022,DANE_2018_2050,Mujer,(18 a 19),1062,0,0.0,True,Vaupés
97,2022,DANE_2018_2050,Mujer,(20 a 24),1832,1,54.585152838427945,True,Vaupés
97,2022,DANE_2018_2050,Mujer,(25 a 29),1088,0,0.0,True,Vaupés
97,2022,DANE_2018_2050,Mujer,(30 a 34),870,0,0.0,True,Vaupés
97,2022,DANE_2018_2050,Mujer,(35 a 39),769,1,130.03901170351105,True,Vaupés
97,2022,DANE_2018_2050,Mujer,(40 a 44),693,0,0.0,True,Vaupés
97,2022,DANE_2018_2050,Mujer,(45 a 49),610,0,0.0,True,Vaupés
97,2022,DANE_2018_2050,Mujer,(50 a 54),561,0,0.0,True,Vaupés
97,2022,DANE_2018_2050,Mujer,(55 a 59),521,0,0.0,True,Vaupés
97,2022,DANE_2018_2050,Mujer,(60 a 64),419,0,0.0,True,Vaupés
97,2022,DANE_2018_2050,Mujer,(65 a 69),313,0,0.0,True,Vaupés
97,2022,DANE_2018_2050,Mujer,(70 a 74),234,0,0.0,True,Vaupés
97,2022,DANE_2018_2050,Mujer,(75 a 79),184,0,0.0,True,Vaupés
97,2022,DANE_2018_2050,Mujer,(80 y más),283,0,0.0,True,Vaupés
97,2023,DANE_2018_2050,Hombre,(05 a 09),3156,0,0.0,True,Vaupés
97,2023,DANE_2018_2050,Hombre,(10 a 14),3386,0,0.0,True,Vaupés
97,2023,DANE_2018_2050,Hombre,(15 a 17),1999,0,0.0,True,Vaupés
97,2023,DANE_2018_2050,Hombre,(18 a 19),1192,0,0.0,True,Vaupés
97,2023,DANE_2018_2050,Hombre,(20 a 24),2407,1,41.54549231408392,True,Vaupés
97,2023,DANE_2018_2050,Hombre,(25 a 29),1400,1,71.42857142857143,True,Vaupés
97,2023,DANE_2018_2050,Hombre,(30 a 34),1024,0,0.0,True,Vaupés
97,2023,DANE_2018_2050,Hombre,(35 a 39),908,0,0.0,True,Vaupés
97,2023,DANE_2018_2050,Hombre,(40 a 44),869,0,0.0,True,Vaupés
97,2023,DANE_2018_2050,Hombre,(45 a 49),770,0,0.0,True,Vaupés
97,2023,DANE_2018_2050,Hombre,(50 a 54),689,0,0.0,True,Vaupés
97,2023,DANE_2018_2050,Hombre,(55 a 59),625,0,0.0,True,Vaupés
97,2023,DANE_2018_2050,Hombre,(60 a 64),525,0,0.0,True,Vaupés
97,2023,DANE_2018_2050,Hombre,(65 a 69),369,1,271.00271002710025,True,Vaupés
97,2023,DANE_2018_2050,Hombre,(70 a 74),245,0,0.0,True,Vaupés
97,2023,DANE_2018_2050,Hombre,(75 a 79),153,0,0.0,True,Vaupés
97,2023,DANE_2018_2050,Hombre,(80 y más),190,0,0.0,True,Vaupés
97,2023,DANE_2018_2050,Mujer,(05 a 09),3142,0,0.0,True,Vaupés
97,2023,DANE_2018_2050,Mujer,(10 a 14),3307,1,30.23888720895071,True,Vaupés
97,2023,DANE_2018_2050,Mujer,(15 a 17),1831,0,0.0,True,Vaupés
97,2023,DANE_2018_2050,Mujer,(18 a 19),1065,0,0.0,True,Vaupés
97,2023,DANE_2018_2050,Mujer,(20 a 24),1916,2,104.38413361169101,True,Vaupés
97,2023,DANE_2018_2050,Mujer,(25 a 29),1132,0,0.0,True,Vaupés
97,2023,DANE_2018_2050,Mujer,(30 a 34),900,0,0.0,True,Vaupés
97,2023,DANE_2018_2050,Mujer,(35 a 39),776,0,0.0,True,Vaupés
97,2023,DANE_2018_2050,Mujer,(40 a 44),705,0,0.0,True,Vaupés
97,2023,DANE_2018_2050,Mujer,(45 a 49),628,0,0.0,True,Vaupés
97,2023,DANE_2018_2050,Mujer,(50 a 54),577,0,0.0,True,Vaupés
97,2023,DANE_2018_2050,Mujer,(55 a 59),534,0,0.0,True,Vaupés
97,2023,DANE_2018_2050,Mujer,(60 a 64),441,0,0.0,True,Vaupés
97,2023,DANE_2018_2050,Mujer,(65 a 69),335,0,0.0,True,Vaupés
97,2023,DANE_2018_2050,Mujer,(70 a 74),248,0,0.0,True,Vaupés
97,2023,DANE_2018_2050,Mujer,(75 a 79),190,0,0.0,True,Vaupés
97,2023,DANE_2018_2050,Mujer,(80 y más),295,0,0.0,True,Vaupés
97,2024,DANE_2018_2050,Hombre,(05 a 09),3149,0,0.0,True,Vaupés
97,2024,DANE_2018_2050,Hombre,(10 a 14),3341,0,0.0,True,Vaupés
97,2024,DANE_2018_2050,Hombre,(15 a 17),1967,0,0.0,True,Vaupés
97,2024,DANE_2018_2050,Hombre,(18 a 19),1174,1,85.17887563884157,True,Vaupés
97,2024,DANE_2018_2050,Hombre,(20 a 24),2447,1,40.86636697997548,True,Vaupés
97,2024,DANE_2018_2050,Hombre,(25 a 29),1478,0,0.0,True,Vaupés
97,2024,DANE_2018_2050,Hombre,(30 a 34),1063,0,0.0,True,Vaupés
97,2024,DANE_2018_2050,Hombre,(35 a 39),920,0,0.0,True,Vaupés
97,2024,DANE_2018_2050,Hombre,(40 a 44),878,0,0.0,True,Vaupés
97,2024,DANE_2018_2050,Hombre,(45 a 49),789,0,0.0,True,Vaupés
97,2024,DANE_2018_2050,Hombre,(50 a 54),701,2,285.30670470756064,True,Vaupés
97,2024,DANE_2018_2050,Hombre,(55 a 59),629,0,0.0,True,Vaupés
97,2024,DANE_2018_2050,Hombre,(60 a 64),549,0,0.0,True,Vaupés
97,2024,DANE_2018_2050,Hombre,(65 a 69),390,0,0.0,True,Vaupés
97,2024,DANE_2018_2050,Hombre,(70 a 74),250,0,0.0,True,Vaupés
97,2024,DANE_2018_2050,Hombre,(75 a 79),162,0,0.0,True,Vaupés
97,2024,DANE_2018_2050,Hombre,(80 y más),204,0,0.0,True,Vaupés
97,2024,DANE_2018_2050,Mujer,(05 a 09),3129,0,0.0,True,Vaupés
97,2024,DANE_2018_2050,Mujer,(10 a 14),3268,0,0.0,True,Vaupés
97,2024,DANE_2018_2050,Mujer,(15 a 17),1793,2,111.54489682097045,True,Vaupés
97,2024,DANE_2018_2050,Mujer,(18 a 19),1056,0,0.0,True,Vaupés
97,2024,DANE_2018_2050,Mujer,(20 a 24),1991,2,100.45203415369163,True,Vaupés
97,2024,DANE_2018_2050,Mujer,(25 a 29),1185,0,0.0,True,Vaupés
97,2024,DANE_2018_2050,Mujer,(30 a 34),926,0,0.0,True,Vaupés
97,2024,DANE_2018_2050,Mujer,(35 a 39),784,0,0.0,True,Vaupés
97,2024,DANE_2018_2050,Mujer,(40 a 44),725,0,0.0,True,Vaupés
97,2024,DANE_2018_2050,Mujer,(45 a 49),645,0,0.0,True,Vaupés
97,2024,DANE_2018_2050,Mujer,(50 a 54),589,0,0.0,True,Vaupés
97,2024,DANE_2018_2050,Mujer,(55 a 59),549,0,0.0,True,Vaupés
97,2024,DANE_2018_2050,Mujer,(60 a 64),454,0,0.0,True,Vaupés
97,2024,DANE_2018_2050,Mujer,(65 a 69),351,0,0.0,True,Vaupés
97,2024,DANE_2018_2050,Mujer,(70 a 74),259,1,386.1003861003861,True,Vaupés
97,2024,DANE_2018_2050,Mujer,(75 a 79),197,0,0.0,True,Vaupés
97,2024,DANE_2018_2050,Mujer,(80 y más),300,0,0.0,True,Vaupés
99,2015,DANE_2005_2017,Hombre,(05 a 09),7270,0,0.0,True,Vichada
99,2015,DANE_2005_2017,Hombre,(10 a 14),6900,0,0.0,True,Vichada
99,2015,DANE_2005_2017,Hombre,(15 a 17),3727,0,0.0,True,Vichada
99,2015,DANE_2005_2017,Hombre,(18 a 19),2215,1,45.14672686230248,True,Vichada
99,2015,DANE_2005_2017,Hombre,(20 a 24),4640,0,0.0,True,Vichada
99,2015,DANE_2005_2017,Hombre,(25 a 29),3858,0,0.0,True,Vichada
99,2015,DANE_2005_2017,Hombre,(30 a 34),3450,0,0.0,True,Vichada
99,2015,DANE_2005_2017,Hombre,(35 a 39),3105,0,0.0,True,Vichada
99,2015,DANE_2005_2017,Hombre,(40 a 44),2670,0,0.0,True,Vichada
99,2015,DANE_2005_2017,Hombre,(45 a 49),2327,0,0.0,True,Vichada
99,2015,DANE_2005_2017,Hombre,(50 a 54),2013,0,0.0,True,Vichada
99,2015,DANE_2005_2017,Hombre,(55 a 59),1510,0,0.0,True,Vichada
99,2015,DANE_2005_2017,Hombre,(60 a 64),1072,0,0.0,True,Vichada
99,2015,DANE_2005_2017,Hombre,(65 a 69),748,0,0.0,True,Vichada
99,2015,DANE_2005_2017,Hombre,(70 a 74),482,0,0.0,True,Vichada
99,2015,DANE_2005_2017,Hombre,(75 a 79),273,0,0.0,True,Vichada
99,2015,DANE_2005_2017,Hombre,(80 y más),304,0,0.0,True,Vichada
99,2015,DANE_2005_2017,Mujer,(05 a 09),6642,0,0.0,True,Vichada
99,2015,DANE_2005_2017,Mujer,(10 a 14),6074,0,0.0,True,Vichada
99,2015,DANE_2005_2017,Mujer,(15 a 17),3172,0,0.0,True,Vichada
99,2015,DANE_2005_2017,Mujer,(18 a 19),1870,0,0.0,True,Vichada
99,2015,DANE_2005_2017,Mujer,(20 a 24),3962,0,0.0,True,Vichada
99,2015,DANE_2005_2017,Mujer,(25 a 29),3427,0,0.0,True,Vichada
99,2015,DANE_2005_2017,Mujer,(30 a 34),3032,0,0.0,True,Vichada
99,2015,DANE_2005_2017,Mujer,(35 a 39),2666,0,0.0,True,Vichada
99,2015,DANE_2005_2017,Mujer,(40 a 44),2209,0,0.0,True,Vichada
99,2015,DANE_2005_2017,Mujer,(45 a 49),1839,0,0.0,True,Vichada
99,2015,DANE_2005_2017,Mujer,(50 a 54),1524,0,0.0,True,Vichada
99,2015,DANE_2005_2017,Mujer,(55 a 59),1139,0,0.0,True,Vichada
99,2015,DANE_2005_2017,Mujer,(60 a 64),837,0,0.0,True,Vichada
99,2015,DANE_2005_2017,Mujer,(65 a 69),541,0,0.0,True,Vichada
99,2015,DANE_2005_2017,Mujer,(70 a 74),310,0,0.0,True,Vichada
99,2015,DANE_2005_2017,Mujer,(75 a 79),174,0,0.0,True,Vichada
99,2015,DANE_2005_2017,Mujer,(80 y más),261,0,0.0,True,Vichada
99,2016,DANE_2005_2017,Hombre,(05 a 09),7288,0,0.0,True,Vichada
99,2016,DANE_2005_2017,Hombre,(10 a 14),6979,0,0.0,True,Vichada
99,2016,DANE_2005_2017,Hombre,(15 a 17),3856,0,0.0,True,Vichada
99,2016,DANE_2005_2017,Hombre,(18 a 19),2322,0,0.0,True,Vichada
99,2016,DANE_2005_2017,Hombre,(20 a 24),4883,0,0.0,True,Vichada
99,2016,DANE_2005_2017,Hombre,(25 a 29),3920,0,0.0,True,Vichada
99,2016,DANE_2005_2017,Hombre,(30 a 34),3517,0,0.0,True,Vichada
99,2016,DANE_2005_2017,Hombre,(35 a 39),3145,0,0.0,True,Vichada
99,2016,DANE_2005_2017,Hombre,(40 a 44),2745,0,0.0,True,Vichada
99,2016,DANE_2005_2017,Hombre,(45 a 49),2354,0,0.0,True,Vichada
99,2016,DANE_2005_2017,Hombre,(50 a 54),2064,0,0.0,True,Vichada
99,2016,DANE_2005_2017,Hombre,(55 a 59),1602,0,0.0,True,Vichada
99,2016,DANE_2005_2017,Hombre,(60 a 64),1114,0,0.0,True,Vichada
99,2016,DANE_2005_2017,Hombre,(65 a 69),786,0,0.0,True,Vichada
99,2016,DANE_2005_2017,Hombre,(70 a 74),494,0,0.0,True,Vichada
99,2016,DANE_2005_2017,Hombre,(75 a 79),289,0,0.0,True,Vichada
99,2016,DANE_2005_2017,Hombre,(80 y más),307,0,0.0,True,Vichada
99,2016,DANE_2005_2017,Mujer,(05 a 09),6721,0,0.0,True,Vichada
99,2016,DANE_2005_2017,Mujer,(10 a 14),6214,0,0.0,True,Vichada
99,2016,DANE_2005_2017,Mujer,(15 a 17),3288,0,0.0,True,Vichada
99,2016,DANE_2005_2017,Mujer,(18 a 19),1946,0,0.0,True,Vichada
99,2016,DANE_2005_2017,Mujer,(20 a 24),4142,0,0.0,True,Vichada
99,2016,DANE_2005_2017,Mujer,(25 a 29),3531,0,0.0,True,Vichada
99,2016,DANE_2005_2017,Mujer,(30 a 34),3114,0,0.0,True,Vichada
99,2016,DANE_2005_2017,Mujer,(35 a 39),2732,0,0.0,True,Vichada
99,2016,DANE_2005_2017,Mujer,(40 a 44),2289,0,0.0,True,Vichada
99,2016,DANE_2005_2017,Mujer,(45 a 49),1885,0,0.0,True,Vichada
99,2016,DANE_2005_2017,Mujer,(50 a 54),1576,0,0.0,True,Vichada
99,2016,DANE_2005_2017,Mujer,(55 a 59),1216,0,0.0,True,Vichada
99,2016,DANE_2005_2017,Mujer,(60 a 64),861,0,0.0,True,Vichada
99,2016,DANE_2005_2017,Mujer,(65 a 69),595,0,0.0,True,Vichada
99,2016,DANE_2005_2017,Mujer,(70 a 74),331,0,0.0,True,Vichada
99,2016,DANE_2005_2017,Mujer,(75 a 79),193,0,0.0,True,Vichada
99,2016,DANE_2005_2017,Mujer,(80 y más),260,0,0.0,True,Vichada
99,2017,DANE_2005_2017,Hombre,(05 a 09),7303,0,0.0,True,Vichada
99,2017,DANE_2005_2017,Hombre,(10 a 14),7070,0,0.0,True,Vichada
99,2017,DANE_2005_2017,Hombre,(15 a 17),3940,0,0.0,True,Vichada
99,2017,DANE_2005_2017,Hombre,(18 a 19),2427,0,0.0,True,Vichada
99,2017,DANE_2005_2017,Hombre,(20 a 24),5134,0,0.0,True,Vichada
99,2017,DANE_2005_2017,Hombre,(25 a 29),4057,0,0.0,True,Vichada
99,2017,DANE_2005_2017,Hombre,(30 a 34),3578,0,0.0,True,Vichada
99,2017,DANE_2005_2017,Hombre,(35 a 39),3186,0,0.0,True,Vichada
99,2017,DANE_2005_2017,Hombre,(40 a 44),2827,0,0.0,True,Vichada
99,2017,DANE_2005_2017,Hombre,(45 a 49),2400,0,0.0,True,Vichada
99,2017,DANE_2005_2017,Hombre,(50 a 54),2103,0,0.0,True,Vichada
99,2017,DANE_2005_2017,Hombre,(55 a 59),1671,0,0.0,True,Vichada
99,2017,DANE_2005_2017,Hombre,(60 a 64),1170,0,0.0,True,Vichada
99,2017,DANE_2005_2017,Hombre,(65 a 69),823,0,0.0,True,Vichada
99,2017,DANE_2005_2017,Hombre,(70 a 74),512,0,0.0,True,Vichada
99,2017,DANE_2005_2017,Hombre,(75 a 79),308,0,0.0,True,Vichada
99,2017,DANE_2005_2017,Hombre,(80 y más),313,0,0.0,True,Vichada
99,2017,DANE_2005_2017,Mujer,(05 a 09),6799,0,0.0,True,Vichada
99,2017,DANE_2005_2017,Mujer,(10 a 14),6377,0,0.0,True,Vichada
99,2017,DANE_2005_2017,Mujer,(15 a 17),3394,0,0.0,True,Vichada
99,2017,DANE_2005_2017,Mujer,(18 a 19),2042,0,0.0,True,Vichada
99,2017,DANE_2005_2017,Mujer,(20 a 24),4315,0,0.0,True,Vichada
99,2017,DANE_2005_2017,Mujer,(25 a 29),3653,0,0.0,True,Vichada
99,2017,DANE_2005_2017,Mujer,(30 a 34),3199,0,0.0,True,Vichada
99,2017,DANE_2005_2017,Mujer,(35 a 39),2800,0,0.0,True,Vichada
99,2017,DANE_2005_2017,Mujer,(40 a 44),2397,0,0.0,True,Vichada
99,2017,DANE_2005_2017,Mujer,(45 a 49),1923,0,0.0,True,Vichada
99,2017,DANE_2005_2017,Mujer,(50 a 54),1627,0,0.0,True,Vichada
99,2017,DANE_2005_2017,Mujer,(55 a 59),1276,0,0.0,True,Vichada
99,2017,DANE_2005_2017,Mujer,(60 a 64),911,0,0.0,True,Vichada
99,2017,DANE_2005_2017,Mujer,(65 a 69),642,0,0.0,True,Vichada
99,2017,DANE_2005_2017,Mujer,(70 a 74),353,0,0.0,True,Vichada
99,2017,DANE_2005_2017,Mujer,(75 a 79),206,0,0.0,True,Vichada
99,2017,DANE_2005_2017,Mujer,(80 y más),267,0,0.0,True,Vichada
99,2018,DANE_2018_2050,Hombre,(05 a 09),7510,0,0.0,True,Vichada
99,2018,DANE_2018_2050,Hombre,(10 a 14),8118,0,0.0,True,Vichada
99,2018,DANE_2018_2050,Hombre,(15 a 17),4798,0,0.0,True,Vichada
99,2018,DANE_2018_2050,Hombre,(18 a 19),2770,0,0.0,True,Vichada
99,2018,DANE_2018_2050,Hombre,(20 a 24),5249,1,19.051247856734616,True,Vichada
99,2018,DANE_2018_2050,Hombre,(25 a 29),3936,0,0.0,True,Vichada
99,2018,DANE_2018_2050,Hombre,(30 a 34),3305,0,0.0,True,Vichada
99,2018,DANE_2018_2050,Hombre,(35 a 39),3048,0,0.0,True,Vichada
99,2018,DANE_2018_2050,Hombre,(40 a 44),2716,0,0.0,True,Vichada
99,2018,DANE_2018_2050,Hombre,(45 a 49),2423,0,0.0,True,Vichada
99,2018,DANE_2018_2050,Hombre,(50 a 54),2104,0,0.0,True,Vichada
99,2018,DANE_2018_2050,Hombre,(55 a 59),1710,0,0.0,True,Vichada
99,2018,DANE_2018_2050,Hombre,(60 a 64),1217,0,0.0,True,Vichada
99,2018,DANE_2018_2050,Hombre,(65 a 69),869,0,0.0,True,Vichada
99,2018,DANE_2018_2050,Hombre,(70 a 74),570,0,0.0,True,Vichada
99,2018,DANE_2018_2050,Hombre,(75 a 79),360,0,0.0,True,Vichada
99,2018,DANE_2018_2050,Hombre,(80 y más),314,0,0.0,True,Vichada
99,2018,DANE_2018_2050,Mujer,(05 a 09),6927,0,0.0,True,Vichada
99,2018,DANE_2018_2050,Mujer,(10 a 14),7368,0,0.0,True,Vichada
99,2018,DANE_2018_2050,Mujer,(15 a 17),4120,1,24.271844660194173,True,Vichada
99,2018,DANE_2018_2050,Mujer,(18 a 19),2258,0,0.0,True,Vichada
99,2018,DANE_2018_2050,Mujer,(20 a 24),4421,0,0.0,True,Vichada
99,2018,DANE_2018_2050,Mujer,(25 a 29),3518,0,0.0,True,Vichada
99,2018,DANE_2018_2050,Mujer,(30 a 34),3015,0,0.0,True,Vichada
99,2018,DANE_2018_2050,Mujer,(35 a 39),2689,0,0.0,True,Vichada
99,2018,DANE_2018_2050,Mujer,(40 a 44),2235,0,0.0,True,Vichada
99,2018,DANE_2018_2050,Mujer,(45 a 49),1869,0,0.0,True,Vichada
99,2018,DANE_2018_2050,Mujer,(50 a 54),1550,0,0.0,True,Vichada
99,2018,DANE_2018_2050,Mujer,(55 a 59),1232,0,0.0,True,Vichada
99,2018,DANE_2018_2050,Mujer,(60 a 64),923,0,0.0,True,Vichada
99,2018,DANE_2018_2050,Mujer,(65 a 69),653,0,0.0,True,Vichada
99,2018,DANE_2018_2050,Mujer,(70 a 74),400,0,0.0,True,Vichada
99,2018,DANE_2018_2050,Mujer,(75 a 79),237,0,0.0,True,Vichada
99,2018,DANE_2018_2050,Mujer,(80 y más),262,0,0.0,True,Vichada
99,2019,DANE_2018_2050,Hombre,(05 a 09),7731,0,0.0,True,Vichada
99,2019,DANE_2018_2050,Hombre,(10 a 14),8375,0,0.0,True,Vichada
99,2019,DANE_2018_2050,Hombre,(15 a 17),5034,0,0.0,True,Vichada
99,2019,DANE_2018_2050,Hombre,(18 a 19),3023,0,0.0,True,Vichada
99,2019,DANE_2018_2050,Hombre,(20 a 24),5817,1,17.1909919202338,True,Vichada
99,2019,DANE_2018_2050,Hombre,(25 a 29),4257,0,0.0,True,Vichada
99,2019,DANE_2018_2050,Hombre,(30 a 34),3518,0,0.0,True,Vichada
99,2019,DANE_2018_2050,Hombre,(35 a 39),3216,1,31.094527363184078,True,Vichada
99,2019,DANE_2018_2050,Hombre,(40 a 44),2878,1,34.746351633078525,True,Vichada
99,2019,DANE_2018_2050,Hombre,(45 a 49),2550,0,0.0,True,Vichada
99,2019,DANE_2018_2050,Hombre,(50 a 54),2235,0,0.0,True,Vichada
99,2019,DANE_2018_2050,Hombre,(55 a 59),1856,0,0.0,True,Vichada
99,2019,DANE_2018_2050,Hombre,(60 a 64),1320,0,0.0,True,Vichada
99,2019,DANE_2018_2050,Hombre,(65 a 69),929,0,0.0,True,Vichada
99,2019,DANE_2018_2050,Hombre,(70 a 74),620,0,0.0,True,Vichada
99,2019,DANE_2018_2050,Hombre,(75 a 79),373,0,0.0,True,Vichada
99,2019,DANE_2018_2050,Hombre,(80 y más),336,0,0.0,True,Vichada
99,2019,DANE_2018_2050,Mujer,(05 a 09),7152,0,0.0,True,Vichada
99,2019,DANE_2018_2050,Mujer,(10 a 14),7601,0,0.0,True,Vichada
99,2019,DANE_2018_2050,Mujer,(15 a 17),4390,0,0.0,True,Vichada
99,2019,DANE_2018_2050,Mujer,(18 a 19),2540,0,0.0,True,Vichada
99,2019,DANE_2018_2050,Mujer,(20 a 24),4828,0,0.0,True,Vichada
99,2019,DANE_2018_2050,Mujer,(25 a 29),3805,0,0.0,True,Vichada
99,2019,DANE_2018_2050,Mujer,(30 a 34),3197,0,0.0,True,Vichada
99,2019,DANE_2018_2050,Mujer,(35 a 39),2866,0,0.0,True,Vichada
99,2019,DANE_2018_2050,Mujer,(40 a 44),2395,0,0.0,True,Vichada
99,2019,DANE_2018_2050,Mujer,(45 a 49),1982,0,0.0,True,Vichada
99,2019,DANE_2018_2050,Mujer,(50 a 54),1662,0,0.0,True,Vichada
99,2019,DANE_2018_2050,Mujer,(55 a 59),1344,0,0.0,True,Vichada
99,2019,DANE_2018_2050,Mujer,(60 a 64),1003,0,0.0,True,Vichada
99,2019,DANE_2018_2050,Mujer,(65 a 69),711,0,0.0,True,Vichada
99,2019,DANE_2018_2050,Mujer,(70 a 74),436,0,0.0,True,Vichada
99,2019,DANE_2018_2050,Mujer,(75 a 79),259,0,0.0,True,Vichada
99,2019,DANE_2018_2050,Mujer,(80 y más),278,0,0.0,True,Vichada
99,2020,DANE_2018_2050,Hombre,(05 a 09),7954,0,0.0,True,Vichada
99,2020,DANE_2018_2050,Hombre,(10 a 14),8609,0,0.0,True,Vichada
99,2020,DANE_2018_2050,Hombre,(15 a 17),5223,0,0.0,True,Vichada
99,2020,DANE_2018_2050,Hombre,(18 a 19),3224,0,0.0,True,Vichada
99,2020,DANE_2018_2050,Hombre,(20 a 24),6446,0,0.0,True,Vichada
99,2020,DANE_2018_2050,Hombre,(25 a 29),4594,1,21.767522855899,True,Vichada
99,2020,DANE_2018_2050,Hombre,(30 a 34),3747,0,0.0,True,Vichada
99,2020,DANE_2018_2050,Hombre,(35 a 39),3389,0,0.0,True,Vichada
99,2020,DANE_2018_2050,Hombre,(40 a 44),3067,0,0.0,True,Vichada
99,2020,DANE_2018_2050,Hombre,(45 a 49),2689,0,0.0,True,Vichada
99,2020,DANE_2018_2050,Hombre,(50 a 54),2368,0,0.0,True,Vichada
99,2020,DANE_2018_2050,Hombre,(55 a 59),1987,0,0.0,True,Vichada
99,2020,DANE_2018_2050,Hombre,(60 a 64),1425,0,0.0,True,Vichada
99,2020,DANE_2018_2050,Hombre,(65 a 69),992,0,0.0,True,Vichada
99,2020,DANE_2018_2050,Hombre,(70 a 74),654,0,0.0,True,Vichada
99,2020,DANE_2018_2050,Hombre,(75 a 79),388,0,0.0,True,Vichada
99,2020,DANE_2018_2050,Hombre,(80 y más),353,0,0.0,True,Vichada
99,2020,DANE_2018_2050,Mujer,(05 a 09),7378,0,0.0,True,Vichada
99,2020,DANE_2018_2050,Mujer,(10 a 14),7801,0,0.0,True,Vichada
99,2020,DANE_2018_2050,Mujer,(15 a 17),4597,0,0.0,True,Vichada
99,2020,DANE_2018_2050,Mujer,(18 a 19),2808,0,0.0,True,Vichada
99,2020,DANE_2018_2050,Mujer,(20 a 24),5309,0,0.0,True,Vichada
99,2020,DANE_2018_2050,Mujer,(25 a 29),4102,0,0.0,True,Vichada
99,2020,DANE_2018_2050,Mujer,(30 a 34),3404,0,0.0,True,Vichada
99,2020,DANE_2018_2050,Mujer,(35 a 39),3042,0,0.0,True,Vichada
99,2020,DANE_2018_2050,Mujer,(40 a 44),2576,0,0.0,True,Vichada
99,2020,DANE_2018_2050,Mujer,(45 a 49),2111,0,0.0,True,Vichada
99,2020,DANE_2018_2050,Mujer,(50 a 54),1772,0,0.0,True,Vichada
99,2020,DANE_2018_2050,Mujer,(55 a 59),1454,0,0.0,True,Vichada
99,2020,DANE_2018_2050,Mujer,(60 a 64),1092,0,0.0,True,Vichada
99,2020,DANE_2018_2050,Mujer,(65 a 69),769,0,0.0,True,Vichada
99,2020,DANE_2018_2050,Mujer,(70 a 74),476,0,0.0,True,Vichada
99,2020,DANE_2018_2050,Mujer,(75 a 79),277,0,0.0,True,Vichada
99,2020,DANE_2018_2050,Mujer,(80 y más),299,0,0.0,True,Vichada
99,2021,DANE_2018_2050,Hombre,(05 a 09),8169,0,0.0,True,Vichada
99,2021,DANE_2018_2050,Hombre,(10 a 14),8798,1,11.366219595362583,True,Vichada
99,2021,DANE_2018_2050,Hombre,(15 a 17),5363,0,0.0,True,Vichada
99,2021,DANE_2018_2050,Hombre,(18 a 19),3365,0,0.0,True,Vichada
99,2021,DANE_2018_2050,Hombre,(20 a 24),7049,0,0.0,True,Vichada
99,2021,DANE_2018_2050,Hombre,(25 a 29),4906,0,0.0,True,Vichada
99,2021,DANE_2018_2050,Hombre,(30 a 34),3959,0,0.0,True,Vichada
99,2021,DANE_2018_2050,Hombre,(35 a 39),3536,0,0.0,True,Vichada
99,2021,DANE_2018_2050,Hombre,(40 a 44),3248,0,0.0,True,Vichada
99,2021,DANE_2018_2050,Hombre,(45 a 49),2808,0,0.0,True,Vichada
99,2021,DANE_2018_2050,Hombre,(50 a 54),2491,0,0.0,True,Vichada
99,2021,DANE_2018_2050,Hombre,(55 a 59),2097,1,47.68717215069146,True,Vichada
99,2021,DANE_2018_2050,Hombre,(60 a 64),1543,0,0.0,True,Vichada
99,2021,DANE_2018_2050,Hombre,(65 a 69),1050,0,0.0,True,Vichada
99,2021,DANE_2018_2050,Hombre,(70 a 74),696,1,143.67816091954023,True,Vichada
99,2021,DANE_2018_2050,Hombre,(75 a 79),405,0,0.0,True,Vichada
99,2021,DANE_2018_2050,Hombre,(80 y más),377,0,0.0,True,Vichada
99,2021,DANE_2018_2050,Mujer,(05 a 09),7570,0,0.0,True,Vichada
99,2021,DANE_2018_2050,Mujer,(10 a 14),7965,0,0.0,True,Vichada
99,2021,DANE_2018_2050,Mujer,(15 a 17),4752,0,0.0,True,Vichada
99,2021,DANE_2018_2050,Mujer,(18 a 19),2984,0,0.0,True,Vichada
99,2021,DANE_2018_2050,Mujer,(20 a 24),5809,0,0.0,True,Vichada
99,2021,DANE_2018_2050,Mujer,(25 a 29),4370,0,0.0,True,Vichada
99,2021,DANE_2018_2050,Mujer,(30 a 34),3615,0,0.0,True,Vichada
99,2021,DANE_2018_2050,Mujer,(35 a 39),3184,0,0.0,True,Vichada
99,2021,DANE_2018_2050,Mujer,(40 a 44),2734,0,0.0,True,Vichada
99,2021,DANE_2018_2050,Mujer,(45 a 49),2222,0,0.0,True,Vichada
99,2021,DANE_2018_2050,Mujer,(50 a 54),1875,0,0.0,True,Vichada
99,2021,DANE_2018_2050,Mujer,(55 a 59),1555,0,0.0,True,Vichada
99,2021,DANE_2018_2050,Mujer,(60 a 64),1177,0,0.0,True,Vichada
99,2021,DANE_2018_2050,Mujer,(65 a 69),826,0,0.0,True,Vichada
99,2021,DANE_2018_2050,Mujer,(70 a 74),512,0,0.0,True,Vichada
99,2021,DANE_2018_2050,Mujer,(75 a 79),291,0,0.0,True,Vichada
99,2021,DANE_2018_2050,Mujer,(80 y más),319,0,0.0,True,Vichada
99,2022,DANE_2018_2050,Hombre,(05 a 09),8387,0,0.0,True,Vichada
99,2022,DANE_2018_2050,Hombre,(10 a 14),8944,0,0.0,True,Vichada
99,2022,DANE_2018_2050,Hombre,(15 a 17),5485,1,18.23154056517776,True,Vichada
99,2022,DANE_2018_2050,Hombre,(18 a 19),3472,1,28.80184331797235,True,Vichada
99,2022,DANE_2018_2050,Hombre,(20 a 24),7612,0,0.0,True,Vichada
99,2022,DANE_2018_2050,Hombre,(25 a 29),5250,0,0.0,True,Vichada
99,2022,DANE_2018_2050,Hombre,(30 a 34),4182,0,0.0,True,Vichada
99,2022,DANE_2018_2050,Hombre,(35 a 39),3692,0,0.0,True,Vichada
99,2022,DANE_2018_2050,Hombre,(40 a 44),3410,1,29.325513196480937,True,Vichada
99,2022,DANE_2018_2050,Hombre,(45 a 49),2943,0,0.0,True,Vichada
99,2022,DANE_2018_2050,Hombre,(50 a 54),2605,0,0.0,True,Vichada
99,2022,DANE_2018_2050,Hombre,(55 a 59),2205,1,45.3514739229025,True,Vichada
99,2022,DANE_2018_2050,Hombre,(60 a 64),1668,0,0.0,True,Vichada
99,2022,DANE_2018_2050,Hombre,(65 a 69),1117,0,0.0,True,Vichada
99,2022,DANE_2018_2050,Hombre,(70 a 74),735,0,0.0,True,Vichada
99,2022,DANE_2018_2050,Hombre,(75 a 79),426,0,0.0,True,Vichada
99,2022,DANE_2018_2050,Hombre,(80 y más),383,0,0.0,True,Vichada
99,2022,DANE_2018_2050,Mujer,(05 a 09),7747,0,0.0,True,Vichada
99,2022,DANE_2018_2050,Mujer,(10 a 14),8111,0,0.0,True,Vichada
99,2022,DANE_2018_2050,Mujer,(15 a 17),4877,0,0.0,True,Vichada
99,2022,DANE_2018_2050,Mujer,(18 a 19),3102,0,0.0,True,Vichada
99,2022,DANE_2018_2050,Mujer,(20 a 24),6336,0,0.0,True,Vichada
99,2022,DANE_2018_2050,Mujer,(25 a 29),4638,0,0.0,True,Vichada
99,2022,DANE_2018_2050,Mujer,(30 a 34),3822,0,0.0,True,Vichada
99,2022,DANE_2018_2050,Mujer,(35 a 39),3321,0,0.0,True,Vichada
99,2022,DANE_2018_2050,Mujer,(40 a 44),2897,0,0.0,True,Vichada
99,2022,DANE_2018_2050,Mujer,(45 a 49),2344,0,0.0,True,Vichada
99,2022,DANE_2018_2050,Mujer,(50 a 54),1978,0,0.0,True,Vichada
99,2022,DANE_2018_2050,Mujer,(55 a 59),1653,0,0.0,True,Vichada
99,2022,DANE_2018_2050,Mujer,(60 a 64),1272,0,0.0,True,Vichada
99,2022,DANE_2018_2050,Mujer,(65 a 69),895,0,0.0,True,Vichada
99,2022,DANE_2018_2050,Mujer,(70 a 74),557,0,0.0,True,Vichada
99,2022,DANE_2018_2050,Mujer,(75 a 79),310,0,0.0,True,Vichada
99,2022,DANE_2018_2050,Mujer,(80 y más),333,0,0.0,True,Vichada
99,2023,DANE_2018_2050,Hombre,(05 a 09),8619,0,0.0,True,Vichada
99,2023,DANE_2018_2050,Hombre,(10 a 14),9095,0,0.0,True,Vichada
99,2023,DANE_2018_2050,Hombre,(15 a 17),5595,2,35.746201966041106,True,Vichada
99,2023,DANE_2018_2050,Hombre,(18 a 19),3556,0,0.0,True,Vichada
99,2023,DANE_2018_2050,Hombre,(20 a 24),8099,0,0.0,True,Vichada
99,2023,DANE_2018_2050,Hombre,(25 a 29),5654,0,0.0,True,Vichada
99,2023,DANE_2018_2050,Hombre,(30 a 34),4437,0,0.0,True,Vichada
99,2023,DANE_2018_2050,Hombre,(35 a 39),3860,1,25.906735751295336,True,Vichada
99,2023,DANE_2018_2050,Hombre,(40 a 44),3573,0,0.0,True,Vichada
99,2023,DANE_2018_2050,Hombre,(45 a 49),3084,0,0.0,True,Vichada
99,2023,DANE_2018_2050,Hombre,(50 a 54),2722,0,0.0,True,Vichada
99,2023,DANE_2018_2050,Hombre,(55 a 59),2319,0,0.0,True,Vichada
99,2023,DANE_2018_2050,Hombre,(60 a 64),1786,0,0.0,True,Vichada
99,2023,DANE_2018_2050,Hombre,(65 a 69),1192,0,0.0,True,Vichada
99,2023,DANE_2018_2050,Hombre,(70 a 74),778,0,0.0,True,Vichada
99,2023,DANE_2018_2050,Hombre,(75 a 79),450,0,0.0,True,Vichada
99,2023,DANE_2018_2050,Hombre,(80 y más),400,0,0.0,True,Vichada
99,2023,DANE_2018_2050,Mujer,(05 a 09),7910,0,0.0,True,Vichada
99,2023,DANE_2018_2050,Mujer,(10 a 14),8266,0,0.0,True,Vichada
99,2023,DANE_2018_2050,Mujer,(15 a 17),4970,0,0.0,True,Vichada
99,2023,DANE_2018_2050,Mujer,(18 a 19),3202,2,62.46096189881324,True,Vichada
99,2023,DANE_2018_2050,Mujer,(20 a 24),6823,0,0.0,True,Vichada
99,2023,DANE_2018_2050,Mujer,(25 a 29),4935,0,0.0,True,Vichada
99,2023,DANE_2018_2050,Mujer,(30 a 34),4060,0,0.0,True,Vichada
99,2023,DANE_2018_2050,Mujer,(35 a 39),3458,0,0.0,True,Vichada
99,2023,DANE_2018_2050,Mujer,(40 a 44),3056,0,0.0,True,Vichada
99,2023,DANE_2018_2050,Mujer,(45 a 49),2473,0,0.0,True,Vichada
99,2023,DANE_2018_2050,Mujer,(50 a 54),2079,0,0.0,True,Vichada
99,2023,DANE_2018_2050,Mujer,(55 a 59),1744,0,0.0,True,Vichada
99,2023,DANE_2018_2050,Mujer,(60 a 64),1366,0,0.0,True,Vichada
99,2023,DANE_2018_2050,Mujer,(65 a 69),962,0,0.0,True,Vichada
99,2023,DANE_2018_2050,Mujer,(70 a 74),596,0,0.0,True,Vichada
99,2023,DANE_2018_2050,Mujer,(75 a 79),329,0,0.0,True,Vichada
99,2023,DANE_2018_2050,Mujer,(80 y más),343,0,0.0,True,Vichada
99,2024,DANE_2018_2050,Hombre,(05 a 09),8846,0,0.0,True,Vichada
99,2024,DANE_2018_2050,Hombre,(10 a 14),9247,0,0.0,True,Vichada
99,2024,DANE_2018_2050,Hombre,(15 a 17),5695,0,0.0,True,Vichada
99,2024,DANE_2018_2050,Hombre,(18 a 19),3626,1,27.57859900717044,True,Vichada
99,2024,DANE_2018_2050,Hombre,(20 a 24),8483,0,0.0,True,Vichada
99,2024,DANE_2018_2050,Hombre,(25 a 29),6118,0,0.0,True,Vichada
99,2024,DANE_2018_2050,Hombre,(30 a 34),4701,0,0.0,True,Vichada
99,2024,DANE_2018_2050,Hombre,(35 a 39),4036,0,0.0,True,Vichada
99,2024,DANE_2018_2050,Hombre,(40 a 44),3727,0,0.0,True,Vichada
99,2024,DANE_2018_2050,Hombre,(45 a 49),3249,0,0.0,True,Vichada
99,2024,DANE_2018_2050,Hombre,(50 a 54),2837,0,0.0,True,Vichada
99,2024,DANE_2018_2050,Hombre,(55 a 59),2435,1,41.067761806981515,True,Vichada
99,2024,DANE_2018_2050,Hombre,(60 a 64),1910,1,52.356020942408385,True,Vichada
99,2024,DANE_2018_2050,Hombre,(65 a 69),1280,0,0.0,True,Vichada
99,2024,DANE_2018_2050,Hombre,(70 a 74),821,0,0.0,True,Vichada
99,2024,DANE_2018_2050,Hombre,(75 a 79),483,0,0.0,True,Vichada
99,2024,DANE_2018_2050,Hombre,(80 y más),418,0,0.0,True,Vichada
99,2024,DANE_2018_2050,Mujer,(05 a 09),8105,0,0.0,True,Vichada
99,2024,DANE_2018_2050,Mujer,(10 a 14),8434,1,11.856770215793219,True,Vichada
99,2024,DANE_2018_2050,Mujer,(15 a 17),5048,0,0.0,True,Vichada
99,2024,DANE_2018_2050,Mujer,(18 a 19),3286,0,0.0,True,Vichada
99,2024,DANE_2018_2050,Mujer,(20 a 24),7264,0,0.0,True,Vichada
99,2024,DANE_2018_2050,Mujer,(25 a 29),5275,0,0.0,True,Vichada
99,2024,DANE_2018_2050,Mujer,(30 a 34),4310,1,23.201856148491878,True,Vichada
99,2024,DANE_2018_2050,Mujer,(35 a 39),3611,0,0.0,True,Vichada
99,2024,DANE_2018_2050,Mujer,(40 a 44),3214,0,0.0,True,Vichada
99,2024,DANE_2018_2050,Mujer,(45 a 49),2621,0,0.0,True,Vichada
99,2024,DANE_2018_2050,Mujer,(50 a 54),2180,0,0.0,True,Vichada
99,2024,DANE_2018_2050,Mujer,(55 a 59),1846,0,0.0,True,Vichada
99,2024,DANE_2018_2050,Mujer,(60 a 64),1469,0,0.0,True,Vichada
99,2024,DANE_2018_2050,Mujer,(65 a 69),1037,0,0.0,True,Vichada
99,2024,DANE_2018_2050,Mujer,(70 a 74),649,0,0.0,True,Vichada
99,2024,DANE_2018_2050,Mujer,(75 a 79),355,0,0.0,True,Vichada
99,2024,DANE_2018_2050,Mujer,(80 y más),360,0,0.0,True,Vichada
