DP,AÑO,serie_poblacion,sexo,grupo,poblacion,casos,tasa_x100k,baja_frecuencia,departamento,casos_predichos
5,2024,DANE_2018_2050,Hombre,(05 a 09),237196,1,0.42159226968414304,1,Antioquia,0.31093184854205796
5,2024,DANE_2018_2050,Hombre,(10 a 14),255926,8,3.1259035815040286,0,Antioquia,9.237317900920324
5,2024,DANE_2018_2050,Hombre,(15 a 17),162350,18,11.087157376039421,0,Antioquia,17.832771321519584
5,2024,DANE_2018_2050,Hombre,(18 a 19),110362,19,17.21607074898969,0,Antioquia,19.636488015910224
5,2024,DANE_2018_2050,Hombre,(20 a 24),281131,54,19.20812717203012,0,Antioquia,54.65837501227181
5,2024,DANE_2018_2050,Hombre,(25 a 29),294867,64,21.70470076339502,0,Antioquia,49.35764222356823
5,2024,DANE_2018_2050,Hombre,(30 a 34),288587,41,14.207154168413686,0,Antioquia,44.0460216668311
5,2024,DANE_2018_2050,Hombre,(35 a 39),254159,42,16.525088625624118,0,Antioquia,36.62454312654848
5,2024,DANE_2018_2050,Hombre,(40 a 44),227255,31,13.641064002992232,0,Antioquia,29.51179986499942
5,2024,DANE_2018_2050,Hombre,(45 a 49),190116,29,15.253845020934587,0,Antioquia,27.451801485941008
5,2024,DANE_2018_2050,Hombre,(50 a 54),171467,19,11.08084937626482,0,Antioquia,24.519997972919974
5,2024,DANE_2018_2050,Hombre,(55 a 59),172860,27,15.619576535925027,0,Antioquia,26.328722653887496
5,2024,DANE_2018_2050,Hombre,(60 a 64),153899,18,11.695982430035283,0,Antioquia,25.358043886589932
5,2024,DANE_2018_2050,Hombre,(65 a 69),118703,16,13.479019064387591,0,Antioquia,20.355316405768537
5,2024,DANE_2018_2050,Hombre,(70 a 74),86057,9,10.458184691541652,0,Antioquia,15.230531248788784
5,2024,DANE_2018_2050,Hombre,(75 a 79),56798,4,7.0425014965315675,1,Antioquia,10.783354011522478
5,2024,DANE_2018_2050,Hombre,(80 y más),59651,6,10.058506982280264,0,Antioquia,10.769890846487195
5,2024,DANE_2018_2050,Mujer,(05 a 09),225478,0,0.0,1,Antioquia,0.16417187361521496
5,2024,DANE_2018_2050,Mujer,(10 a 14),243253,7,2.8776623515434547,0,Antioquia,8.591118843965605
5,2024,DANE_2018_2050,Mujer,(15 a 17),155202,6,3.8659295627633665,0,Antioquia,11.371301499634942
5,2024,DANE_2018_2050,Mujer,(18 a 19),105762,8,7.564153476674042,0,Antioquia,6.349954539484343
5,2024,DANE_2018_2050,Mujer,(20 a 24),273642,15,5.481614664415551,0,Antioquia,14.258849328688116
5,2024,DANE_2018_2050,Mujer,(25 a 29),293791,8,2.7230241906661536,0,Antioquia,12.1222369175855
5,2024,DANE_2018_2050,Mujer,(30 a 34),285951,13,4.546233445590329,0,Antioquia,8.411622380837262
5,2024,DANE_2018_2050,Mujer,(35 a 39),257745,9,3.491823313740325,0,Antioquia,7.185458092927127
5,2024,DANE_2018_2050,Mujer,(40 a 44),241651,9,3.7243793735593895,0,Antioquia,6.606681298376671
5,2024,DANE_2018_2050,Mujer,(45 a 49),212680,8,3.761519653940192,0,Antioquia,4.73295811511058
5,2024,DANE_2018_2050,Mujer,(50 a 54),199480,6,3.00782033286545,0,Antioquia,4.614981067681922
5,2024,DANE_2018_2050,Mujer,(55 a 59),205136,2,0.9749629514078465,1,Antioquia,4.371289880553087
5,2024,DANE_2018_2050,Mujer,(60 a 64),188818,5,2.6480526221017064,0,Antioquia,3.7949636320368945
5,2024,DANE_2018_2050,Mujer,(65 a 69),153779,2,1.3005676978000897,1,Antioquia,2.7507911133105654
5,2024,DANE_2018_2050,Mujer,(70 a 74),115032,1,0.8693233187287016,1,Antioquia,2.193830502273911
5,2024,DANE_2018_2050,Mujer,(75 a 79),78898,0,0.0,1,Antioquia,0.7818119446644133
5,2024,DANE_2018_2050,Mujer,(80 y más),92526,1,1.080777295030586,1,Antioquia,0.8157882387354887
8,2024,DANE_2018_2050,Hombre,(05 a 09),114397,0,0.0,1,Atlántico,0.07952389921477564
8,2024,DANE_2018_2050,Hombre,(10 a 14),116886,1,0.8555344523723971,1,Atlántico,2.237273923599466
8,2024,DANE_2018_2050,Hombre,(15 a 17),72032,4,5.553087516659263,1,Atlántico,4.195823429067693
8,2024,DANE_2018_2050,Hombre,(18 a 19),48686,3,6.161935669391611,1,Atlántico,4.593815325456638
8,2024,DANE_2018_2050,Hombre,(20 a 24),122889,11,8.95116731359194,0,Atlántico,12.670278811361284
8,2024,DANE_2018_2050,Hombre,(25 a 29),119611,5,4.180217538520704,0,Atlántico,10.617555468713391
8,2024,DANE_2018_2050,Hombre,(30 a 34),111788,4,3.5782015958779114,1,Atlántico,9.047952120395781
8,2024,DANE_2018_2050,Hombre,(35 a 39),98785,4,4.049197752695247,1,Atlántico,7.548886745653896
8,2024,DANE_2018_2050,Hombre,(40 a 44),91336,6,6.569151265656477,0,Atlántico,6.289982262731423
8,2024,DANE_2018_2050,Hombre,(45 a 49),78485,4,5.096515257692553,1,Atlántico,6.009855457309816
8,2024,DANE_2018_2050,Hombre,(50 a 54),69749,5,7.168561556438085,0,Atlántico,5.289359052624761
8,2024,DANE_2018_2050,Hombre,(55 a 59),65483,5,7.635569537131775,0,Atlántico,5.289188337129603
8,2024,DANE_2018_2050,Hombre,(60 a 64),57258,6,10.478885046631039,0,Atlántico,5.00312447861824
8,2024,DANE_2018_2050,Hombre,(65 a 69),42994,3,6.977717821091315,1,Atlántico,3.9097518825288957
8,2024,DANE_2018_2050,Hombre,(70 a 74),30452,3,9.851569683436228,1,Atlántico,2.8580502075192284
8,2024,DANE_2018_2050,Hombre,(75 a 79),19530,1,5.1203277009728625,1,Atlántico,1.9662930577757307
8,2024,DANE_2018_2050,Hombre,(80 y más),20793,2,9.618621651517337,1,Atlántico,1.990837944090715
8,2024,DANE_2018_2050,Mujer,(05 a 09),110063,1,0.9085705459600412,1,Atlántico,0.04249727760168891
8,2024,DANE_2018_2050,Mujer,(10 a 14),113284,1,0.8827371914833515,1,Atlántico,2.121706368681742
8,2024,DANE_2018_2050,Mujer,(15 a 17),69603,2,2.8734393632458373,1,Atlántico,2.70436933520033
8,2024,DANE_2018_2050,Mujer,(18 a 19),46821,0,0.0,1,Atlántico,1.4907569035691928
8,2024,DANE_2018_2050,Mujer,(20 a 24),120589,1,0.8292630339417361,1,Atlántico,3.3322271655450413
8,2024,DANE_2018_2050,Mujer,(25 a 29),121510,2,1.6459550654267139,1,Atlántico,2.6587743718409445
8,2024,DANE_2018_2050,Mujer,(30 a 34),114829,1,0.8708601485687414,1,Atlántico,1.7912859266305678
8,2024,DANE_2018_2050,Mujer,(35 a 39),103696,0,0.0,1,Atlántico,1.5330326298135817
8,2024,DANE_2018_2050,Mujer,(40 a 44),98600,0,0.0,1,Atlántico,1.429541799035765
8,2024,DANE_2018_2050,Mujer,(45 a 49),86412,1,1.1572466787020321,1,Atlántico,1.0197770861296165
8,2024,DANE_2018_2050,Mujer,(50 a 54),77680,0,0.0,1,Atlántico,0.9530264717317437
8,2024,DANE_2018_2050,Mujer,(55 a 59),74826,0,0.0,1,Atlántico,0.8455619608236035
8,2024,DANE_2018_2050,Mujer,(60 a 64),66639,0,0.0,1,Atlántico,0.7102608542364433
8,2024,DANE_2018_2050,Mujer,(65 a 69),51455,0,0.0,1,Atlántico,0.48810510023580284
8,2024,DANE_2018_2050,Mujer,(70 a 74),38117,0,0.0,1,Atlántico,0.38550347286586567
8,2024,DANE_2018_2050,Mujer,(75 a 79),25241,0,0.0,1,Atlántico,0.13263802506651393
8,2024,DANE_2018_2050,Mujer,(80 y más),30372,0,0.0,1,Atlántico,0.14200780882590727
11,2024,DANE_2018_2050,Hombre,(05 a 09),246082,0,0.0,1,"Bogotá, D.C.",0.23511921918381262
11,2024,DANE_2018_2050,Hombre,(10 a 14),264910,7,2.642406855158356,0,"Bogotá, D.C.",6.969157330094648
11,2024,DANE_2018_2050,Hombre,(15 a 17),170467,11,6.452861844227915,0,"Bogotá, D.C.",13.64763191496782
11,2024,DANE_2018_2050,Hombre,(18 a 19),118384,11,9.291796188674144,0,"Bogotá, D.C.",15.352803793129667
11,2024,DANE_2018_2050,Hombre,(20 a 24),319123,40,12.534351958335815,0,"Bogotá, D.C.",45.222703292548125
11,2024,DANE_2018_2050,Hombre,(25 a 29),381307,48,12.588281883102068,0,"Bogotá, D.C.",46.521471961220314
11,2024,DANE_2018_2050,Hombre,(30 a 34),373741,35,9.364774001246854,0,"Bogotá, D.C.",41.57680408005371
11,2024,DANE_2018_2050,Hombre,(35 a 39),317299,24,7.563843567108627,0,"Bogotá, D.C.",33.32620498011947
11,2024,DANE_2018_2050,Hombre,(40 a 44),279523,27,9.65931247160341,0,"Bogotá, D.C.",26.457587050362072
11,2024,DANE_2018_2050,Hombre,(45 a 49),233148,16,6.862593717295452,0,"Bogotá, D.C.",24.537725902037007
11,2024,DANE_2018_2050,Hombre,(50 a 54),206825,16,7.736008703009791,0,"Bogotá, D.C.",21.557249519480592
11,2024,DANE_2018_2050,Hombre,(55 a 59),194272,13,6.691648822269808,0,"Bogotá, D.C.",21.56730734739456
11,2024,DANE_2018_2050,Hombre,(60 a 64),166675,9,5.399730013499325,0,"Bogotá, D.C.",20.017085774407818
11,2024,DANE_2018_2050,Hombre,(65 a 69),125274,12,9.579002825805834,0,"Bogotá, D.C.",15.657684657169435
11,2024,DANE_2018_2050,Hombre,(70 a 74),88493,7,7.910230187698462,0,"Bogotá, D.C.",11.415322967729912
11,2024,DANE_2018_2050,Hombre,(75 a 79),57121,3,5.252008893401726,1,"Bogotá, D.C.",7.904366278786467
11,2024,DANE_2018_2050,Hombre,(80 y más),60315,2,3.3159247285086626,1,"Bogotá, D.C.",7.937236856234965
11,2024,DANE_2018_2050,Mujer,(05 a 09),233008,0,0.0,1,"Bogotá, D.C.",0.1236561862215432
11,2024,DANE_2018_2050,Mujer,(10 a 14),253915,3,1.1814977453084692,1,"Bogotá, D.C.",6.536274977226289
11,2024,DANE_2018_2050,Mujer,(15 a 17),164240,10,6.088650754992694,0,"Bogotá, D.C.",8.77086108548922
11,2024,DANE_2018_2050,Mujer,(18 a 19),114176,7,6.130885650224215,0,"Bogotá, D.C.",4.996503780659644
11,2024,DANE_2018_2050,Mujer,(20 a 24),315725,14,4.434238657059149,0,"Bogotá, D.C.",11.991158153640994
11,2024,DANE_2018_2050,Mujer,(25 a 29),381405,7,1.8353194111246576,0,"Bogotá, D.C.",11.470466936042124
11,2024,DANE_2018_2050,Mujer,(30 a 34),366885,11,2.9982146994289764,0,"Bogotá, D.C.",7.866264393745745
11,2024,DANE_2018_2050,Mujer,(35 a 39),319503,5,1.564930532733652,0,"Bogotá, D.C.",6.4921655705442385
11,2024,DANE_2018_2050,Mujer,(40 a 44),297948,9,3.0206613234524147,0,"Bogotá, D.C.",5.937254567121
11,2024,DANE_2018_2050,Mujer,(45 a 49),264111,1,0.3786286826372245,1,"Bogotá, D.C.",4.283935606960573
11,2024,DANE_2018_2050,Mujer,(50 a 54),241735,3,1.2410283988665274,1,"Bogotá, D.C.",4.076247395392397
11,2024,DANE_2018_2050,Mujer,(55 a 59),234334,4,1.7069652717915456,1,"Bogotá, D.C.",3.6395984018286263
11,2024,DANE_2018_2050,Mujer,(60 a 64),210358,2,0.9507601327261145,1,"Bogotá, D.C.",3.081581749141844
11,2024,DANE_2018_2050,Mujer,(65 a 69),167442,1,0.5972217245374518,1,"Bogotá, D.C.",2.183108990197463
11,2024,DANE_2018_2050,Mujer,(70 a 74),123911,2,1.6140617055790045,1,"Bogotá, D.C.",1.7224423569458456
11,2024,DANE_2018_2050,Mujer,(75 a 79),84391,2,2.3699209631358795,1,"Bogotá, D.C.",0.609512863010816
11,2024,DANE_2018_2050,Mujer,(80 y más),99847,1,1.0015323444870652,1,"Bogotá, D.C.",0.6416513435313008
13,2024,DANE_2018_2050,Hombre,(05 a 09),102502,0,0.0,1,Bolívar,0.0691979593338256
13,2024,DANE_2018_2050,Hombre,(10 a 14),103656,2,1.9294589797020916,1,Bolívar,1.9267662341929193
13,2024,DANE_2018_2050,Hombre,(15 a 17),62605,2,3.1946330165322254,1,Bolívar,3.541430043872512
13,2024,DANE_2018_2050,Hombre,(18 a 19),41082,1,2.434156078087727,1,Bolívar,3.764427460724817
13,2024,DANE_2018_2050,Hombre,(20 a 24),98185,5,5.092427560217956,0,Bolívar,9.830966654624437
13,2024,DANE_2018_2050,Hombre,(25 a 29),86788,11,12.674563303682538,0,Bolívar,7.481540213551737
13,2024,DANE_2018_2050,Hombre,(30 a 34),80932,8,9.884841595413434,0,Bolívar,6.361408684165278
13,2024,DANE_2018_2050,Hombre,(35 a 39),71142,4,5.622557701498412,1,Bolívar,5.279537669656224
13,2024,DANE_2018_2050,Hombre,(40 a 44),66103,7,10.589534514318563,0,Bolívar,4.420857534155762
13,2024,DANE_2018_2050,Hombre,(45 a 49),58664,4,6.818491749624983,1,Bolívar,4.362414752904859
13,2024,DANE_2018_2050,Hombre,(50 a 54),52961,3,5.664545609033062,1,Bolívar,3.90031027591424
13,2024,DANE_2018_2050,Hombre,(55 a 59),49852,2,4.011875150445318,1,Bolívar,3.9103980471508866
13,2024,DANE_2018_2050,Hombre,(60 a 64),43107,5,11.599044238754727,0,Bolívar,3.6578917642106106
13,2024,DANE_2018_2050,Hombre,(65 a 69),32862,4,12.172113687541842,1,Bolívar,2.9021058837875056
13,2024,DANE_2018_2050,Hombre,(70 a 74),23945,3,12.52871163082063,1,Bolívar,2.1824625046060473
13,2024,DANE_2018_2050,Hombre,(75 a 79),16039,1,6.234802668495543,1,Bolívar,1.568199124512958
13,2024,DANE_2018_2050,Hombre,(80 y más),17616,2,11.353315168029065,1,Bolívar,1.6379625753782998
13,2024,DANE_2018_2050,Mujer,(05 a 09),97522,0,0.0,1,Bolívar,0.03656792183136296
13,2024,DANE_2018_2050,Mujer,(10 a 14),97844,4,4.0881403049752665,1,Bolívar,1.779626322134405
13,2024,DANE_2018_2050,Mujer,(15 a 17),58788,0,0.0,1,Bolívar,2.21822015290357
13,2024,DANE_2018_2050,Mujer,(18 a 19),38934,0,0.0,1,Bolívar,1.2038519642953889
13,2024,DANE_2018_2050,Mujer,(20 a 24),95144,1,1.0510384259648533,1,Bolívar,2.553208195578291
13,2024,DANE_2018_2050,Mujer,(25 a 29),88157,1,1.1343398709121226,1,Bolívar,1.8732864111772685
13,2024,DANE_2018_2050,Mujer,(30 a 34),82718,1,1.208926714862545,1,Bolívar,1.2531159950454496
13,2024,DANE_2018_2050,Mujer,(35 a 39),74382,0,0.0,1,Bolívar,1.0679112539154962
13,2024,DANE_2018_2050,Mujer,(40 a 44),70466,1,1.4191241165952375,1,Bolívar,0.9921503274071687
13,2024,DANE_2018_2050,Mujer,(45 a 49),61610,0,0.0,1,Bolívar,0.7060904185224238
13,2024,DANE_2018_2050,Mujer,(50 a 54),55485,1,1.802288906911778,1,Bolívar,0.6610727484726235
13,2024,DANE_2018_2050,Mujer,(55 a 59),53099,0,0.0,1,Bolívar,0.5827163004277134
13,2024,DANE_2018_2050,Mujer,(60 a 64),46788,1,2.1373001624348125,1,Bolívar,0.4842858794840701
13,2024,DANE_2018_2050,Mujer,(65 a 69),36677,0,0.0,1,Bolívar,0.3378761099944298
13,2024,DANE_2018_2050,Mujer,(70 a 74),27602,0,0.0,1,Bolívar,0.27109908468940075
13,2024,DANE_2018_2050,Mujer,(75 a 79),19084,0,0.0,1,Bolívar,0.0973887552166582
13,2024,DANE_2018_2050,Mujer,(80 y más),23595,0,0.0,1,Bolívar,0.10713632223555572
15,2024,DANE_2018_2050,Hombre,(05 a 09),46548,0,0.0,1,Boyacá,0.058441081764694355
15,2024,DANE_2018_2050,Hombre,(10 a 14),49678,2,4.02592696968477,1,Boyacá,1.717334746661525
15,2024,DANE_2018_2050,Hombre,(15 a 17),31679,6,18.939991792670224,0,Boyacá,3.3327089220173463
15,2024,DANE_2018_2050,Hombre,(18 a 19),21679,3,13.838276673278289,1,Boyacá,3.6943911291273954
15,2024,DANE_2018_2050,Hombre,(20 a 24),54784,8,14.602803738317755,0,Boyacá,10.20143084915559
15,2024,DANE_2018_2050,Hombre,(25 a 29),50072,11,21.968365553602812,0,Boyacá,8.027541245536462
15,2024,DANE_2018_2050,Hombre,(30 a 34),44448,6,13.49892008639309,0,Boyacá,6.4974286845705125
15,2024,DANE_2018_2050,Hombre,(35 a 39),40764,9,22.078304386223138,0,Boyacá,5.626040943132649
15,2024,DANE_2018_2050,Hombre,(40 a 44),40742,4,9.817878356487164,1,Boyacá,5.067385764196476
15,2024,DANE_2018_2050,Hombre,(45 a 49),37785,3,7.939658594680428,1,Boyacá,5.225537644793459
15,2024,DANE_2018_2050,Hombre,(50 a 54),35331,3,8.491126772522714,1,Boyacá,4.838995107450404
15,2024,DANE_2018_2050,Hombre,(55 a 59),33693,5,14.83987771940759,0,Boyacá,4.915122381026451
15,2024,DANE_2018_2050,Hombre,(60 a 64),30038,4,13.316465809974032,1,Boyacá,4.740349217424084
15,2024,DANE_2018_2050,Hombre,(65 a 69),24604,6,24.38627865387742,0,Boyacá,4.040929313220251
15,2024,DANE_2018_2050,Hombre,(70 a 74),19120,1,5.230125523012552,1,Boyacá,3.2409782049252738
15,2024,DANE_2018_2050,Hombre,(75 a 79),13317,2,15.018397536982803,1,Boyacá,2.4215118140136718
15,2024,DANE_2018_2050,Hombre,(80 y más),16126,2,12.40233163834801,1,Boyacá,2.78855748216081
15,2024,DANE_2018_2050,Mujer,(05 a 09),43992,0,0.0,1,Boyacá,0.030678043582768263
15,2024,DANE_2018_2050,Mujer,(10 a 14),46894,1,2.132468972576449,1,Boyacá,1.5862373570976795
15,2024,DANE_2018_2050,Mujer,(15 a 17),29867,3,10.04453075300499,1,Boyacá,2.0958675608882884
15,2024,DANE_2018_2050,Mujer,(18 a 19),20542,0,0.0,1,Boyacá,1.1812533654802884
15,2024,DANE_2018_2050,Mujer,(20 a 24),52067,5,9.603011504407782,0,Boyacá,2.598505568949881
15,2024,DANE_2018_2050,Mujer,(25 a 29),48126,5,10.389394506088186,0,Boyacá,1.9018813496306861
15,2024,DANE_2018_2050,Mujer,(30 a 34),44472,1,2.2486058643640945,1,Boyacá,1.2529512738477857
15,2024,DANE_2018_2050,Mujer,(35 a 39),42279,4,9.460961706757493,1,Boyacá,1.1288813314826036
15,2024,DANE_2018_2050,Mujer,(40 a 44),42653,1,2.3445009729679036,1,Boyacá,1.116872804242864
15,2024,DANE_2018_2050,Mujer,(45 a 49),39329,2,5.085306008289049,1,Boyacá,0.8382591182508045
15,2024,DANE_2018_2050,Mujer,(50 a 54),37137,0,0.0,1,Boyacá,0.8228804691922292
15,2024,DANE_2018_2050,Mujer,(55 a 59),35772,1,2.7954825002795483,1,Boyacá,0.7300797782679478
15,2024,DANE_2018_2050,Mujer,(60 a 64),32853,0,0.0,1,Boyacá,0.6324098586992394
15,2024,DANE_2018_2050,Mujer,(65 a 69),27970,0,0.0,1,Boyacá,0.4791951560638617
15,2024,DANE_2018_2050,Mujer,(70 a 74),22502,0,0.0,1,Boyacá,0.4110218341109705
15,2024,DANE_2018_2050,Mujer,(75 a 79),16903,0,0.0,1,Boyacá,0.16042035433335458
15,2024,DANE_2018_2050,Mujer,(80 y más),24103,1,4.148861137617724,1,Boyacá,0.20353735465396278
17,2024,DANE_2018_2050,Hombre,(05 a 09),32681,0,0.0,1,Caldas,0.04903960390577116
17,2024,DANE_2018_2050,Hombre,(10 a 14),36349,1,2.75110732069658,1,Caldas,1.5018194255280195
17,2024,DANE_2018_2050,Hombre,(15 a 17),23647,3,12.686598722882396,1,Caldas,2.9732838213992285
17,2024,DANE_2018_2050,Hombre,(18 a 19),16296,6,36.81885125184094,0,Caldas,3.3190900814963475
17,2024,DANE_2018_2050,Hombre,(20 a 24),41769,8,19.152960329430915,0,Caldas,9.295993799075562
17,2024,DANE_2018_2050,Hombre,(25 a 29),40480,5,12.35177865612648,0,Caldas,7.756441244986115
17,2024,DANE_2018_2050,Hombre,(30 a 34),37956,5,13.173147855411528,0,Caldas,6.6313833027676825
17,2024,DANE_2018_2050,Hombre,(35 a 39),33559,9,26.818439166840488,0,Caldas,5.5356612083925
17,2024,DANE_2018_2050,Hombre,(40 a 44),33047,3,9.077979846884741,1,Caldas,4.9125621655537115
17,2024,DANE_2018_2050,Hombre,(45 a 49),30786,3,9.744689144416293,1,Caldas,5.088610565894891
17,2024,DANE_2018_2050,Hombre,(50 a 54),29865,8,26.787209107651098,0,Caldas,4.888731307963546
17,2024,DANE_2018_2050,Hombre,(55 a 59),30362,8,26.34872538040972,0,Caldas,5.293701220587193
17,2024,DANE_2018_2050,Hombre,(60 a 64),27781,5,17.997912242179908,0,Caldas,5.239883057273753
17,2024,DANE_2018_2050,Hombre,(65 a 69),22975,6,26.115342763873777,0,Caldas,4.509884830168454
17,2024,DANE_2018_2050,Hombre,(70 a 74),17549,2,11.396660778391931,1,Caldas,3.5552896834753662
17,2024,DANE_2018_2050,Hombre,(75 a 79),11647,2,17.171803897999485,1,Caldas,2.5312128353876386
17,2024,DANE_2018_2050,Hombre,(80 y más),12319,2,16.235084016559785,1,Caldas,2.5460257820060854
17,2024,DANE_2018_2050,Mujer,(05 a 09),31369,0,0.0,1,Caldas,0.026145022731396815
17,2024,DANE_2018_2050,Mujer,(10 a 14),34697,3,8.646280658270166,1,Caldas,1.4027401143530531
17,2024,DANE_2018_2050,Mujer,(15 a 17),22300,1,4.484304932735426,1,Caldas,1.870300944047652
17,2024,DANE_2018_2050,Mujer,(18 a 19),15302,1,6.535093451836362,1,Caldas,1.051678335862765
17,2024,DANE_2018_2050,Mujer,(20 a 24),40036,1,2.497752023179139,1,Caldas,2.3880651643094373
17,2024,DANE_2018_2050,Mujer,(25 a 29),40902,1,2.4448682216028557,1,Caldas,1.9318908850441847
17,2024,DANE_2018_2050,Mujer,(30 a 34),38848,1,2.574135090609555,1,Caldas,1.3081290255429112
17,2024,DANE_2018_2050,Mujer,(35 a 39),35794,2,5.58752863608426,1,Caldas,1.142268536234774
17,2024,DANE_2018_2050,Mujer,(40 a 44),36191,0,0.0,1,Caldas,1.1326327441029622
17,2024,DANE_2018_2050,Mujer,(45 a 49),33327,0,0.0,1,Caldas,0.8489771468648051
17,2024,DANE_2018_2050,Mujer,(50 a 54),32655,1,3.062318174858368,1,Caldas,0.8647966949316093
17,2024,DANE_2018_2050,Mujer,(55 a 59),34209,1,2.923207343096846,1,Caldas,0.8344529851160191
17,2024,DANE_2018_2050,Mujer,(60 a 64),32542,3,9.218855632720791,1,Caldas,0.7486903487748638
17,2024,DANE_2018_2050,Mujer,(65 a 69),28538,0,0.0,1,Caldas,0.5843565047188672
17,2024,DANE_2018_2050,Mujer,(70 a 74),22291,1,4.486115472612265,1,Caldas,0.4866399070710597
17,2024,DANE_2018_2050,Mujer,(75 a 79),15515,0,0.0,1,Caldas,0.17598751373843047
17,2024,DANE_2018_2050,Mujer,(80 y más),18490,0,0.0,1,Caldas,0.18661404742189924
18,2024,DANE_2018_2050,Hombre,(05 a 09),19616,0,0.0,1,Caquetá,0.02121410657085444
18,2024,DANE_2018_2050,Hombre,(10 a 14),19879,0,0.0,1,Caquetá,0.5919465045423594
18,2024,DANE_2018_2050,Hombre,(15 a 17),12602,0,0.0,1,Caquetá,1.1419904399584804
18,2024,DANE_2018_2050,Hombre,(18 a 19),9024,4,44.326241134751776,1,Caquetá,1.3246458609097638
18,2024,DANE_2018_2050,Hombre,(20 a 24),22626,8,35.35755325731459,0,Caquetá,3.6292109029471114
18,2024,DANE_2018_2050,Hombre,(25 a 29),18456,3,16.25487646293888,1,Caquetá,2.5487207892305457
18,2024,DANE_2018_2050,Hombre,(30 a 34),14788,2,13.52447930754666,1,Caquetá,1.8620691802948974
18,2024,DANE_2018_2050,Hombre,(35 a 39),12685,4,31.533307055577456,1,Caquetá,1.5080427038428317
18,2024,DANE_2018_2050,Hombre,(40 a 44),11506,0,0.0,1,Caquetá,1.2327160911538408
18,2024,DANE_2018_2050,Hombre,(45 a 49),10273,1,9.734254842791785,1,Caquetá,1.2237872242910532
18,2024,DANE_2018_2050,Hombre,(50 a 54),9336,0,0.0,1,Caquetá,1.101430678962235
18,2024,DANE_2018_2050,Hombre,(55 a 59),8257,3,36.332808526099065,1,Caquetá,1.037561888950193
18,2024,DANE_2018_2050,Hombre,(60 a 64),7088,2,28.21670428893905,1,Caquetá,0.9635186063030333
18,2024,DANE_2018_2050,Hombre,(65 a 69),5279,1,18.942981625307823,1,Caquetá,0.7468343245584667
18,2024,DANE_2018_2050,Hombre,(70 a 74),3932,0,0.0,1,Caquetá,0.5741148817715437
18,2024,DANE_2018_2050,Hombre,(75 a 79),2665,0,0.0,1,Caquetá,0.4174211772667269
18,2024,DANE_2018_2050,Hombre,(80 y más),2867,1,34.87966515521451,1,Caquetá,0.427049002259841
18,2024,DANE_2018_2050,Mujer,(05 a 09),18578,0,0.0,1,Caquetá,0.011159634856971863
18,2024,DANE_2018_2050,Mujer,(10 a 14),19349,1,5.168225748100677,1,Caquetá,0.5637758804950564
18,2024,DANE_2018_2050,Mujer,(15 a 17),12597,2,15.876796062554577,1,Caquetá,0.7614413124569525
18,2024,DANE_2018_2050,Mujer,(18 a 19),8955,0,0.0,1,Caquetá,0.44357084887547665
18,2024,DANE_2018_2050,Mujer,(20 a 24),22484,1,4.447607187333214,1,Caquetá,0.96656651593331
18,2024,DANE_2018_2050,Mujer,(25 a 29),17822,0,0.0,1,Caquetá,0.6066764894126463
18,2024,DANE_2018_2050,Mujer,(30 a 34),15053,1,6.643194047698133,1,Caquetá,0.3653151265627778
18,2024,DANE_2018_2050,Mujer,(35 a 39),13265,0,0.0,1,Caquetá,0.3050899568780883
18,2024,DANE_2018_2050,Mujer,(40 a 44),12663,0,0.0,1,Caquetá,0.2856194726613342
18,2024,DANE_2018_2050,Mujer,(45 a 49),11440,1,8.741258741258742,1,Caquetá,0.2100334564582773
18,2024,DANE_2018_2050,Mujer,(50 a 54),10399,1,9.616309260505817,1,Caquetá,0.1984808393851854
18,2024,DANE_2018_2050,Mujer,(55 a 59),9169,0,0.0,1,Caquetá,0.1611929869454962
18,2024,DANE_2018_2050,Mujer,(60 a 64),7577,0,0.0,1,Caquetá,0.12563711579647233
18,2024,DANE_2018_2050,Mujer,(65 a 69),5651,0,0.0,1,Caquetá,0.08339544550107933
18,2024,DANE_2018_2050,Mujer,(70 a 74),4130,0,0.0,1,Caquetá,0.06498167428309172
18,2024,DANE_2018_2050,Mujer,(75 a 79),2704,1,36.98224852071006,1,Caquetá,0.022105454050820705
18,2024,DANE_2018_2050,Mujer,(80 y más),2978,0,0.0,1,Caquetá,0.021661812441103833
19,2024,DANE_2018_2050,Hombre,(05 a 09),65871,0,0.0,1,Cauca,0.06219776023291276
19,2024,DANE_2018_2050,Hombre,(10 a 14),68893,4,5.806105119533189,1,Cauca,1.7911387077157768
19,2024,DANE_2018_2050,Hombre,(15 a 17),43461,3,6.90274038793401,1,Cauca,3.4386573628115125
19,2024,DANE_2018_2050,Hombre,(18 a 19),29272,4,13.664935774801858,1,Cauca,3.751623887770898
19,2024,DANE_2018_2050,Hombre,(20 a 24),72018,5,6.942708767252632,0,Cauca,10.085830760840294
19,2024,DANE_2018_2050,Hombre,(25 a 29),66705,10,14.991379956524998,0,Cauca,8.042836945546442
19,2024,DANE_2018_2050,Hombre,(30 a 34),60499,10,16.52919882973272,0,Cauca,6.651211562477039
19,2024,DANE_2018_2050,Hombre,(35 a 39),53105,7,13.18143301007438,0,Cauca,5.512197594915984
19,2024,DANE_2018_2050,Hombre,(40 a 44),48816,5,10.242543428384137,0,Cauca,4.566327766541399
19,2024,DANE_2018_2050,Hombre,(45 a 49),41468,2,4.822996045143243,1,Cauca,4.313083963170893
19,2024,DANE_2018_2050,Hombre,(50 a 54),36422,3,8.236779968151117,1,Cauca,3.7516845249029194
19,2024,DANE_2018_2050,Hombre,(55 a 59),33749,3,8.889152271178405,1,Cauca,3.702702602997761
19,2024,DANE_2018_2050,Hombre,(60 a 64),29660,2,6.743088334457181,1,Cauca,3.520251881700078
19,2024,DANE_2018_2050,Hombre,(65 a 69),24121,2,8.29153020189876,1,Cauca,2.979436353296003
19,2024,DANE_2018_2050,Hombre,(70 a 74),18879,1,5.2968907251443405,1,Cauca,2.4067472132754286
19,2024,DANE_2018_2050,Hombre,(75 a 79),12996,1,7.694675284702985,1,Cauca,1.7772689917556852
19,2024,DANE_2018_2050,Hombre,(80 y más),15225,1,6.568144499178982,1,Cauca,1.9800379572390208
19,2024,DANE_2018_2050,Mujer,(05 a 09),62312,0,0.0,1,Cauca,0.032680516585566026
19,2024,DANE_2018_2050,Mujer,(10 a 14),65731,1,1.5213521778156427,1,Cauca,1.6721853051990732
19,2024,DANE_2018_2050,Mujer,(15 a 17),41572,6,14.432791301837776,0,Cauca,2.1939989790029673
19,2024,DANE_2018_2050,Mujer,(18 a 19),28042,2,7.132158904500392,1,Cauca,1.2127536421207679
19,2024,DANE_2018_2050,Mujer,(20 a 24),69123,7,10.12687528029744,0,Cauca,2.5944597887117897
19,2024,DANE_2018_2050,Mujer,(25 a 29),66748,0,0.0,1,Cauca,1.9838333132238795
19,2024,DANE_2018_2050,Mujer,(30 a 34),62034,2,3.2240384305380916,1,Cauca,1.3144394205988494
19,2024,DANE_2018_2050,Mujer,(35 a 39),55291,2,3.61722522652873,1,Cauca,1.11030244909394
19,2024,DANE_2018_2050,Mujer,(40 a 44),51339,0,0.0,1,Cauca,1.011031779869885
19,2024,DANE_2018_2050,Mujer,(45 a 49),43426,1,2.302767927048312,1,Cauca,0.6961109716938286
19,2024,DANE_2018_2050,Mujer,(50 a 54),38681,1,2.585248571650164,1,Cauca,0.6446008868959834
19,2024,DANE_2018_2050,Mujer,(55 a 59),36610,0,0.0,1,Cauca,0.5619401912613986
19,2024,DANE_2018_2050,Mujer,(60 a 64),32960,1,3.0339805825242716,1,Cauca,0.47717103067819405
19,2024,DANE_2018_2050,Mujer,(65 a 69),27183,0,0.0,1,Cauca,0.35025198617382514
19,2024,DANE_2018_2050,Mujer,(70 a 74),21422,0,0.0,1,Cauca,0.29428427487232706
19,2024,DANE_2018_2050,Mujer,(75 a 79),15114,0,0.0,1,Cauca,0.10787936123903703
19,2024,DANE_2018_2050,Mujer,(80 y más),20009,0,0.0,1,Cauca,0.1270754562997146
20,2024,DANE_2018_2050,Hombre,(05 a 09),72501,0,0.0,1,Cesar,0.08137198258432005
20,2024,DANE_2018_2050,Hombre,(10 a 14),73256,2,2.7301517964398823,1,Cesar,2.2638504560817516
20,2024,DANE_2018_2050,Hombre,(15 a 17),44727,2,4.471571981129967,1,Cesar,4.206388386792491
20,2024,DANE_2018_2050,Hombre,(18 a 19),29288,2,6.828735318219065,1,Cesar,4.461768399874923
20,2024,DANE_2018_2050,Hombre,(20 a 24),68220,6,8.795074758135444,0,Cesar,11.356192520829953
20,2024,DANE_2018_2050,Hombre,(25 a 29),59125,6,10.14799154334038,0,Cesar,8.473687445868583
20,2024,DANE_2018_2050,Hombre,(30 a 34),53306,4,7.503845720931977,1,Cesar,6.965929461001678
20,2024,DANE_2018_2050,Hombre,(35 a 39),46055,4,8.685267614808382,1,Cesar,5.682200606600744
20,2024,DANE_2018_2050,Hombre,(40 a 44),41411,4,9.65926927627925,1,Cesar,4.604378535561906
20,2024,DANE_2018_2050,Hombre,(45 a 49),35503,1,2.816663380559389,1,Cesar,4.389249685448403
20,2024,DANE_2018_2050,Hombre,(50 a 54),30087,4,13.294778475753647,1,Cesar,3.683764169062297
20,2024,DANE_2018_2050,Hombre,(55 a 59),25676,4,15.578750584203146,1,Cesar,3.3483874141349363
20,2024,DANE_2018_2050,Hombre,(60 a 64),21330,4,18.75293014533521,1,Cesar,3.0091501559985874
20,2024,DANE_2018_2050,Hombre,(65 a 69),16168,4,24.740227610094017,1,Cesar,2.373807598785323
20,2024,DANE_2018_2050,Hombre,(70 a 74),11987,3,25.027112705430884,1,Cesar,1.8164038255929231
20,2024,DANE_2018_2050,Hombre,(75 a 79),7922,3,37.86922494319616,1,Cesar,1.2877415553567342
20,2024,DANE_2018_2050,Hombre,(80 y más),7996,0,0.0,1,Cesar,1.2360595981717395
20,2024,DANE_2018_2050,Mujer,(05 a 09),68754,0,0.0,1,Cesar,0.04286132605915109
20,2024,DANE_2018_2050,Mujer,(10 a 14),69466,2,2.879106325396597,1,Cesar,2.1005685871846578
20,2024,DANE_2018_2050,Mujer,(15 a 17),42203,1,2.3694997985925172,1,Cesar,2.647458967796031
20,2024,DANE_2018_2050,Mujer,(18 a 19),28014,0,0.0,1,Cesar,1.4400883542436258
20,2024,DANE_2018_2050,Mujer,(20 a 24),68335,1,1.463378941977025,1,Cesar,3.04872305876602
20,2024,DANE_2018_2050,Mujer,(25 a 29),62395,0,0.0,1,Cesar,2.20428183639369
20,2024,DANE_2018_2050,Mujer,(30 a 34),55672,3,5.388705273746228,1,Cesar,1.402161455604441
20,2024,DANE_2018_2050,Mujer,(35 a 39),48543,1,2.0600292524153843,1,Cesar,1.1586809776238394
20,2024,DANE_2018_2050,Mujer,(40 a 44),44648,1,2.2397419817237054,1,Cesar,1.0451288177908045
20,2024,DANE_2018_2050,Mujer,(45 a 49),38639,2,5.176117394342503,1,Cesar,0.7362154724071133
20,2024,DANE_2018_2050,Mujer,(50 a 54),32563,0,0.0,1,Cesar,0.6450123442045133
20,2024,DANE_2018_2050,Mujer,(55 a 59),28149,2,7.105048136701127,1,Cesar,0.5135748506646003
20,2024,DANE_2018_2050,Mujer,(60 a 64),23750,1,4.2105263157894735,1,Cesar,0.40869647495477535
20,2024,DANE_2018_2050,Mujer,(65 a 69),18267,0,0.0,1,Cesar,0.2797698189468541
20,2024,DANE_2018_2050,Mujer,(70 a 74),13417,0,0.0,1,Cesar,0.2190851152331322
20,2024,DANE_2018_2050,Mujer,(75 a 79),8606,0,0.0,1,Cesar,0.07301476665305613
20,2024,DANE_2018_2050,Mujer,(80 y más),9396,0,0.0,1,Cesar,0.07092995970725832
23,2024,DANE_2018_2050,Hombre,(05 a 09),90608,0,0.0,1,Córdoba,0.05055079400571046
23,2024,DANE_2018_2050,Hombre,(10 a 14),92097,4,4.34324679414096,1,Córdoba,1.4147527736155325
23,2024,DANE_2018_2050,Hombre,(15 a 17),56793,1,1.760780377863469,1,Córdoba,2.6550025773287365
23,2024,DANE_2018_2050,Hombre,(18 a 19),38206,5,13.086949693765376,0,Córdoba,2.8932063879042973
23,2024,DANE_2018_2050,Hombre,(20 a 24),92868,8,8.614377395873714,0,Córdoba,7.684536197332046
23,2024,DANE_2018_2050,Hombre,(25 a 29),73853,2,2.7080822715394093,1,Córdoba,5.2613835819935835
23,2024,DANE_2018_2050,Hombre,(30 a 34),64631,2,3.094490260091906,1,Córdoba,4.198308898831707
23,2024,DANE_2018_2050,Hombre,(35 a 39),57867,4,6.912402578326162,1,Córdoba,3.5489614330715336
23,2024,DANE_2018_2050,Hombre,(40 a 44),55914,4,7.153843402367922,1,Córdoba,3.090340982187569
23,2024,DANE_2018_2050,Hombre,(45 a 49),51424,3,5.833851897946484,1,Córdoba,3.160251352339222
23,2024,DANE_2018_2050,Hombre,(50 a 54),47670,4,8.391021606880637,1,Córdoba,2.901273169409699
23,2024,DANE_2018_2050,Hombre,(55 a 59),44925,4,8.903728436282693,1,Córdoba,2.9122386150442447
23,2024,DANE_2018_2050,Hombre,(60 a 64),37930,4,10.545742156604271,1,Córdoba,2.659906576666744
23,2024,DANE_2018_2050,Hombre,(65 a 69),29616,6,20.25931928687196,0,Córdoba,2.161454775528189
23,2024,DANE_2018_2050,Hombre,(70 a 74),21955,4,18.219084491004327,1,Córdoba,1.6537348573936779
23,2024,DANE_2018_2050,Hombre,(75 a 79),15762,4,25.377490166222557,1,Córdoba,1.273607864635288
23,2024,DANE_2018_2050,Hombre,(80 y más),19137,3,15.676438313215238,1,Córdoba,1.4705202834027884
23,2024,DANE_2018_2050,Mujer,(05 a 09),85986,0,0.0,1,Córdoba,0.02664562529826743
23,2024,DANE_2018_2050,Mujer,(10 a 14),87534,1,1.1424132337148993,1,Córdoba,1.3157454770168846
23,2024,DANE_2018_2050,Mujer,(15 a 17),53790,4,7.436326454731363,1,Córdoba,1.677327992048357
23,2024,DANE_2018_2050,Mujer,(18 a 19),36446,1,2.7437853262360754,1,Córdoba,0.931310332673195
23,2024,DANE_2018_2050,Mujer,(20 a 24),88430,3,3.3925138527648984,1,Córdoba,1.9611234750409279
23,2024,DANE_2018_2050,Mujer,(25 a 29),75637,0,0.0,1,Córdoba,1.3282571565204655
23,2024,DANE_2018_2050,Mujer,(30 a 34),68531,0,0.0,1,Córdoba,0.8579832444534675
23,2024,DANE_2018_2050,Mujer,(35 a 39),63240,1,1.5812776723592663,1,Córdoba,0.7503427010007706
23,2024,DANE_2018_2050,Mujer,(40 a 44),60684,0,0.0,1,Córdoba,0.7061103049002065
23,2024,DANE_2018_2050,Mujer,(45 a 49),54547,0,0.0,1,Córdoba,0.5166310080948184
23,2024,DANE_2018_2050,Mujer,(50 a 54),49705,0,0.0,1,Córdoba,0.4894115694537052
23,2024,DANE_2018_2050,Mujer,(55 a 59),45971,4,8.701137673750843,1,Córdoba,0.41692243447137395
23,2024,DANE_2018_2050,Mujer,(60 a 64),39838,0,0.0,1,Córdoba,0.3407731287890317
23,2024,DANE_2018_2050,Mujer,(65 a 69),31539,1,3.17067757379752,1,Córdoba,0.2401110178031995
23,2024,DANE_2018_2050,Mujer,(70 a 74),23801,1,4.201504138481576,1,Córdoba,0.19318935541129464
23,2024,DANE_2018_2050,Mujer,(75 a 79),17277,1,5.788041905423396,1,Córdoba,0.07286319815178646
23,2024,DANE_2018_2050,Mujer,(80 y más),22497,0,0.0,1,Córdoba,0.08441932005844993
25,2024,DANE_2018_2050,Hombre,(05 a 09),125074,0,0.0,1,Cundinamarca,0.12926736545339898
25,2024,DANE_2018_2050,Hombre,(10 a 14),134717,3,2.226890444413103,1,Cundinamarca,3.8336979684891523
25,2024,DANE_2018_2050,Hombre,(15 a 17),84823,11,12.968180800018862,0,Cundinamarca,7.345886036809999
25,2024,DANE_2018_2050,Hombre,(18 a 19),58220,5,8.588114050154587,0,Cundinamarca,8.167336821792768
25,2024,DANE_2018_2050,Hombre,(20 a 24),147624,24,16.257519102584943,0,Cundinamarca,22.629187344105723
25,2024,DANE_2018_2050,Hombre,(25 a 29),151861,23,15.145429043664931,0,Cundinamarca,20.041881975495297
25,2024,DANE_2018_2050,Hombre,(30 a 34),143779,14,9.73716606736728,0,Cundinamarca,17.301724561042764
25,2024,DANE_2018_2050,Hombre,(35 a 39),126602,16,12.638030994771015,0,Cundinamarca,14.383722633307771
25,2024,DANE_2018_2050,Hombre,(40 a 44),117129,19,16.221431071724336,0,Cundinamarca,11.992526750490434
25,2024,DANE_2018_2050,Hombre,(45 a 49),102327,8,7.818073431254703,0,Cundinamarca,11.649477147607216
25,2024,DANE_2018_2050,Hombre,(50 a 54),92226,9,9.75863639320799,0,Cundinamarca,10.39817839309599
25,2024,DANE_2018_2050,Hombre,(55 a 59),85798,9,10.489755005944195,0,Cundinamarca,10.303302623965573
25,2024,DANE_2018_2050,Hombre,(60 a 64),73949,14,18.931966625647405,0,Cundinamarca,9.606745094773169
25,2024,DANE_2018_2050,Hombre,(65 a 69),57459,11,19.144085347813224,0,Cundinamarca,7.7685190736043985
25,2024,DANE_2018_2050,Hombre,(70 a 74),42593,5,11.739018148522058,0,Cundinamarca,5.94334704842344
25,2024,DANE_2018_2050,Hombre,(75 a 79),28154,3,10.655679477161327,1,Cundinamarca,4.214295035674706
25,2024,DANE_2018_2050,Hombre,(80 y más),29854,2,6.699269779594023,1,Cundinamarca,4.2497179974739065
25,2024,DANE_2018_2050,Mujer,(05 a 09),119290,0,0.0,1,Cundinamarca,0.06847982310544544
25,2024,DANE_2018_2050,Mujer,(10 a 14),129131,1,0.7744073847488209,1,Cundinamarca,3.595721497595611
25,2024,DANE_2018_2050,Mujer,(15 a 17),81153,2,2.4644806723103274,1,Cundinamarca,4.687933590665881
25,2024,DANE_2018_2050,Mujer,(18 a 19),55002,2,3.6362314097669173,1,Cundinamarca,2.6036550986478777
25,2024,DANE_2018_2050,Mujer,(20 a 24),141992,7,4.9298552031100344,0,Cundinamarca,5.833505490207864
25,2024,DANE_2018_2050,Mujer,(25 a 29),149300,7,4.688546550569323,0,Cundinamarca,4.856999943933978
25,2024,DANE_2018_2050,Mujer,(30 a 34),142253,2,1.4059457445537176,1,Cundinamarca,3.299237598220067
25,2024,DANE_2018_2050,Mujer,(35 a 39),128340,3,2.337540906965872,1,Cundinamarca,2.820916669658543
25,2024,DANE_2018_2050,Mujer,(40 a 44),121667,1,0.821915556395736,1,Cundinamarca,2.6225970643574605
25,2024,DANE_2018_2050,Mujer,(45 a 49),107132,0,0.0,1,Cundinamarca,1.879702992043953
25,2024,DANE_2018_2050,Mujer,(50 a 54),96687,2,2.068530412568391,1,Cundinamarca,1.7636104354933175
25,2024,DANE_2018_2050,Mujer,(55 a 59),91044,0,0.0,1,Cundinamarca,1.5296182810332346
25,2024,DANE_2018_2050,Mujer,(60 a 64),80462,3,3.7284680967413184,1,Cundinamarca,1.2750260534801618
25,2024,DANE_2018_2050,Mujer,(65 a 69),64621,0,0.0,1,Cundinamarca,0.9113774215254321
25,2024,DANE_2018_2050,Mujer,(70 a 74),49018,2,4.080133828389571,1,Cundinamarca,0.7370619602095076
25,2024,DANE_2018_2050,Mujer,(75 a 79),34562,0,0.0,1,Cundinamarca,0.27002202101670925
25,2024,DANE_2018_2050,Mujer,(80 y más),42942,0,0.0,1,Cundinamarca,0.29851071893145303
27,2024,DANE_2018_2050,Hombre,(05 a 09),32605,0,0.0,1,Chocó,0.013743168151334632
27,2024,DANE_2018_2050,Hombre,(10 a 14),33011,1,3.02929326588107,1,Chocó,0.38312012837020665
27,2024,DANE_2018_2050,Hombre,(15 a 17),19933,0,0.0,1,Chocó,0.7040184197476232
27,2024,DANE_2018_2050,Hombre,(18 a 19),12805,0,0.0,1,Chocó,0.7326029198601661
27,2024,DANE_2018_2050,Hombre,(20 a 24),28348,1,3.5275857203330045,1,Chocó,1.772210113076477
27,2024,DANE_2018_2050,Hombre,(25 a 29),23531,2,8.49942628872551,1,Chocó,1.2665240062346523
27,2024,DANE_2018_2050,Hombre,(30 a 34),19700,1,5.0761421319796955,1,Chocó,0.966809609930364
27,2024,DANE_2018_2050,Hombre,(35 a 39),16565,4,24.147298520977966,1,Chocó,0.7675434515136539
27,2024,DANE_2018_2050,Hombre,(40 a 44),14534,3,20.641254988303288,1,Chocó,0.6068931190745539
27,2024,DANE_2018_2050,Hombre,(45 a 49),12027,0,0.0,1,Chocó,0.5584114313393865
27,2024,DANE_2018_2050,Hombre,(50 a 54),10076,1,9.924573243350535,1,Chocó,0.4633112514612399
27,2024,DANE_2018_2050,Hombre,(55 a 59),9098,1,10.991426687183997,1,Chocó,0.44558034081500575
27,2024,DANE_2018_2050,Hombre,(60 a 64),7783,1,12.848515996402416,1,Chocó,0.4123554980503668
27,2024,DANE_2018_2050,Hombre,(65 a 69),5797,0,0.0,1,Chocó,0.31964231738164994
27,2024,DANE_2018_2050,Hombre,(70 a 74),4050,0,0.0,1,Chocó,0.23047757765715637
27,2024,DANE_2018_2050,Hombre,(75 a 79),2737,0,0.0,1,Chocó,0.16708613954350232
27,2024,DANE_2018_2050,Hombre,(80 y más),3956,0,0.0,1,Chocó,0.22966491975786354
27,2024,DANE_2018_2050,Mujer,(05 a 09),31336,0,0.0,1,Chocó,0.00733639906794827
27,2024,DANE_2018_2050,Mujer,(10 a 14),31603,2,6.328513115843432,1,Chocó,0.3588927132361949
27,2024,DANE_2018_2050,Mujer,(15 a 17),19055,1,5.247966413014956,1,Chocó,0.44891758929405395
27,2024,DANE_2018_2050,Mujer,(18 a 19),12152,0,0.0,1,Chocó,0.23460298298916368
27,2024,DANE_2018_2050,Mujer,(20 a 24),27321,2,7.320376267340142,1,Chocó,0.4577655680834736
27,2024,DANE_2018_2050,Mujer,(25 a 29),23920,0,0.0,1,Chocó,0.3173585939206394
27,2024,DANE_2018_2050,Mujer,(30 a 34),21785,0,0.0,1,Chocó,0.20605849347291638
27,2024,DANE_2018_2050,Mujer,(35 a 39),18420,0,0.0,1,Chocó,0.1651196066503303
27,2024,DANE_2018_2050,Mujer,(40 a 44),16205,0,0.0,1,Chocó,0.14245857760760042
27,2024,DANE_2018_2050,Mujer,(45 a 49),13301,0,0.0,1,Chocó,0.0951776791939745
27,2024,DANE_2018_2050,Mujer,(50 a 54),11182,1,8.942944017170452,1,Chocó,0.08318305377653244
27,2024,DANE_2018_2050,Mujer,(55 a 59),10243,1,9.762764814995606,1,Chocó,0.07018425677066503
27,2024,DANE_2018_2050,Mujer,(60 a 64),8866,0,0.0,1,Chocó,0.05729764336306606
27,2024,DANE_2018_2050,Mujer,(65 a 69),6632,0,0.0,1,Chocó,0.03814607915108232
27,2024,DANE_2018_2050,Mujer,(70 a 74),4510,1,22.172949002217294,1,Chocó,0.027657043289840092
27,2024,DANE_2018_2050,Mujer,(75 a 79),3017,0,0.0,1,Chocó,0.009612944280922879
27,2024,DANE_2018_2050,Mujer,(80 y más),4815,0,0.0,1,Chocó,0.013650694631327653
41,2024,DANE_2018_2050,Hombre,(05 a 09),55311,0,0.0,1,Huila,0.08278240217718279
41,2024,DANE_2018_2050,Hombre,(10 a 14),54657,6,10.977550908392336,0,Huila,2.252402174915874
41,2024,DANE_2018_2050,Hombre,(15 a 17),33178,2,6.028090903610827,1,Huila,4.160882162403178
41,2024,DANE_2018_2050,Hombre,(18 a 19),22129,3,13.556871074156085,1,Huila,4.495465920966326
41,2024,DANE_2018_2050,Hombre,(20 a 24),54577,8,14.65818934716089,0,Huila,12.115080508967331
41,2024,DANE_2018_2050,Hombre,(25 a 29),48185,12,24.90401577254332,0,Huila,9.208921353076622
41,2024,DANE_2018_2050,Hombre,(30 a 34),41824,8,19.127773527161438,0,Huila,7.288265028266559
41,2024,DANE_2018_2050,Hombre,(35 a 39),36613,3,8.193810941468877,1,Huila,6.023802226053377
41,2024,DANE_2018_2050,Hombre,(40 a 44),34808,6,17.23741668581935,0,Huila,5.160953979120824
41,2024,DANE_2018_2050,Hombre,(45 a 49),31260,2,6.397952655150352,1,Huila,5.153589485674848
41,2024,DANE_2018_2050,Hombre,(50 a 54),28579,5,17.495363728611917,0,Huila,4.66611647322892
41,2024,DANE_2018_2050,Hombre,(55 a 59),26820,4,14.914243102162565,1,Huila,4.664044880682985
41,2024,DANE_2018_2050,Hombre,(60 a 64),23169,4,17.264448185074883,1,Huila,4.358689247375883
41,2024,DANE_2018_2050,Hombre,(65 a 69),17846,2,11.20699316373417,1,Huila,3.4940226613360306
41,2024,DANE_2018_2050,Hombre,(70 a 74),12961,3,23.14636216341332,1,Huila,2.619003185830216
41,2024,DANE_2018_2050,Hombre,(75 a 79),8816,2,22.686025408348456,1,Huila,1.911001674191299
41,2024,DANE_2018_2050,Hombre,(80 y más),9155,1,10.922992900054615,1,Huila,1.887211559502604
41,2024,DANE_2018_2050,Mujer,(05 a 09),52353,0,0.0,1,Huila,0.043521596703592104
41,2024,DANE_2018_2050,Mujer,(10 a 14),52036,3,5.765239449611808,1,Huila,2.098283150021182
41,2024,DANE_2018_2050,Mujer,(15 a 17),31600,4,12.658227848101266,1,Huila,2.643434842750993
41,2024,DANE_2018_2050,Mujer,(18 a 19),21142,0,0.0,1,Huila,1.4492913361997177
41,2024,DANE_2018_2050,Mujer,(20 a 24),52737,3,5.688605722737357,1,Huila,3.1375150025131053
41,2024,DANE_2018_2050,Mujer,(25 a 29),47784,2,4.185501423070484,1,Huila,2.251103422256162
41,2024,DANE_2018_2050,Mujer,(30 a 34),42319,1,2.363004796899738,1,Huila,1.4213211259806304
41,2024,DANE_2018_2050,Mujer,(35 a 39),37894,1,2.638940201615031,1,Huila,1.2061555756715048
41,2024,DANE_2018_2050,Mujer,(40 a 44),36462,0,0.0,1,Huila,1.1381615596515056
41,2024,DANE_2018_2050,Mujer,(45 a 49),32711,1,3.0570756014796245,1,Huila,0.8311291162590464
41,2024,DANE_2018_2050,Mujer,(50 a 54),30032,0,0.0,1,Huila,0.7932744849688141
41,2024,DANE_2018_2050,Mujer,(55 a 59),28219,1,3.5437116836174214,1,Huila,0.6865592306947046
41,2024,DANE_2018_2050,Mujer,(60 a 64),24950,0,0.0,1,Huila,0.5725368462331978
41,2024,DANE_2018_2050,Mujer,(65 a 69),19733,0,0.0,1,Huila,0.4030160688150944
41,2024,DANE_2018_2050,Mujer,(70 a 74),14701,0,0.0,1,Huila,0.3201105176342564
41,2024,DANE_2018_2050,Mujer,(75 a 79),10198,0,0.0,1,Huila,0.1153771962259193
41,2024,DANE_2018_2050,Mujer,(80 y más),12228,0,0.0,1,Huila,0.12309424490804924
44,2024,DANE_2018_2050,Hombre,(05 a 09),60049,0,0.0,1,La Guajira,0.03766995901633797
44,2024,DANE_2018_2050,Hombre,(10 a 14),58952,3,5.088885873252816,1,La Guajira,1.018266708447942
44,2024,DANE_2018_2050,Hombre,(15 a 17),35534,1,2.8142061124556763,1,La Guajira,1.8678507273308007
44,2024,DANE_2018_2050,Hombre,(18 a 19),23081,1,4.332567913002037,1,La Guajira,1.965306977260305
44,2024,DANE_2018_2050,Hombre,(20 a 24),51998,0,0.0,1,La Guajira,4.8380030593690275
44,2024,DANE_2018_2050,Hombre,(25 a 29),42194,4,9.480020856045883,1,La Guajira,3.3799513814315314
44,2024,DANE_2018_2050,Hombre,(30 a 34),36612,2,5.4626898284715395,1,La Guajira,2.6741446697282076
44,2024,DANE_2018_2050,Hombre,(35 a 39),30471,2,6.5636178661678315,1,La Guajira,2.1012849512851757
44,2024,DANE_2018_2050,Hombre,(40 a 44),25745,3,11.652748106428433,1,La Guajira,1.5999509417112112
44,2024,DANE_2018_2050,Hombre,(45 a 49),21060,1,4.748338081671415,1,La Guajira,1.4552649471396593
44,2024,DANE_2018_2050,Hombre,(50 a 54),17757,1,5.631581911358901,1,La Guajira,1.2151810701010664
44,2024,DANE_2018_2050,Hombre,(55 a 59),15477,3,19.38360147315371,1,La Guajira,1.1281155458031238
44,2024,DANE_2018_2050,Hombre,(60 a 64),12473,1,8.017317405596089,1,La Guajira,0.9835181841520955
44,2024,DANE_2018_2050,Hombre,(65 a 69),8786,1,11.381743683132257,1,La Guajira,0.7210060048267223
44,2024,DANE_2018_2050,Hombre,(70 a 74),6161,1,16.231131309852298,1,La Guajira,0.521809016265889
44,2024,DANE_2018_2050,Hombre,(75 a 79),4058,0,0.0,1,La Guajira,0.3686925675473503
44,2024,DANE_2018_2050,Hombre,(80 y más),4148,1,24.108003857280618,1,La Guajira,0.3583965671227606
44,2024,DANE_2018_2050,Mujer,(05 a 09),57915,0,0.0,1,La Guajira,0.020179814127223337
44,2024,DANE_2018_2050,Mujer,(10 a 14),57736,0,0.0,1,La Guajira,0.9758200436869529
44,2024,DANE_2018_2050,Mujer,(15 a 17),34718,0,0.0,1,La Guajira,1.2173040875742451
44,2024,DANE_2018_2050,Mujer,(18 a 19),22738,0,0.0,1,La Guajira,0.6533181802783787
44,2024,DANE_2018_2050,Mujer,(20 a 24),53424,0,0.0,1,La Guajira,1.332200664805246
44,2024,DANE_2018_2050,Mujer,(25 a 29),45950,0,0.0,1,La Guajira,0.9073217384971206
44,2024,DANE_2018_2050,Mujer,(30 a 34),39582,1,2.526400889293113,1,La Guajira,0.5572080769206713
44,2024,DANE_2018_2050,Mujer,(35 a 39),33368,0,0.0,1,La Guajira,0.44517001982655097
44,2024,DANE_2018_2050,Mujer,(40 a 44),28752,0,0.0,1,La Guajira,0.376178820779829
44,2024,DANE_2018_2050,Mujer,(45 a 49),23623,0,0.0,1,La Guajira,0.25157795341974976
44,2024,DANE_2018_2050,Mujer,(50 a 54),20019,0,0.0,1,La Guajira,0.22163812328612292
44,2024,DANE_2018_2050,Mujer,(55 a 59),17727,0,0.0,1,La Guajira,0.18077338477201074
44,2024,DANE_2018_2050,Mujer,(60 a 64),14407,0,0.0,1,La Guajira,0.13857002702763122
44,2024,DANE_2018_2050,Mujer,(65 a 69),10602,1,9.432182607055273,1,La Guajira,0.09075695167640452
44,2024,DANE_2018_2050,Mujer,(70 a 74),7947,0,0.0,1,La Guajira,0.07253024311092897
44,2024,DANE_2018_2050,Mujer,(75 a 79),5469,0,0.0,1,La Guajira,0.02593437288112651
44,2024,DANE_2018_2050,Mujer,(80 y más),6714,0,0.0,1,La Guajira,0.02832869114496111
47,2024,DANE_2018_2050,Hombre,(05 a 09),75217,0,0.0,1,Magdalena,0.05344462032232802
47,2024,DANE_2018_2050,Hombre,(10 a 14),77571,0,0.0,1,Magdalena,1.5176129080556136
47,2024,DANE_2018_2050,Hombre,(15 a 17),47613,2,4.200533467750404,1,Magdalena,2.8347987613590213
47,2024,DANE_2018_2050,Hombre,(18 a 19),31156,1,3.2096546411606113,1,Magdalena,3.004803595708204
47,2024,DANE_2018_2050,Hombre,(20 a 24),71763,2,2.7869514931092625,1,Magdalena,7.562731900268367
47,2024,DANE_2018_2050,Hombre,(25 a 29),60114,2,3.327012010513358,1,Magdalena,5.454236957910307
47,2024,DANE_2018_2050,Hombre,(30 a 34),53983,6,11.114610155048812,0,Magdalena,4.465983159053395
47,2024,DANE_2018_2050,Hombre,(35 a 39),47563,8,16.819796900952422,0,Magdalena,3.7150623146964397
47,2024,DANE_2018_2050,Hombre,(40 a 44),43914,2,4.5543562417452295,1,Magdalena,3.0911166033305135
47,2024,DANE_2018_2050,Hombre,(45 a 49),38946,7,17.97360447799517,0,Magdalena,3.0482120911542743
47,2024,DANE_2018_2050,Hombre,(50 a 54),34502,4,11.593530809808128,1,Magdalena,2.674325662585305
47,2024,DANE_2018_2050,Hombre,(55 a 59),30903,1,3.235931786557939,1,Magdalena,2.5513266376172585
47,2024,DANE_2018_2050,Hombre,(60 a 64),26375,1,3.7914691943127963,1,Magdalena,2.3556055019964233
47,2024,DANE_2018_2050,Hombre,(65 a 69),19923,2,10.038648797871806,1,Magdalena,1.851829669075226
47,2024,DANE_2018_2050,Hombre,(70 a 74),14417,5,34.6812790455712,0,Magdalena,1.3830372863042897
47,2024,DANE_2018_2050,Hombre,(75 a 79),9356,1,10.688328345446772,1,Magdalena,0.9628112880785794
47,2024,DANE_2018_2050,Hombre,(80 y más),9706,1,10.302905419328251,1,Magdalena,0.9498696261751405
47,2024,DANE_2018_2050,Mujer,(05 a 09),71453,0,0.0,1,Magdalena,0.028199745494805927
47,2024,DANE_2018_2050,Mujer,(10 a 14),73057,0,0.0,1,Magdalena,1.398567708838277
47,2024,DANE_2018_2050,Mujer,(15 a 17),44395,1,2.2525059128280214,1,Magdalena,1.7631004730484752
47,2024,DANE_2018_2050,Mujer,(18 a 19),29227,1,3.4214938242036474,1,Magdalena,0.9511638613361432
47,2024,DANE_2018_2050,Mujer,(20 a 24),69458,4,5.758875867430677,1,Magdalena,1.9617973265948903
47,2024,DANE_2018_2050,Mujer,(25 a 29),61134,0,0.0,1,Magdalena,1.3672792825277011
47,2024,DANE_2018_2050,Mujer,(30 a 34),54928,1,1.8205651034080976,1,Magdalena,0.87581438642224
47,2024,DANE_2018_2050,Mujer,(35 a 39),49242,0,0.0,1,Magdalena,0.7440978265187859
47,2024,DANE_2018_2050,Mujer,(40 a 44),46242,1,2.1625362224817266,1,Magdalena,0.6852696700793317
47,2024,DANE_2018_2050,Mujer,(45 a 49),40826,0,0.0,1,Magdalena,0.49246229108242884
47,2024,DANE_2018_2050,Mujer,(50 a 54),35902,0,0.0,1,Magdalena,0.45021436430792644
47,2024,DANE_2018_2050,Mujer,(55 a 59),32520,0,0.0,1,Magdalena,0.3756197351276427
47,2024,DANE_2018_2050,Mujer,(60 a 64),28010,0,0.0,1,Magdalena,0.3051458545962963
47,2024,DANE_2018_2050,Mujer,(65 a 69),21616,0,0.0,1,Magdalena,0.20958782576963453
47,2024,DANE_2018_2050,Mujer,(70 a 74),16029,0,0.0,1,Magdalena,0.16569941271579514
47,2024,DANE_2018_2050,Mujer,(75 a 79),10519,0,0.0,1,Magdalena,0.05649901841058485
47,2024,DANE_2018_2050,Mujer,(80 y más),12579,0,0.0,1,Magdalena,0.06011597703117257
50,2024,DANE_2018_2050,Hombre,(05 a 09),47013,0,0.0,1,Meta,0.052028212922817584
50,2024,DANE_2018_2050,Hombre,(10 a 14),49667,1,2.013409305977812,1,Meta,1.5134305810183124
50,2024,DANE_2018_2050,Hombre,(15 a 17),31281,3,9.59048623765225,1,Meta,2.9007498030899472
50,2024,DANE_2018_2050,Hombre,(18 a 19),21163,2,9.450455984501252,1,Meta,3.178956478663071
50,2024,DANE_2018_2050,Hombre,(20 a 24),53307,12,22.511114862963588,0,Meta,8.749743390922497
50,2024,DANE_2018_2050,Hombre,(25 a 29),48698,7,14.37430695305762,0,Meta,6.881806472479418
50,2024,DANE_2018_2050,Hombre,(30 a 34),44054,7,15.889590048576746,0,Meta,5.6764702717357
50,2024,DANE_2018_2050,Hombre,(35 a 39),39264,8,20.37489812550937,0,Meta,4.7766603290451775
50,2024,DANE_2018_2050,Hombre,(40 a 44),36528,2,5.475251861585633,1,Meta,4.004711543952408
50,2024,DANE_2018_2050,Hombre,(45 a 49),32818,4,12.188433176915108,1,Meta,4.000620792718577
50,2024,DANE_2018_2050,Hombre,(50 a 54),30072,4,13.301409949454643,1,Meta,3.630490368062598
50,2024,DANE_2018_2050,Hombre,(55 a 59),27419,6,21.88263612823225,0,Meta,3.525737609057865
50,2024,DANE_2018_2050,Hombre,(60 a 64),22644,3,13.248542660307367,1,Meta,3.1498958419437164
50,2024,DANE_2018_2050,Hombre,(65 a 69),16662,4,24.006721882126996,1,Meta,2.4121615374884042
50,2024,DANE_2018_2050,Hombre,(70 a 74),11925,2,16.771488469601675,1,Meta,1.7817646289113258
50,2024,DANE_2018_2050,Hombre,(75 a 79),7955,2,25.141420490257698,1,Meta,1.2750408511487585
50,2024,DANE_2018_2050,Hombre,(80 y más),8523,1,11.732957878681216,1,Meta,1.2991196661787925
50,2024,DANE_2018_2050,Mujer,(05 a 09),44389,0,0.0,1,Meta,0.02728557043775037
50,2024,DANE_2018_2050,Mujer,(10 a 14),47073,3,6.373080109616978,1,Meta,1.4035454950882842
50,2024,DANE_2018_2050,Mujer,(15 a 17),29659,3,10.114973532485923,1,Meta,1.8345622843137714
50,2024,DANE_2018_2050,Mujer,(18 a 19),20361,1,4.911350130150779,1,Meta,1.0320557571507445
50,2024,DANE_2018_2050,Mujer,(20 a 24),51590,2,3.8767202946307426,1,Meta,2.269500838525587
50,2024,DANE_2018_2050,Mujer,(25 a 29),47558,2,4.2053913116615504,1,Meta,1.6566507384154001
50,2024,DANE_2018_2050,Mujer,(30 a 34),43827,1,2.2816984963606908,1,Meta,1.0884111638866583
50,2024,DANE_2018_2050,Mujer,(35 a 39),39511,1,2.5309407506770265,1,Meta,0.929919444696398
50,2024,DANE_2018_2050,Mujer,(40 a 44),37370,1,2.675943270002676,1,Meta,0.8625433955153257
50,2024,DANE_2018_2050,Mujer,(45 a 49),33470,0,0.0,1,Meta,0.6288177865989731
50,2024,DANE_2018_2050,Mujer,(50 a 54),30760,0,0.0,1,Meta,0.6007862589444734
50,2024,DANE_2018_2050,Mujer,(55 a 59),28367,0,0.0,1,Meta,0.5103219270080268
50,2024,DANE_2018_2050,Mujer,(60 a 64),24084,1,4.152134196977246,1,Meta,0.4086541741882459
50,2024,DANE_2018_2050,Mujer,(65 a 69),18607,0,0.0,1,Meta,0.28099593258875954
50,2024,DANE_2018_2050,Mujer,(70 a 74),13123,0,0.0,1,Meta,0.21129081792157742
50,2024,DANE_2018_2050,Mujer,(75 a 79),8672,0,0.0,1,Meta,0.0725468686946445
50,2024,DANE_2018_2050,Mujer,(80 y más),9792,0,0.0,1,Meta,0.07288667735477129
52,2024,DANE_2018_2050,Hombre,(05 a 09),66835,0,0.0,1,Nariño,0.06803768846775775
52,2024,DANE_2018_2050,Hombre,(10 a 14),72361,2,2.763919791047664,1,Nariño,2.0282607722871377
52,2024,DANE_2018_2050,Hombre,(15 a 17),47373,6,12.665442340573744,0,Nariño,4.040965901717167
52,2024,DANE_2018_2050,Hombre,(18 a 19),32073,6,18.70732391731363,0,Nariño,4.431712606932435
52,2024,DANE_2018_2050,Hombre,(20 a 24),77363,16,20.68172123624989,0,Nariño,11.680704339498986
52,2024,DANE_2018_2050,Hombre,(25 a 29),70471,24,34.05656227384314,0,Nariño,9.160652706221624
52,2024,DANE_2018_2050,Hombre,(30 a 34),61773,7,11.331811632914055,0,Nariño,7.321774818330374
52,2024,DANE_2018_2050,Hombre,(35 a 39),55985,9,16.075734571760293,0,Nariño,6.265073283132836
52,2024,DANE_2018_2050,Hombre,(40 a 44),53548,10,18.674833793979236,0,Nariño,5.400242403074727
52,2024,DANE_2018_2050,Hombre,(45 a 49),47036,5,10.630155625478357,0,Nariño,5.274366607821544
52,2024,DANE_2018_2050,Hombre,(50 a 54),41319,1,2.420194099566785,1,Nariño,4.588570754199352
52,2024,DANE_2018_2050,Hombre,(55 a 59),36790,2,5.436259853220983,1,Nariño,4.351638585477674
52,2024,DANE_2018_2050,Hombre,(60 a 64),30857,3,9.722267232718671,1,Nariño,3.9484023510122515
52,2024,DANE_2018_2050,Hombre,(65 a 69),24782,3,12.10556048745057,1,Nariño,3.3002000393791855
52,2024,DANE_2018_2050,Hombre,(70 a 74),19875,3,15.09433962264151,1,Nariño,2.731641721097209
52,2024,DANE_2018_2050,Hombre,(75 a 79),14597,3,20.55216825375077,1,Nariño,2.1521482181067824
52,2024,DANE_2018_2050,Hombre,(80 y más),17190,2,11.634671320535196,1,Nariño,2.410222852175885
52,2024,DANE_2018_2050,Mujer,(05 a 09),63432,0,0.0,1,Nariño,0.03586664345797806
52,2024,DANE_2018_2050,Mujer,(10 a 14),69263,0,0.0,1,Nariño,1.8996805235295704
52,2024,DANE_2018_2050,Mujer,(15 a 17),45257,7,15.467220540468876,0,Nariño,2.5750541923013084
52,2024,DANE_2018_2050,Mujer,(18 a 19),30566,3,9.814826931885102,1,Nariño,1.4251721272846478
52,2024,DANE_2018_2050,Mujer,(20 a 24),74170,9,12.134286099501146,0,Nariño,3.0013576695812865
52,2024,DANE_2018_2050,Mujer,(25 a 29),69902,4,5.722296929987697,1,Nariño,2.239863908832699
52,2024,DANE_2018_2050,Mujer,(30 a 34),63960,2,3.1269543464665417,1,Nariño,1.4611148454653535
52,2024,DANE_2018_2050,Mujer,(35 a 39),60048,0,0.0,1,Nariño,1.3000214222549225
52,2024,DANE_2018_2050,Mujer,(40 a 44),58502,4,6.83737308126218,1,Nariño,1.2420904543256508
52,2024,DANE_2018_2050,Mujer,(45 a 49),51511,3,5.823998757546931,1,Nariño,0.8902126075657388
52,2024,DANE_2018_2050,Mujer,(50 a 54),46052,1,2.1714583514288197,1,Nariño,0.8273834132876347
52,2024,DANE_2018_2050,Mujer,(55 a 59),42011,0,0.0,1,Nariño,0.6952139757628716
52,2024,DANE_2018_2050,Mujer,(60 a 64),35987,0,0.0,1,Nariño,0.5616911990267921
52,2024,DANE_2018_2050,Mujer,(65 a 69),29095,1,3.4370166695308475,1,Nariño,0.40417243592661933
52,2024,DANE_2018_2050,Mujer,(70 a 74),23780,1,4.205214465937763,1,Nariño,0.35219566012313697
52,2024,DANE_2018_2050,Mujer,(75 a 79),17892,0,0.0,1,Nariño,0.13768383260418185
52,2024,DANE_2018_2050,Mujer,(80 y más),24780,0,0.0,1,Nariño,0.1696690797624167
54,2024,DANE_2018_2050,Hombre,(05 a 09),68626,0,0.0,1,Norte de Santander,0.08222017031809561
54,2024,DANE_2018_2050,Hombre,(10 a 14),72256,0,0.0,1,Norte de Santander,2.3836211777009413
54,2024,DANE_2018_2050,Hombre,(15 a 17),45184,4,8.852691218130312,1,Norte de Santander,4.53610460213853
54,2024,DANE_2018_2050,Hombre,(18 a 19),30961,3,9.689609508736797,1,Norte de Santander,5.034902585297927
54,2024,DANE_2018_2050,Hombre,(20 a 24),76943,12,15.595960646192637,0,Norte de Santander,13.672531489735753
54,2024,DANE_2018_2050,Hombre,(25 a 29),73248,9,12.2870249017038,0,Norte de Santander,11.20613483292243
54,2024,DANE_2018_2050,Hombre,(30 a 34),68863,11,15.97374497190073,0,Norte de Santander,9.60611323219508
54,2024,DANE_2018_2050,Hombre,(35 a 39),60074,7,11.652295502213937,0,Norte de Santander,7.911978732547549
54,2024,DANE_2018_2050,Hombre,(40 a 44),54651,8,14.63834147591078,0,Norte de Santander,6.486526566698709
54,2024,DANE_2018_2050,Hombre,(45 a 49),46920,8,17.050298380221655,0,Norte de Santander,6.1921579118831
54,2024,DANE_2018_2050,Hombre,(50 a 54),41815,5,11.957431543704413,0,Norte de Santander,5.465171814400534
54,2024,DANE_2018_2050,Hombre,(55 a 59),37802,11,29.098989471456537,0,Norte de Santander,5.262376261869593
54,2024,DANE_2018_2050,Hombre,(60 a 64),32247,3,9.303190994511118,1,Norte de Santander,4.856250793654662
54,2024,DANE_2018_2050,Hombre,(65 a 69),24567,3,12.211503236048358,1,Norte de Santander,3.8503492685467804
54,2024,DANE_2018_2050,Hombre,(70 a 74),18269,4,21.895013410695714,1,Norte de Santander,2.955122331680815
54,2024,DANE_2018_2050,Hombre,(75 a 79),12036,4,33.23363243602525,1,Norte de Santander,2.0885017189912305
54,2024,DANE_2018_2050,Hombre,(80 y más),13586,2,14.721036360959813,1,Norte de Santander,2.24190405035335
54,2024,DANE_2018_2050,Mujer,(05 a 09),64844,0,0.0,1,Norte de Santander,0.043151531707804995
54,2024,DANE_2018_2050,Mujer,(10 a 14),68268,2,2.9296302806585808,1,Norte de Santander,2.2036394564281663
54,2024,DANE_2018_2050,Mujer,(15 a 17),42660,0,0.0,1,Norte de Santander,2.8567060236134845
54,2024,DANE_2018_2050,Mujer,(18 a 19),29146,2,6.862005077883757,1,Norte de Santander,1.599380365070985
54,2024,DANE_2018_2050,Mujer,(20 a 24),75349,6,7.9629457590678046,0,Norte de Santander,3.5884843386268885
54,2024,DANE_2018_2050,Mujer,(25 a 29),73912,1,1.3529602770862648,1,Norte de Santander,2.787347222375603
54,2024,DANE_2018_2050,Mujer,(30 a 34),67968,1,1.4712806026365348,1,Norte de Santander,1.8273615275033428
54,2024,DANE_2018_2050,Mujer,(35 a 39),60777,3,4.936077792586011,1,Norte de Santander,1.5485859301848386
54,2024,DANE_2018_2050,Mujer,(40 a 44),56538,0,0.0,1,Norte de Santander,1.4127556094248537
54,2024,DANE_2018_2050,Mujer,(45 a 49),49668,3,6.040106305870983,1,Norte de Santander,1.010216645632694
54,2024,DANE_2018_2050,Mujer,(50 a 54),44976,1,2.223408039843472,1,Norte de Santander,0.9510059425731646
54,2024,DANE_2018_2050,Mujer,(55 a 59),42011,3,7.140986884387423,1,Norte de Santander,0.8182058537324272
54,2024,DANE_2018_2050,Mujer,(60 a 64),36598,1,2.732389748073665,1,Norte de Santander,0.6722849919817033
54,2024,DANE_2018_2050,Mujer,(65 a 69),29310,1,3.4118048447628797,1,Norte de Santander,0.4791905412649095
54,2024,DANE_2018_2050,Mujer,(70 a 74),21679,1,4.612758891092763,1,Norte de Santander,0.37788137192297944
54,2024,DANE_2018_2050,Mujer,(75 a 79),15187,0,0.0,1,Norte de Santander,0.13754352117121674
54,2024,DANE_2018_2050,Mujer,(80 y más),19219,0,0.0,1,Norte de Santander,0.15487320193472442
63,2024,DANE_2018_2050,Hombre,(05 a 09),16679,0,0.0,1,Quindío,0.02602206709466652
63,2024,DANE_2018_2050,Hombre,(10 a 14),18119,0,0.0,1,Quindío,0.7783584452295447
63,2024,DANE_2018_2050,Hombre,(15 a 17),12012,1,8.325008325008325,1,Quindío,1.5703476420783462
63,2024,DANE_2018_2050,Hombre,(18 a 19),8466,3,35.43586109142452,1,Quindío,1.79281903462817
63,2024,DANE_2018_2050,Hombre,(20 a 24),22196,3,13.515948819607136,1,Quindío,5.136137366972341
63,2024,DANE_2018_2050,Hombre,(25 a 29),21640,5,23.10536044362292,0,Quindío,4.311212467696338
63,2024,DANE_2018_2050,Hombre,(30 a 34),20121,4,19.879727647731226,1,Quindío,3.655050833617468
63,2024,DANE_2018_2050,Hombre,(35 a 39),17735,1,5.638567803777841,1,Quindío,3.0416682975957117
63,2024,DANE_2018_2050,Hombre,(40 a 44),17325,3,17.316017316017316,1,Quindío,2.6777463060087277
63,2024,DANE_2018_2050,Hombre,(45 a 49),15955,0,0.0,1,Quindío,2.7419714323753555
63,2024,DANE_2018_2050,Hombre,(50 a 54),15529,5,32.19782342713633,0,Quindío,2.643000870583894
63,2024,DANE_2018_2050,Hombre,(55 a 59),15947,1,6.270771932024832,1,Quindío,2.890867661950317
63,2024,DANE_2018_2050,Hombre,(60 a 64),14807,1,6.7535625042209775,1,Quindío,2.903761637691062
63,2024,DANE_2018_2050,Hombre,(65 a 69),12535,6,47.865975269246114,0,Quindío,2.558317469707392
63,2024,DANE_2018_2050,Hombre,(70 a 74),9799,5,51.02561485865905,0,Quindío,2.064070577538048
63,2024,DANE_2018_2050,Hombre,(75 a 79),6614,0,0.0,1,Quindío,1.4945104154417757
63,2024,DANE_2018_2050,Hombre,(80 y más),7311,2,27.356038845575164,1,Quindío,1.571029328688588
63,2024,DANE_2018_2050,Mujer,(05 a 09),15886,0,0.0,1,Quindío,0.013766485276804158
63,2024,DANE_2018_2050,Mujer,(10 a 14),17328,0,0.0,1,Quindío,0.7283730976292808
63,2024,DANE_2018_2050,Mujer,(15 a 17),11458,2,17.455053237912377,1,Quindío,0.9991613239809017
63,2024,DANE_2018_2050,Mujer,(18 a 19),8069,0,0.0,1,Quindío,0.5765999659902049
63,2024,DANE_2018_2050,Mujer,(20 a 24),21617,1,4.625988805107092,1,Quindío,1.3406366327753085
63,2024,DANE_2018_2050,Mujer,(25 a 29),22123,0,0.0,1,Quindío,1.0864312153092304
63,2024,DANE_2018_2050,Mujer,(30 a 34),20805,1,4.806536890170633,1,Quindío,0.7283997768831924
63,2024,DANE_2018_2050,Mujer,(35 a 39),19100,1,5.2356020942408374,1,Quindío,0.6337405766519502
63,2024,DANE_2018_2050,Mujer,(40 a 44),19331,0,0.0,1,Quindío,0.629017918539193
63,2024,DANE_2018_2050,Mujer,(45 a 49),17877,0,0.0,1,Quindío,0.47349411480560993
63,2024,DANE_2018_2050,Mujer,(50 a 54),17622,0,0.0,1,Quindío,0.48522112101036485
63,2024,DANE_2018_2050,Mujer,(55 a 59),18480,0,0.0,1,Quindío,0.46868777668892886
63,2024,DANE_2018_2050,Mujer,(60 a 64),17588,0,0.0,1,Quindío,0.4207214143961225
63,2024,DANE_2018_2050,Mujer,(65 a 69),15500,0,0.0,1,Quindío,0.32999412962627966
63,2024,DANE_2018_2050,Mujer,(70 a 74),12088,0,0.0,1,Quindío,0.27438021170531773
63,2024,DANE_2018_2050,Mujer,(75 a 79),8326,0,0.0,1,Quindío,0.09819438384497835
63,2024,DANE_2018_2050,Mujer,(80 y más),9794,0,0.0,1,Quindío,0.10277504785409956
66,2024,DANE_2018_2050,Hombre,(05 a 09),32684,0,0.0,1,Risaralda,0.04927396562770268
66,2024,DANE_2018_2050,Hombre,(10 a 14),34925,3,8.589835361488905,1,Risaralda,1.4497474797979375
66,2024,DANE_2018_2050,Hombre,(15 a 17),22409,2,8.924985496898568,1,Risaralda,2.830828052143208
66,2024,DANE_2018_2050,Hombre,(18 a 19),15466,3,19.39738781844045,1,Risaralda,3.1648033308138173
66,2024,DANE_2018_2050,Hombre,(20 a 24),40031,9,22.482576003597213,0,Risaralda,8.950944912520987
66,2024,DANE_2018_2050,Hombre,(25 a 29),39376,8,20.316944331572532,0,Risaralda,7.580263407182363
66,2024,DANE_2018_2050,Hombre,(30 a 34),37087,7,18.87453824790358,0,Risaralda,6.509926652655544
66,2024,DANE_2018_2050,Hombre,(35 a 39),32441,5,15.412595172775191,0,Risaralda,5.376323863035497
66,2024,DANE_2018_2050,Hombre,(40 a 44),30960,2,6.459948320413436,1,Risaralda,4.6238918575905625
66,2024,DANE_2018_2050,Hombre,(45 a 49),27715,6,21.64892657405737,0,Risaralda,4.60247598269856
66,2024,DANE_2018_2050,Hombre,(50 a 54),26139,1,3.8257010597191936,1,Risaralda,4.2988601383242075
66,2024,DANE_2018_2050,Hombre,(55 a 59),26245,8,30.481996570775383,0,Risaralda,4.597336836050313
66,2024,DANE_2018_2050,Hombre,(60 a 64),24029,7,29.131466145074704,0,Risaralda,4.553445209402301
66,2024,DANE_2018_2050,Hombre,(65 a 69),20037,5,24.95383540450167,0,Risaralda,3.9516031879011955
66,2024,DANE_2018_2050,Hombre,(70 a 74),15529,3,19.318694056281796,1,Risaralda,3.1607984685924313
66,2024,DANE_2018_2050,Hombre,(75 a 79),10356,1,9.656237929702588,1,Risaralda,2.2611914153999204
66,2024,DANE_2018_2050,Hombre,(80 y más),10751,0,0.0,1,Risaralda,2.2323737209326726
66,2024,DANE_2018_2050,Mujer,(05 a 09),31299,0,0.0,1,Risaralda,0.02620894317916883
66,2024,DANE_2018_2050,Mujer,(10 a 14),33550,5,14.903129657228018,0,Risaralda,1.3627259081236962
66,2024,DANE_2018_2050,Mujer,(15 a 17),21510,1,4.6490004649000465,1,Risaralda,1.812498843163554
66,2024,DANE_2018_2050,Mujer,(18 a 19),14896,0,0.0,1,Risaralda,1.0285729323889141
66,2024,DANE_2018_2050,Mujer,(20 a 24),39633,1,2.523149900335579,1,Risaralda,2.375106771071369
66,2024,DANE_2018_2050,Mujer,(25 a 29),41131,2,4.86251246018818,1,Risaralda,1.9518121409277334
66,2024,DANE_2018_2050,Mujer,(30 a 34),39051,2,5.121507771888044,1,Risaralda,1.3211276264438032
66,2024,DANE_2018_2050,Mujer,(35 a 39),35396,2,5.650355972426263,1,Risaralda,1.1348615045671457
66,2024,DANE_2018_2050,Mujer,(40 a 44),34737,0,0.0,1,Risaralda,1.0922235485033671
66,2024,DANE_2018_2050,Mujer,(45 a 49),31145,0,0.0,1,Risaralda,0.7971110162839575
66,2024,DANE_2018_2050,Mujer,(50 a 54),30116,1,3.320494089520521,1,Risaralda,0.8012947903724131
66,2024,DANE_2018_2050,Mujer,(55 a 59),31346,1,3.1901997065016268,1,Risaralda,0.7682000312040065
66,2024,DANE_2018_2050,Mujer,(60 a 64),29785,1,3.357394661742488,1,Risaralda,0.6884720218691603
66,2024,DANE_2018_2050,Mujer,(65 a 69),26187,1,3.818688662313362,1,Risaralda,0.5387295464602889
66,2024,DANE_2018_2050,Mujer,(70 a 74),20575,0,0.0,1,Risaralda,0.4512827260729351
66,2024,DANE_2018_2050,Mujer,(75 a 79),14237,2,14.04790335042495,1,Risaralda,0.16224796509189027
66,2024,DANE_2018_2050,Mujer,(80 y más),16418,0,0.0,1,Risaralda,0.16647858277305927
68,2024,DANE_2018_2050,Hombre,(05 a 09),87936,0,0.0,1,Santander,0.09793336228668935
68,2024,DANE_2018_2050,Hombre,(10 a 14),91986,1,1.0871219533407257,1,Santander,2.820715764388431
68,2024,DANE_2018_2050,Hombre,(15 a 17),56860,3,5.276116778051354,1,Santander,5.306149883353229
68,2024,DANE_2018_2050,Hombre,(18 a 19),38516,5,12.98161802887112,0,Santander,5.822259299353135
68,2024,DANE_2018_2050,Hombre,(20 a 24),96725,14,14.47402429568364,0,Santander,15.976911427005971
68,2024,DANE_2018_2050,Hombre,(25 a 29),98596,11,11.156639214572598,0,Santander,14.021473032659639
68,2024,DANE_2018_2050,Hombre,(30 a 34),93841,14,14.918852100894066,0,Santander,12.16826508573324
68,2024,DANE_2018_2050,Hombre,(35 a 39),83845,10,11.926769634444511,0,Santander,10.264788427070423
68,2024,DANE_2018_2050,Hombre,(40 a 44),78555,9,11.456940996753866,0,Santander,8.666868223686267
68,2024,DANE_2018_2050,Hombre,(45 a 49),70613,1,1.4161698270856642,1,Santander,8.662494161646777
68,2024,DANE_2018_2050,Hombre,(50 a 54),65018,11,16.918391829954782,0,Santander,7.899136109406672
68,2024,DANE_2018_2050,Hombre,(55 a 59),61094,9,14.731397518577928,0,Santander,7.905693121488157
68,2024,DANE_2018_2050,Hombre,(60 a 64),51646,9,17.42632536885722,0,Santander,7.22974122291423
68,2024,DANE_2018_2050,Hombre,(65 a 69),39918,7,17.535948694824388,0,Santander,5.8155533853177594
68,2024,DANE_2018_2050,Hombre,(70 a 74),30106,2,6.643194047698133,1,Santander,4.526765711626648
68,2024,DANE_2018_2050,Hombre,(75 a 79),20486,0,0.0,1,Santander,3.304335214032151
68,2024,DANE_2018_2050,Hombre,(80 y más),22695,0,0.0,1,Santander,3.481207180872448
68,2024,DANE_2018_2050,Mujer,(05 a 09),83061,0,0.0,1,Santander,0.051380443262823476
68,2024,DANE_2018_2050,Mujer,(10 a 14),87277,0,0.0,1,Santander,2.6187705120104656
68,2024,DANE_2018_2050,Mujer,(15 a 17),54001,1,1.8518175589340937,1,Santander,3.3614044752029737
68,2024,DANE_2018_2050,Mujer,(18 a 19),36226,0,0.0,1,Santander,1.847853149735497
68,2024,DANE_2018_2050,Mujer,(20 a 24),93253,4,4.289406238941375,1,Santander,4.128294269387385
68,2024,DANE_2018_2050,Mujer,(25 a 29),98054,1,1.0198462071919554,1,Santander,3.4372862883221442
68,2024,DANE_2018_2050,Mujer,(30 a 34),93580,1,1.068604402650139,1,Santander,2.338714991858099
68,2024,DANE_2018_2050,Mujer,(35 a 39),85664,3,3.5020545386626822,1,Santander,2.028937512339976
68,2024,DANE_2018_2050,Mujer,(40 a 44),82103,0,0.0,1,Santander,1.9070404171633835
68,2024,DANE_2018_2050,Mujer,(45 a 49),75401,1,1.3262423575284148,1,Santander,1.4255722267057005
68,2024,DANE_2018_2050,Mujer,(50 a 54),71212,0,0.0,1,Santander,1.3996835480343681
68,2024,DANE_2018_2050,Mujer,(55 a 59),68623,1,1.4572373693951008,1,Santander,1.2423487732500524
68,2024,DANE_2018_2050,Mujer,(60 a 64),60348,2,3.314111486710413,1,Santander,1.0304649333420446
68,2024,DANE_2018_2050,Mujer,(65 a 69),48014,1,2.0827258716207773,1,Santander,0.7296835891092172
68,2024,DANE_2018_2050,Mujer,(70 a 74),37194,0,0.0,1,Santander,0.6026475524069913
68,2024,DANE_2018_2050,Mujer,(75 a 79),27054,0,0.0,1,Santander,0.22775813780800722
68,2024,DANE_2018_2050,Mujer,(80 y más),34764,1,2.8765389483373607,1,Santander,0.260405111065365
70,2024,DANE_2018_2050,Hombre,(05 a 09),46710,0,0.0,1,Sucre,0.04549791873163911
70,2024,DANE_2018_2050,Hombre,(10 a 14),47714,3,6.287462799178439,1,Sucre,1.2796792350450323
70,2024,DANE_2018_2050,Hombre,(15 a 17),29049,1,3.442459292918861,1,Sucre,2.370945382004607
70,2024,DANE_2018_2050,Hombre,(18 a 19),19768,1,5.058680696074464,1,Sucre,2.6135499366137895
70,2024,DANE_2018_2050,Hombre,(20 a 24),47319,4,8.453264016568397,1,Sucre,6.836083394662784
70,2024,DANE_2018_2050,Hombre,(25 a 29),40091,4,9.977301638771795,1,Sucre,4.986535772361225
70,2024,DANE_2018_2050,Hombre,(30 a 34),35419,1,2.8233434032581384,1,Sucre,4.016890892119281
70,2024,DANE_2018_2050,Hombre,(35 a 39),30971,5,16.144134835814146,0,Sucre,3.316238572044462
70,2024,DANE_2018_2050,Hombre,(40 a 44),28741,1,3.479350057409276,1,Sucre,2.773370808347214
70,2024,DANE_2018_2050,Hombre,(45 a 49),26643,4,15.013324325338736,1,Sucre,2.85863773131411
70,2024,DANE_2018_2050,Hombre,(50 a 54),25110,2,7.964954201513342,1,Sucre,2.6681510275165388
70,2024,DANE_2018_2050,Hombre,(55 a 59),23845,2,8.38750262109457,1,Sucre,2.698711273539847
70,2024,DANE_2018_2050,Hombre,(60 a 64),20018,2,9.991008092716555,1,Sucre,2.450893565436772
70,2024,DANE_2018_2050,Hombre,(65 a 69),15229,6,39.39851598923107,0,Sucre,1.9404898013839322
70,2024,DANE_2018_2050,Hombre,(70 a 74),11446,3,26.210029704700336,1,Sucre,1.5052422742018727
70,2024,DANE_2018_2050,Hombre,(75 a 79),8003,0,0.0,1,Sucre,1.1290091250963523
70,2024,DANE_2018_2050,Hombre,(80 y más),8644,0,0.0,1,Sucre,1.1596639235978567
70,2024,DANE_2018_2050,Mujer,(05 a 09),44721,0,0.0,1,Sucre,0.024195238214564256
70,2024,DANE_2018_2050,Mujer,(10 a 14),44823,1,2.230997478972849,1,Sucre,1.1762950181921077
70,2024,DANE_2018_2050,Mujer,(15 a 17),27451,1,3.642854540818185,1,Sucre,1.4944963076947213
70,2024,DANE_2018_2050,Mujer,(18 a 19),18419,0,0.0,1,Sucre,0.8217331824147687
70,2024,DANE_2018_2050,Mujer,(20 a 24),44966,2,4.447805008228439,1,Sucre,1.7410441954480693
70,2024,DANE_2018_2050,Mujer,(25 a 29),39630,0,0.0,1,Sucre,1.2150444554237538
70,2024,DANE_2018_2050,Mujer,(30 a 34),36622,2,5.461198186882203,1,Sucre,0.8004865183006722
70,2024,DANE_2018_2050,Mujer,(35 a 39),32645,1,3.063256241384592,1,Sucre,0.6762459857253184
70,2024,DANE_2018_2050,Mujer,(40 a 44),30393,1,3.2902313032606196,1,Sucre,0.6174362821078243
70,2024,DANE_2018_2050,Mujer,(45 a 49),27476,0,0.0,1,Sucre,0.45434246787675703
70,2024,DANE_2018_2050,Mujer,(50 a 54),25622,1,3.9028959487940056,1,Sucre,0.44046094529656643
70,2024,DANE_2018_2050,Mujer,(55 a 59),23768,0,0.0,1,Sucre,0.37634329152533036
70,2024,DANE_2018_2050,Mujer,(60 a 64),20237,0,0.0,1,Sucre,0.3022276347106872
70,2024,DANE_2018_2050,Mujer,(65 a 69),16324,0,0.0,1,Sucre,0.21697564186695373
70,2024,DANE_2018_2050,Mujer,(70 a 74),12574,0,0.0,1,Sucre,0.17818932031255885
70,2024,DANE_2018_2050,Mujer,(75 a 79),8945,0,0.0,1,Sucre,0.06586284210777495
70,2024,DANE_2018_2050,Mujer,(80 y más),11771,0,0.0,1,Sucre,0.07711712448953158
73,2024,DANE_2018_2050,Hombre,(05 a 09),50708,0,0.0,1,Tolima,0.07445184888961785
73,2024,DANE_2018_2050,Hombre,(10 a 14),53949,4,7.414409905651634,1,Tolima,2.1810018694351037
73,2024,DANE_2018_2050,Hombre,(15 a 17),34301,1,2.9153668989242294,1,Tolima,4.220019780782147
73,2024,DANE_2018_2050,Hombre,(18 a 19),22683,3,13.225763787858748,1,Tolima,4.520494082751621
73,2024,DANE_2018_2050,Hombre,(20 a 24),57325,13,22.6777147841256,0,Tolima,12.48340899851999
73,2024,DANE_2018_2050,Hombre,(25 a 29),53167,6,11.285195704102168,0,Tolima,9.968080751376846
73,2024,DANE_2018_2050,Hombre,(30 a 34),46424,8,17.232465965879715,0,Tolima,7.936218929871023
73,2024,DANE_2018_2050,Hombre,(35 a 39),40867,11,26.91658306212837,0,Tolima,6.595999867011939
73,2024,DANE_2018_2050,Hombre,(40 a 44),40318,8,19.842254080063494,0,Tolima,5.864383836012273
73,2024,DANE_2018_2050,Hombre,(45 a 49),38725,5,12.91155584247902,0,Tolima,6.263033945157182
73,2024,DANE_2018_2050,Hombre,(50 a 54),38075,2,5.252790544977019,1,Tolima,6.098470820361612
73,2024,DANE_2018_2050,Hombre,(55 a 59),37912,7,18.463810930576074,0,Tolima,6.4677486561724535
73,2024,DANE_2018_2050,Hombre,(60 a 64),34459,7,20.31399634348066,0,Tolima,6.359511822043061
73,2024,DANE_2018_2050,Hombre,(65 a 69),28277,4,14.145772182339003,1,Tolima,5.431135673934101
73,2024,DANE_2018_2050,Hombre,(70 a 74),22664,3,13.23685139428168,1,Tolima,4.492691200980628
73,2024,DANE_2018_2050,Hombre,(75 a 79),16012,6,37.471896077941544,0,Tolima,3.4049250677577185
73,2024,DANE_2018_2050,Hombre,(80 y más),18388,2,10.876658690450293,1,Tolima,3.71851232956428
73,2024,DANE_2018_2050,Mujer,(05 a 09),48713,0,0.0,1,Tolima,0.03972652840248042
73,2024,DANE_2018_2050,Mujer,(10 a 14),51489,1,1.9421624036201905,1,Tolima,2.036794139272671
73,2024,DANE_2018_2050,Mujer,(15 a 17),32287,2,6.194443584105057,1,Tolima,2.6496085256062067
73,2024,DANE_2018_2050,Mujer,(18 a 19),22217,4,18.004230994283656,1,Tolima,1.4940582635715138
73,2024,DANE_2018_2050,Mujer,(20 a 24),56250,2,3.5555555555555554,1,Tolima,3.282958617952133
73,2024,DANE_2018_2050,Mujer,(25 a 29),51650,2,3.8722168441432716,1,Tolima,2.387018383416607
73,2024,DANE_2018_2050,Mujer,(30 a 34),46641,1,2.144036362856714,1,Tolima,1.5367285476015573
73,2024,DANE_2018_2050,Mujer,(35 a 39),42591,2,4.695827757037872,1,Tolima,1.3299129238204965
73,2024,DANE_2018_2050,Mujer,(40 a 44),42967,1,2.3273675146042314,1,Tolima,1.3157426423742868
73,2024,DANE_2018_2050,Mujer,(45 a 49),40658,3,7.378621673471396,1,Tolima,1.0134286521593199
73,2024,DANE_2018_2050,Mujer,(50 a 54),40160,1,2.49003984063745,1,Tolima,1.0406517670654356
73,2024,DANE_2018_2050,Mujer,(55 a 59),40622,1,2.4617202501107776,1,Tolima,0.9695499408518906
73,2024,DANE_2018_2050,Mujer,(60 a 64),37661,1,2.655266721542179,1,Tolima,0.8478074534588429
73,2024,DANE_2018_2050,Mujer,(65 a 69),31679,1,3.1566652987783708,1,Tolima,0.6347068739665124
73,2024,DANE_2018_2050,Mujer,(70 a 74),25081,0,0.0,1,Tolima,0.5357601476758173
73,2024,DANE_2018_2050,Mujer,(75 a 79),18364,0,0.0,1,Tolima,0.20381903864607753
73,2024,DANE_2018_2050,Mujer,(80 y más),23218,0,0.0,1,Tolima,0.22928709754493534
76,2024,DANE_2018_2050,Hombre,(05 a 09),159034,0,0.0,1,Valle del Cauca,0.16040485403370244
76,2024,DANE_2018_2050,Hombre,(10 a 14),170391,5,2.934427287826235,0,Valle del Cauca,4.732033483587665
76,2024,DANE_2018_2050,Hombre,(15 a 17),106720,5,4.685157421289355,0,Valle del Cauca,9.019491220701765
76,2024,DANE_2018_2050,Hombre,(18 a 19),71589,6,8.38117587897582,0,Valle del Cauca,9.800770659580898
76,2024,DANE_2018_2050,Hombre,(20 a 24),178551,30,16.801922139892806,0,Valle del Cauca,26.71037230990361
76,2024,DANE_2018_2050,Hombre,(25 a 29),182224,25,13.719378347528316,0,Valle del Cauca,23.469481015547977
76,2024,DANE_2018_2050,Hombre,(30 a 34),174135,23,13.208143107359234,0,Valle del Cauca,20.449640187079147
76,2024,DANE_2018_2050,Hombre,(35 a 39),155643,26,16.704895176782767,0,Valle del Cauca,17.257027533782004
76,2024,DANE_2018_2050,Hombre,(40 a 44),149552,9,6.0179736813951,0,Valle del Cauca,14.943218656239493
76,2024,DANE_2018_2050,Hombre,(45 a 49),135305,16,11.825135804294003,0,Valle del Cauca,15.032655438712125
76,2024,DANE_2018_2050,Hombre,(50 a 54),126987,11,8.662304015371651,0,Valle del Cauca,13.972329538026507
76,2024,DANE_2018_2050,Hombre,(55 a 59),122967,12,9.758715753006904,0,Valle del Cauca,14.410980646183214
76,2024,DANE_2018_2050,Hombre,(60 a 64),108136,14,12.94665976178146,0,Valle del Cauca,13.709446722395286
76,2024,DANE_2018_2050,Hombre,(65 a 69),85019,8,9.409661369811454,0,Valle del Cauca,11.217648591255537
76,2024,DANE_2018_2050,Hombre,(70 a 74),64695,9,13.911430558775795,0,Valle del Cauca,8.809864790185737
76,2024,DANE_2018_2050,Hombre,(75 a 79),44406,4,9.007791739854975,1,Valle del Cauca,6.48682453147664
76,2024,DANE_2018_2050,Hombre,(80 y más),50953,8,15.700743822738602,0,Valle del Cauca,7.078365897358814
76,2024,DANE_2018_2050,Mujer,(05 a 09),151565,0,0.0,1,Valle del Cauca,0.08491084847914722
76,2024,DANE_2018_2050,Mujer,(10 a 14),163342,3,1.8366372396566712,1,Valle del Cauca,4.4387334577962525
76,2024,DANE_2018_2050,Mujer,(15 a 17),103345,5,4.838163433160773,0,Valle del Cauca,5.826020478786261
76,2024,DANE_2018_2050,Mujer,(18 a 19),69977,4,5.716163882418509,1,Valle del Cauca,3.232704123187936
76,2024,DANE_2018_2050,Mujer,(20 a 24),179488,5,2.7857015510786236,0,Valle del Cauca,7.196259543625724
76,2024,DANE_2018_2050,Mujer,(25 a 29),192190,8,4.162547479057183,0,Valle del Cauca,6.101614185516717
76,2024,DANE_2018_2050,Mujer,(30 a 34),187326,2,1.0676574527828493,1,Valle del Cauca,4.239902639099447
76,2024,DANE_2018_2050,Mujer,(35 a 39),171755,2,1.164449361008413,1,Valle del Cauca,3.684200664712222
76,2024,DANE_2018_2050,Mujer,(40 a 44),169559,4,2.359060857872481,1,Valle del Cauca,3.5668535919794215
76,2024,DANE_2018_2050,Mujer,(45 a 49),156169,4,2.5613277923275426,1,Valle del Cauca,2.674056104713848
76,2024,DANE_2018_2050,Mujer,(50 a 54),148776,5,3.360757111362048,0,Valle del Cauca,2.648336208877917
76,2024,DANE_2018_2050,Mujer,(55 a 59),147303,3,2.0366183988106146,1,Valle del Cauca,2.41517715832968
76,2024,DANE_2018_2050,Mujer,(60 a 64),136417,3,2.1991394034467846,1,Valle del Cauca,2.1096110705032527
76,2024,DANE_2018_2050,Mujer,(65 a 69),114375,1,0.8743169398907104,1,Valle del Cauca,1.5742052752780666
76,2024,DANE_2018_2050,Mujer,(70 a 74),88461,1,1.130441663557952,1,Valle del Cauca,1.298093336029135
76,2024,DANE_2018_2050,Mujer,(75 a 79),62376,0,0.0,1,Valle del Cauca,0.4755799144003545
76,2024,DANE_2018_2050,Mujer,(80 y más),79142,0,0.0,1,Valle del Cauca,0.5368962239042486
81,2024,DANE_2018_2050,Hombre,(05 a 09),12843,0,0.0,1,Arauca,0.027303754507442147
81,2024,DANE_2018_2050,Hombre,(10 a 14),13572,0,0.0,1,Arauca,0.794462444370225
81,2024,DANE_2018_2050,Hombre,(15 a 17),8382,3,35.79098067287043,1,Arauca,1.4931802742583775
81,2024,DANE_2018_2050,Hombre,(18 a 19),5608,2,35.66333808844508,1,Arauca,1.6182674532189523
81,2024,DANE_2018_2050,Hombre,(20 a 24),13628,3,22.013501614323452,1,Arauca,4.297126547489727
81,2024,DANE_2018_2050,Hombre,(25 a 29),12146,3,24.69948954388276,1,Arauca,3.2973082649723406
81,2024,DANE_2018_2050,Hombre,(30 a 34),10601,0,0.0,1,Arauca,2.62406627200007
81,2024,DANE_2018_2050,Hombre,(35 a 39),8997,3,33.344448149383126,1,Arauca,2.102628192543027
81,2024,DANE_2018_2050,Hombre,(40 a 44),8108,0,0.0,1,Arauca,1.707630998419948
81,2024,DANE_2018_2050,Hombre,(45 a 49),7110,1,14.064697609001406,1,Arauca,1.6650214095176974
81,2024,DANE_2018_2050,Hombre,(50 a 54),6331,1,15.795293002685199,1,Arauca,1.4682845672002462
81,2024,DANE_2018_2050,Hombre,(55 a 59),5706,1,17.52541184717841,1,Arauca,1.4095000265695772
81,2024,DANE_2018_2050,Hombre,(60 a 64),4749,2,42.11412929037692,1,Arauca,1.2690541710870393
81,2024,DANE_2018_2050,Hombre,(65 a 69),3513,1,28.465698832906348,1,Arauca,0.9769950250471989
81,2024,DANE_2018_2050,Hombre,(70 a 74),2517,0,0.0,1,Arauca,0.7224538426524773
81,2024,DANE_2018_2050,Hombre,(75 a 79),1697,0,0.0,1,Arauca,0.5225173337121733
81,2024,DANE_2018_2050,Hombre,(80 y más),1782,0,0.0,1,Arauca,0.5217942785999435
81,2024,DANE_2018_2050,Mujer,(05 a 09),12333,0,0.0,1,Arauca,0.014563352186373201
81,2024,DANE_2018_2050,Mujer,(10 a 14),12907,1,7.747733787867049,1,Arauca,0.7392900682910765
81,2024,DANE_2018_2050,Mujer,(15 a 17),7922,1,12.623074981065388,1,Arauca,0.941338322064561
81,2024,DANE_2018_2050,Mujer,(18 a 19),5333,0,0.0,1,Arauca,0.5192907479254311
81,2024,DANE_2018_2050,Mujer,(20 a 24),13326,1,7.5041272699984995,1,Arauca,1.126158639527054
81,2024,DANE_2018_2050,Mujer,(25 a 29),12149,0,0.0,1,Arauca,0.8129855982130696
81,2024,DANE_2018_2050,Mujer,(30 a 34),10794,0,0.0,1,Arauca,0.5149541968678699
81,2024,DANE_2018_2050,Mujer,(35 a 39),9373,0,0.0,1,Arauca,0.4237804021475897
81,2024,DANE_2018_2050,Mujer,(40 a 44),8656,0,0.0,1,Arauca,0.38380448761276625
81,2024,DANE_2018_2050,Mujer,(45 a 49),7521,0,0.0,1,Arauca,0.27144361984894394
81,2024,DANE_2018_2050,Mujer,(50 a 54),6519,1,15.339776039269827,1,Arauca,0.2445961322136481
81,2024,DANE_2018_2050,Mujer,(55 a 59),5606,0,0.0,1,Arauca,0.19373980494739942
81,2024,DANE_2018_2050,Mujer,(60 a 64),4484,1,22.301516503122212,1,Arauca,0.14615977611629336
81,2024,DANE_2018_2050,Mujer,(65 a 69),3365,0,0.0,1,Arauca,0.09762109816159936
81,2024,DANE_2018_2050,Mujer,(70 a 74),2439,0,0.0,1,Arauca,0.07543870770098687
81,2024,DANE_2018_2050,Mujer,(75 a 79),1739,0,0.0,1,Arauca,0.02794691854315593
81,2024,DANE_2018_2050,Mujer,(80 y más),2125,0,0.0,1,Arauca,0.03038579661995972
85,2024,DANE_2018_2050,Hombre,(05 a 09),20577,0,0.0,1,Casanare,0.024864602184852577
85,2024,DANE_2018_2050,Hombre,(10 a 14),21235,0,0.0,1,Casanare,0.7065214576259341
85,2024,DANE_2018_2050,Hombre,(15 a 17),13082,2,15.288182235132243,1,Casanare,1.3245925316094411
85,2024,DANE_2018_2050,Hombre,(18 a 19),8794,1,11.37138958380714,1,Casanare,1.4423555357501918
85,2024,DANE_2018_2050,Hombre,(20 a 24),21735,3,13.802622498274673,1,Casanare,3.8953746433146286
85,2024,DANE_2018_2050,Hombre,(25 a 29),20141,6,29.789980636512585,0,Casanare,3.1077843373314225
85,2024,DANE_2018_2050,Hombre,(30 a 34),18581,3,16.14552499865454,1,Casanare,2.6142108794203853
85,2024,DANE_2018_2050,Hombre,(35 a 39),16581,1,6.030999336590073,1,Casanare,2.202515897590518
85,2024,DANE_2018_2050,Hombre,(40 a 44),15576,1,6.420133538777606,1,Casanare,1.8645747474263221
85,2024,DANE_2018_2050,Hombre,(45 a 49),13604,0,0.0,1,Casanare,1.810758007804794
85,2024,DANE_2018_2050,Hombre,(50 a 54),11564,3,25.94258042199931,1,Casanare,1.5243671221738773
85,2024,DANE_2018_2050,Hombre,(55 a 59),9904,2,20.193861066235865,1,Casanare,1.3905529235557441
85,2024,DANE_2018_2050,Hombre,(60 a 64),7904,0,0.0,1,Casanare,1.2005174928965925
85,2024,DANE_2018_2050,Hombre,(65 a 69),5588,2,35.79098067287043,1,Casanare,0.8833120796722436
85,2024,DANE_2018_2050,Hombre,(70 a 74),3826,0,0.0,1,Casanare,0.6241880145860702
85,2024,DANE_2018_2050,Hombre,(75 a 79),2428,0,0.0,1,Casanare,0.42492385408210653
85,2024,DANE_2018_2050,Hombre,(80 y más),2313,0,0.0,1,Casanare,0.3849557541160252
85,2024,DANE_2018_2050,Mujer,(05 a 09),19588,0,0.0,1,Casanare,0.013146988583088156
85,2024,DANE_2018_2050,Mujer,(10 a 14),20390,0,0.0,1,Casanare,0.6638200372302545
85,2024,DANE_2018_2050,Mujer,(15 a 17),12729,0,0.0,1,Casanare,0.8597036238895877
85,2024,DANE_2018_2050,Mujer,(18 a 19),8699,0,0.0,1,Casanare,0.4814507879808644
85,2024,DANE_2018_2050,Mujer,(20 a 24),22158,0,0.0,1,Casanare,1.0643240891815313
85,2024,DANE_2018_2050,Mujer,(25 a 29),20994,1,4.763265694960465,1,Casanare,0.7985113302409389
85,2024,DANE_2018_2050,Mujer,(30 a 34),19627,0,0.0,1,Casanare,0.5322107965079798
85,2024,DANE_2018_2050,Mujer,(35 a 39),17453,0,0.0,1,Casanare,0.44851390335018326
85,2024,DANE_2018_2050,Mujer,(40 a 44),16046,0,0.0,1,Casanare,0.40439256128068946
85,2024,DANE_2018_2050,Mujer,(45 a 49),13405,0,0.0,1,Casanare,0.27498844020329233
85,2024,DANE_2018_2050,Mujer,(50 a 54),11145,0,0.0,1,Casanare,0.23767978546377672
85,2024,DANE_2018_2050,Mujer,(55 a 59),9491,0,0.0,1,Casanare,0.18643236456726098
85,2024,DANE_2018_2050,Mujer,(60 a 64),7729,0,0.0,1,Casanare,0.14319542481724126
85,2024,DANE_2018_2050,Mujer,(65 a 69),5742,0,0.0,1,Casanare,0.09468155417610596
85,2024,DANE_2018_2050,Mujer,(70 a 74),3990,0,0.0,1,Casanare,0.07014535302124392
85,2024,DANE_2018_2050,Mujer,(75 a 79),2684,0,0.0,1,Casanare,0.024516610552540088
85,2024,DANE_2018_2050,Mujer,(80 y más),3062,0,0.0,1,Casanare,0.024886306659460376
86,2024,DANE_2018_2050,Hombre,(05 a 09),17141,0,0.0,1,Putumayo,0.02486204282655278
86,2024,DANE_2018_2050,Hombre,(10 a 14),18128,0,0.0,1,Putumayo,0.7239760194082266
86,2024,DANE_2018_2050,Hombre,(15 a 17),11825,1,8.456659619450317,1,Putumayo,1.4371778140749174
86,2024,DANE_2018_2050,Hombre,(18 a 19),8025,0,0.0,1,Putumayo,1.5799091093818993
86,2024,DANE_2018_2050,Hombre,(20 a 24),20309,3,14.771776059874933,1,Putumayo,4.368972646223803
86,2024,DANE_2018_2050,Hombre,(25 a 29),17067,4,23.437042245268646,1,Putumayo,3.1610271810441777
86,2024,DANE_2018_2050,Hombre,(30 a 34),14102,5,35.455963693093175,0,Putumayo,2.381515664063829
86,2024,DANE_2018_2050,Hombre,(35 a 39),12401,2,16.1277316345456,1,Putumayo,1.9772711861936605
86,2024,DANE_2018_2050,Hombre,(40 a 44),11500,3,26.08695652173913,1,Putumayo,1.652429340191938
86,2024,DANE_2018_2050,Hombre,(45 a 49),9898,2,20.20610224287735,1,Putumayo,1.5814025630459179
86,2024,DANE_2018_2050,Hombre,(50 a 54),8482,1,11.78967224711153,1,Putumayo,1.3420878850611202
86,2024,DANE_2018_2050,Hombre,(55 a 59),7307,2,27.371014096072262,1,Putumayo,1.2314511703015851
86,2024,DANE_2018_2050,Hombre,(60 a 64),5989,0,0.0,1,Putumayo,1.091885432267899
86,2024,DANE_2018_2050,Hombre,(65 a 69),4473,0,0.0,1,Putumayo,0.8487071638352646
86,2024,DANE_2018_2050,Hombre,(70 a 74),3387,1,29.52465308532625,1,Putumayo,0.6632646538568746
86,2024,DANE_2018_2050,Hombre,(75 a 79),2392,0,0.0,1,Putumayo,0.5024869675929576
86,2024,DANE_2018_2050,Hombre,(80 y más),2645,0,0.0,1,Putumayo,0.5283990849616356
86,2024,DANE_2018_2050,Mujer,(05 a 09),16558,0,0.0,1,Putumayo,0.013339675538590504
86,2024,DANE_2018_2050,Mujer,(10 a 14),17728,1,5.640794223826715,1,Putumayo,0.6927779753825775
86,2024,DANE_2018_2050,Mujer,(15 a 17),11491,2,17.404925593943084,1,Putumayo,0.9315657078808476
86,2024,DANE_2018_2050,Mujer,(18 a 19),7984,0,0.0,1,Putumayo,0.5304009544772003
86,2024,DANE_2018_2050,Mujer,(20 a 24),19743,1,5.065086359722433,1,Putumayo,1.1383024665743462
86,2024,DANE_2018_2050,Mujer,(25 a 29),16871,0,0.0,1,Putumayo,0.7702432711678028
86,2024,DANE_2018_2050,Mujer,(30 a 34),14736,0,0.0,1,Putumayo,0.47963467034566554
86,2024,DANE_2018_2050,Mujer,(35 a 39),13182,0,0.0,1,Putumayo,0.40661961649936723
86,2024,DANE_2018_2050,Mujer,(40 a 44),12362,1,8.089305937550558,1,Putumayo,0.37396099554317236
86,2024,DANE_2018_2050,Mujer,(45 a 49),10507,0,0.0,1,Putumayo,0.25871853847142795
86,2024,DANE_2018_2050,Mujer,(50 a 54),8873,1,11.270145384875464,1,Putumayo,0.22713489114289426
86,2024,DANE_2018_2050,Mujer,(55 a 59),7541,0,0.0,1,Putumayo,0.1778031590692139
86,2024,DANE_2018_2050,Mujer,(60 a 64),6084,0,0.0,1,Putumayo,0.1352995144189594
86,2024,DANE_2018_2050,Mujer,(65 a 69),4571,0,0.0,1,Putumayo,0.09047208705174074
86,2024,DANE_2018_2050,Mujer,(70 a 74),3445,0,0.0,1,Putumayo,0.07269699068060985
86,2024,DANE_2018_2050,Mujer,(75 a 79),2358,0,0.0,1,Putumayo,0.02585371251199835
86,2024,DANE_2018_2050,Mujer,(80 y más),2704,0,0.0,1,Putumayo,0.026379292710605306
88,2024,DANE_2018_2050,Hombre,(05 a 09),2377,0,0.0,1,"Archipiélago de San Andrés, Providencia y Santa Catalina",0.0015325277438647835
88,2024,DANE_2018_2050,Hombre,(10 a 14),2362,0,0.0,1,"Archipiélago de San Andrés, Providencia y Santa Catalina",0.041930755766379585
88,2024,DANE_2018_2050,Hombre,(15 a 17),1420,0,0.0,1,"Archipiélago de San Andrés, Providencia y Santa Catalina",0.07671427900404806
88,2024,DANE_2018_2050,Hombre,(18 a 19),948,0,0.0,1,"Archipiélago de San Andrés, Providencia y Santa Catalina",0.0829609865272366
88,2024,DANE_2018_2050,Hombre,(20 a 24),2441,0,0.0,1,"Archipiélago de San Andrés, Providencia y Santa Catalina",0.23341946744487568
88,2024,DANE_2018_2050,Hombre,(25 a 29),2487,0,0.0,1,"Archipiélago de San Andrés, Providencia y Santa Catalina",0.2047506718352994
88,2024,DANE_2018_2050,Hombre,(30 a 34),2427,1,41.203131437989285,1,"Archipiélago de San Andrés, Providencia y Santa Catalina",0.18218852372398256
88,2024,DANE_2018_2050,Hombre,(35 a 39),2086,1,47.93863854266539,1,"Archipiélago de San Andrés, Providencia y Santa Catalina",0.14784353652629545
88,2024,DANE_2018_2050,Hombre,(40 a 44),2011,0,0.0,1,"Archipiélago de San Andrés, Providencia y Santa Catalina",0.1284445366077211
88,2024,DANE_2018_2050,Hombre,(45 a 49),1949,0,0.0,1,"Archipiélago de San Andrés, Providencia y Santa Catalina",0.1384156945818854
88,2024,DANE_2018_2050,Hombre,(50 a 54),1970,1,50.76142131979696,1,"Archipiélago de San Andrés, Providencia y Santa Catalina",0.13855666530691957
88,2024,DANE_2018_2050,Hombre,(55 a 59),1976,0,0.0,1,"Archipiélago de San Andrés, Providencia y Santa Catalina",0.14802788604522638
88,2024,DANE_2018_2050,Hombre,(60 a 64),1586,0,0.0,1,"Archipiélago de San Andrés, Providencia y Santa Catalina",0.12852998298774687
88,2024,DANE_2018_2050,Hombre,(65 a 69),1037,0,0.0,1,"Archipiélago de San Andrés, Providencia y Santa Catalina",0.08746136169627625
88,2024,DANE_2018_2050,Hombre,(70 a 74),665,1,150.37593984962407,1,"Archipiélago de San Andrés, Providencia y Santa Catalina",0.057885769499802606
88,2024,DANE_2018_2050,Hombre,(75 a 79),409,0,0.0,1,"Archipiélago de San Andrés, Providencia y Santa Catalina",0.03819138810683215
88,2024,DANE_2018_2050,Hombre,(80 y más),391,0,0.0,1,"Archipiélago de San Andrés, Providencia y Santa Catalina",0.03472095374957288
88,2024,DANE_2018_2050,Mujer,(05 a 09),2257,0,0.0,1,"Archipiélago de San Andrés, Providencia y Santa Catalina",0.000808253242526768
88,2024,DANE_2018_2050,Mujer,(10 a 14),2202,0,0.0,1,"Archipiélago de San Andrés, Providencia y Santa Catalina",0.03824988662765426
88,2024,DANE_2018_2050,Mujer,(15 a 17),1266,0,0.0,1,"Archipiélago de San Andrés, Providencia y Santa Catalina",0.04562132375383766
88,2024,DANE_2018_2050,Mujer,(18 a 19),843,0,0.0,1,"Archipiélago de San Andrés, Providencia y Santa Catalina",0.024893722940789596
88,2024,DANE_2018_2050,Mujer,(20 a 24),2253,0,0.0,1,"Archipiélago de San Andrés, Providencia y Santa Catalina",0.0577409907594234
88,2024,DANE_2018_2050,Mujer,(25 a 29),2508,0,0.0,1,"Archipiélago de San Andrés, Providencia y Santa Catalina",0.05089711057343178
88,2024,DANE_2018_2050,Mujer,(30 a 34),2544,1,39.308176100628934,1,"Archipiélago de San Andrés, Providencia y Santa Catalina",0.036806673696098614
88,2024,DANE_2018_2050,Mujer,(35 a 39),2304,0,0.0,1,"Archipiélago de San Andrés, Providencia y Santa Catalina",0.03159133670095593
88,2024,DANE_2018_2050,Mujer,(40 a 44),2300,0,0.0,1,"Archipiélago de San Andrés, Providencia y Santa Catalina",0.03092743568521382
88,2024,DANE_2018_2050,Mujer,(45 a 49),2233,0,0.0,1,"Archipiélago de San Andrés, Providencia y Santa Catalina",0.024440835523116666
88,2024,DANE_2018_2050,Mujer,(50 a 54),2258,0,0.0,1,"Archipiélago de San Andrés, Providencia y Santa Catalina",0.02569305920328019
88,2024,DANE_2018_2050,Mujer,(55 a 59),2320,0,0.0,1,"Archipiélago de San Andrés, Providencia y Santa Catalina",0.024315154050689472
88,2024,DANE_2018_2050,Mujer,(60 a 64),1916,0,0.0,1,"Archipiélago de San Andrés, Providencia y Santa Catalina",0.018940046709489077
88,2024,DANE_2018_2050,Mujer,(65 a 69),1311,0,0.0,1,"Archipiélago de San Andrés, Providencia y Santa Catalina",0.011534123247664958
88,2024,DANE_2018_2050,Mujer,(70 a 74),842,0,0.0,1,"Archipiélago de San Andrés, Providencia y Santa Catalina",0.0078980123247193
88,2024,DANE_2018_2050,Mujer,(75 a 79),493,0,0.0,1,"Archipiélago de San Andrés, Providencia y Santa Catalina",0.0024027276278304434
88,2024,DANE_2018_2050,Mujer,(80 y más),367,0,0.0,1,"Archipiélago de San Andrés, Providencia y Santa Catalina",0.001591479439609509
91,2024,DANE_2018_2050,Hombre,(05 a 09),4828,0,0.0,1,Amazonas,0.006272691491269896
91,2024,DANE_2018_2050,Hombre,(10 a 14),4773,1,20.951183741881415,1,Amazonas,0.17074647022473893
91,2024,DANE_2018_2050,Hombre,(15 a 17),2910,2,68.72852233676977,1,Amazonas,0.3168023214935354
91,2024,DANE_2018_2050,Hombre,(18 a 19),1891,0,0.0,1,Amazonas,0.33347601447752107
91,2024,DANE_2018_2050,Hombre,(20 a 24),4686,0,0.0,1,Amazonas,0.9029819763130973
91,2024,DANE_2018_2050,Hombre,(25 a 29),3654,0,0.0,1,Amazonas,0.6062134897928704
91,2024,DANE_2018_2050,Hombre,(30 a 34),2860,1,34.96503496503497,1,Amazonas,0.4326381139432868
91,2024,DANE_2018_2050,Hombre,(35 a 39),2424,0,0.0,1,Amazonas,0.34620087177056386
91,2024,DANE_2018_2050,Hombre,(40 a 44),2147,1,46.57661853749418,1,Amazonas,0.2763395927344234
91,2024,DANE_2018_2050,Hombre,(45 a 49),1811,0,0.0,1,Amazonas,0.2591787856377345
91,2024,DANE_2018_2050,Hombre,(50 a 54),1561,0,0.0,1,Amazonas,0.22124405131937822
91,2024,DANE_2018_2050,Hombre,(55 a 59),1374,0,0.0,1,Amazonas,0.2074200968360733
91,2024,DANE_2018_2050,Hombre,(60 a 64),1166,0,0.0,1,Amazonas,0.19041770239221717
91,2024,DANE_2018_2050,Hombre,(65 a 69),807,0,0.0,1,Amazonas,0.13715717014088705
91,2024,DANE_2018_2050,Hombre,(70 a 74),536,0,0.0,1,Amazonas,0.09402047877843596
91,2024,DANE_2018_2050,Hombre,(75 a 79),369,0,0.0,1,Amazonas,0.06943461068740531
91,2024,DANE_2018_2050,Hombre,(80 y más),515,0,0.0,1,Amazonas,0.09215727424226818
91,2024,DANE_2018_2050,Mujer,(05 a 09),4499,0,0.0,1,Amazonas,0.003246679305141502
91,2024,DANE_2018_2050,Mujer,(10 a 14),4470,0,0.0,1,Amazonas,0.15646884034303868
91,2024,DANE_2018_2050,Mujer,(15 a 17),2673,1,37.41114852225963,1,Amazonas,0.19410675032622426
91,2024,DANE_2018_2050,Mujer,(18 a 19),1786,1,55.99104143337066,1,Amazonas,0.10627992388324753
91,2024,DANE_2018_2050,Mujer,(20 a 24),4176,0,0.0,1,Amazonas,0.2156706428785952
91,2024,DANE_2018_2050,Mujer,(25 a 29),3263,0,0.0,1,Amazonas,0.13344127192304164
91,2024,DANE_2018_2050,Mujer,(30 a 34),2824,0,0.0,1,Amazonas,0.08233446342129466
91,2024,DANE_2018_2050,Mujer,(35 a 39),2388,0,0.0,1,Amazonas,0.06598228526846459
91,2024,DANE_2018_2050,Mujer,(40 a 44),2094,0,0.0,1,Amazonas,0.05674142740674018
91,2024,DANE_2018_2050,Mujer,(45 a 49),1741,0,0.0,1,Amazonas,0.03840021001275494
91,2024,DANE_2018_2050,Mujer,(50 a 54),1500,0,0.0,1,Amazonas,0.03439463002268209
91,2024,DANE_2018_2050,Mujer,(55 a 59),1285,0,0.0,1,Amazonas,0.027139364335137757
91,2024,DANE_2018_2050,Mujer,(60 a 64),1068,0,0.0,1,Amazonas,0.021274741739530232
91,2024,DANE_2018_2050,Mujer,(65 a 69),784,0,0.0,1,Amazonas,0.01389970111831273
91,2024,DANE_2018_2050,Mujer,(70 a 74),557,0,0.0,1,Amazonas,0.010528546362191481
91,2024,DANE_2018_2050,Mujer,(75 a 79),391,0,0.0,1,Amazonas,0.0038400942472729548
91,2024,DANE_2018_2050,Mujer,(80 y más),569,0,0.0,1,Amazonas,0.004972270392225745
94,2024,DANE_2018_2050,Hombre,(05 a 09),3756,0,0.0,1,Guainía,0.0031962131123495566
94,2024,DANE_2018_2050,Hombre,(10 a 14),3859,0,0.0,1,Guainía,0.09041876213676946
94,2024,DANE_2018_2050,Hombre,(15 a 17),2382,0,0.0,1,Guainía,0.16984806440750264
94,2024,DANE_2018_2050,Hombre,(18 a 19),1510,0,0.0,1,Guainía,0.17441085026310352
94,2024,DANE_2018_2050,Hombre,(20 a 24),3440,1,29.069767441860463,1,Guainía,0.43416890732423713
94,2024,DANE_2018_2050,Hombre,(25 a 29),2273,2,87.98944126704797,1,Guainía,0.2469903397079668
94,2024,DANE_2018_2050,Hombre,(30 a 34),1617,0,0.0,1,Guainía,0.1602109670520015
94,2024,DANE_2018_2050,Hombre,(35 a 39),1379,0,0.0,1,Guainía,0.1289980918631734
94,2024,DANE_2018_2050,Hombre,(40 a 44),1268,0,0.0,1,Guainía,0.10689411616879402
94,2024,DANE_2018_2050,Hombre,(45 a 49),1118,0,0.0,1,Guainía,0.10479638033110569
94,2024,DANE_2018_2050,Hombre,(50 a 54),987,0,0.0,1,Guainía,0.09162401747228575
94,2024,DANE_2018_2050,Hombre,(55 a 59),839,0,0.0,1,Guainía,0.08295633165820948
94,2024,DANE_2018_2050,Hombre,(60 a 64),634,0,0.0,1,Guainía,0.0678143348693254
94,2024,DANE_2018_2050,Hombre,(65 a 69),440,1,227.27272727272725,1,Guainía,0.048980265654926296
94,2024,DANE_2018_2050,Hombre,(70 a 74),346,0,0.0,1,Guainía,0.03975184093715893
94,2024,DANE_2018_2050,Hombre,(75 a 79),271,0,0.0,1,Guainía,0.03339968785062282
94,2024,DANE_2018_2050,Hombre,(80 y más),432,0,0.0,1,Guainía,0.05063252866623773
94,2024,DANE_2018_2050,Mujer,(05 a 09),3493,0,0.0,1,Guainía,0.0016509938810732132
94,2024,DANE_2018_2050,Mujer,(10 a 14),3526,0,0.0,1,Guainía,0.08083996691787705
94,2024,DANE_2018_2050,Mujer,(15 a 17),2105,1,47.50593824228029,1,Guainía,0.10011917417279613
94,2024,DANE_2018_2050,Mujer,(18 a 19),1373,0,0.0,1,Guainía,0.053513554131684134
94,2024,DANE_2018_2050,Mujer,(20 a 24),3007,0,0.0,1,Guainía,0.10171557287715317
94,2024,DANE_2018_2050,Mujer,(25 a 29),2042,0,0.0,1,Guainía,0.05469559048823453
94,2024,DANE_2018_2050,Mujer,(30 a 34),1619,0,0.0,1,Guainía,0.03091628444361423
94,2024,DANE_2018_2050,Mujer,(35 a 39),1404,0,0.0,1,Guainía,0.02540876852798257
94,2024,DANE_2018_2050,Mujer,(40 a 44),1266,0,0.0,1,Guainía,0.022468845794137163
94,2024,DANE_2018_2050,Mujer,(45 a 49),1062,0,0.0,1,Guainía,0.015342029858565451
94,2024,DANE_2018_2050,Mujer,(50 a 54),896,1,111.60714285714285,1,Guainía,0.013456461439643427
94,2024,DANE_2018_2050,Mujer,(55 a 59),732,0,0.0,1,Guainía,0.010125840988193281
94,2024,DANE_2018_2050,Mujer,(60 a 64),537,0,0.0,1,Guainía,0.00700633353897332
94,2024,DANE_2018_2050,Mujer,(65 a 69),395,0,0.0,1,Guainía,0.004586801789003052
94,2024,DANE_2018_2050,Mujer,(70 a 74),319,0,0.0,1,Guainía,0.0039493659744702465
94,2024,DANE_2018_2050,Mujer,(75 a 79),231,0,0.0,1,Guainía,0.0014859376415239914
94,2024,DANE_2018_2050,Mujer,(80 y más),309,0,0.0,1,Guainía,0.001768578857945789
95,2024,DANE_2018_2050,Hombre,(05 a 09),4162,0,0.0,1,Guaviare,0.005193001755623133
95,2024,DANE_2018_2050,Hombre,(10 a 14),4234,0,0.0,1,Guaviare,0.1454590947652722
95,2024,DANE_2018_2050,Hombre,(15 a 17),2697,1,37.07823507601038,1,Guaviare,0.28197203561719725
95,2024,DANE_2018_2050,Hombre,(18 a 19),2034,0,0.0,1,Guaviare,0.34447185907087785
95,2024,DANE_2018_2050,Hombre,(20 a 24),4877,0,0.0,1,Guaviare,0.9025250813428902
95,2024,DANE_2018_2050,Hombre,(25 a 29),3592,1,27.839643652561247,1,Guaviare,0.5722991594028373
95,2024,DANE_2018_2050,Hombre,(30 a 34),2840,1,35.21126760563381,1,Guaviare,0.4125787068428335
95,2024,DANE_2018_2050,Hombre,(35 a 39),2539,2,78.77116975187081,1,Guaviare,0.3482474694211882
95,2024,DANE_2018_2050,Hombre,(40 a 44),2492,0,0.0,1,Guaviare,0.30802703360916234
95,2024,DANE_2018_2050,Hombre,(45 a 49),2359,0,0.0,1,Guaviare,0.32421915382405414
95,2024,DANE_2018_2050,Hombre,(50 a 54),2220,0,0.0,1,Guaviare,0.3021700389764387
95,2024,DANE_2018_2050,Hombre,(55 a 59),1978,0,0.0,1,Guaviare,0.28676101832832723
95,2024,DANE_2018_2050,Hombre,(60 a 64),1618,0,0.0,1,Guaviare,0.25375640570652347
95,2024,DANE_2018_2050,Hombre,(65 a 69),1116,0,0.0,1,Guaviare,0.18215407974973266
95,2024,DANE_2018_2050,Hombre,(70 a 74),755,0,0.0,1,Guaviare,0.12718454688515435
95,2024,DANE_2018_2050,Hombre,(75 a 79),477,0,0.0,1,Guaviare,0.08619811018557733
95,2024,DANE_2018_2050,Hombre,(80 y más),460,0,0.0,1,Guaviare,0.07905147002892488
95,2024,DANE_2018_2050,Mujer,(05 a 09),3923,0,0.0,1,Guaviare,0.0027187635229735815
95,2024,DANE_2018_2050,Mujer,(10 a 14),3985,0,0.0,1,Guaviare,0.1339610038084315
95,2024,DANE_2018_2050,Mujer,(15 a 17),2488,0,0.0,1,Guaviare,0.17350891052629078
95,2024,DANE_2018_2050,Mujer,(18 a 19),1713,0,0.0,1,Guaviare,0.09789417930928691
95,2024,DANE_2018_2050,Mujer,(20 a 24),4072,1,24.55795677799607,1,Guaviare,0.201961244862872
95,2024,DANE_2018_2050,Mujer,(25 a 29),3097,0,0.0,1,Guaviare,0.12163093105938311
95,2024,DANE_2018_2050,Mujer,(30 a 34),2669,0,0.0,1,Guaviare,0.07473004911168757
95,2024,DANE_2018_2050,Mujer,(35 a 39),2465,0,0.0,1,Guaviare,0.06540932704417968
95,2024,DANE_2018_2050,Mujer,(40 a 44),2423,0,0.0,1,Guaviare,0.06305314020290627
95,2024,DANE_2018_2050,Mujer,(45 a 49),2124,0,0.0,1,Guaviare,0.04499031849028773
95,2024,DANE_2018_2050,Mujer,(50 a 54),1847,1,54.141851651326476,1,Guaviare,0.040672044617718776
95,2024,DANE_2018_2050,Mujer,(55 a 59),1565,0,0.0,1,Guaviare,0.03174246228443908
95,2024,DANE_2018_2050,Mujer,(60 a 64),1218,0,0.0,1,Guaviare,0.023300758523339776
95,2024,DANE_2018_2050,Mujer,(65 a 69),842,1,118.76484560570071,1,Guaviare,0.014336106459441663
95,2024,DANE_2018_2050,Mujer,(70 a 74),563,0,0.0,1,Guaviare,0.010220010460039043
95,2024,DANE_2018_2050,Mujer,(75 a 79),324,0,0.0,1,Guaviare,0.0030559050976087343
95,2024,DANE_2018_2050,Mujer,(80 y más),279,0,0.0,1,Guaviare,0.0023414042437909796
97,2024,DANE_2018_2050,Hombre,(05 a 09),3149,0,0.0,1,Vaupés,0.009330655150619026
97,2024,DANE_2018_2050,Hombre,(10 a 14),3341,0,0.0,1,Vaupés,0.27257723829104324
97,2024,DANE_2018_2050,Hombre,(15 a 17),1967,0,0.0,1,Vaupés,0.4883740029903875
97,2024,DANE_2018_2050,Hombre,(18 a 19),1174,1,85.17887563884157,1,Vaupés,0.47216520724660105
97,2024,DANE_2018_2050,Hombre,(20 a 24),2447,1,40.86636697997548,1,Vaupés,1.0753840188538926
97,2024,DANE_2018_2050,Hombre,(25 a 29),1478,0,0.0,1,Vaupés,0.5592220647183792
97,2024,DANE_2018_2050,Hombre,(30 a 34),1063,0,0.0,1,Vaupés,0.3667286327780039
97,2024,DANE_2018_2050,Hombre,(35 a 39),920,0,0.0,1,Vaupés,0.2996651095150831
97,2024,DANE_2018_2050,Hombre,(40 a 44),878,0,0.0,1,Vaupés,0.25772609647341305
97,2024,DANE_2018_2050,Hombre,(45 a 49),789,0,0.0,1,Vaupés,0.2575199117666556
97,2024,DANE_2018_2050,Hombre,(50 a 54),701,2,285.30670470756064,1,Vaupés,0.2265893683055568
97,2024,DANE_2018_2050,Hombre,(55 a 59),629,0,0.0,1,Vaupés,0.2165546714853017
97,2024,DANE_2018_2050,Hombre,(60 a 64),549,0,0.0,1,Vaupés,0.2044720381127842
97,2024,DANE_2018_2050,Hombre,(65 a 69),390,0,0.0,1,Vaupés,0.1511688814777073
97,2024,DANE_2018_2050,Hombre,(70 a 74),250,0,0.0,1,Vaupés,0.1000116261254056
97,2024,DANE_2018_2050,Hombre,(75 a 79),162,0,0.0,1,Vaupés,0.06952123276127181
97,2024,DANE_2018_2050,Hombre,(80 y más),204,0,0.0,1,Vaupés,0.0832540502336292
97,2024,DANE_2018_2050,Mujer,(05 a 09),3129,0,0.0,1,Vaupés,0.005149698155452617
97,2024,DANE_2018_2050,Mujer,(10 a 14),3268,0,0.0,1,Vaupés,0.2608886586502143
97,2024,DANE_2018_2050,Mujer,(15 a 17),1793,2,111.54489682097045,1,Vaupés,0.2969441548787986
97,2024,DANE_2018_2050,Mujer,(18 a 19),1056,0,0.0,1,Vaupés,0.1433133043749026
97,2024,DANE_2018_2050,Mujer,(20 a 24),1991,2,100.45203415369163,1,Vaupés,0.23450635384585344
97,2024,DANE_2018_2050,Mujer,(25 a 29),1185,0,0.0,1,Vaupés,0.11052086129553107
97,2024,DANE_2018_2050,Mujer,(30 a 34),926,0,0.0,1,Vaupés,0.061571646191145794
97,2024,DANE_2018_2050,Mujer,(35 a 39),784,0,0.0,1,Vaupés,0.049403976288257566
97,2024,DANE_2018_2050,Mujer,(40 a 44),725,0,0.0,1,Vaupés,0.044803753315201054
97,2024,DANE_2018_2050,Mujer,(45 a 49),645,0,0.0,1,Vaupés,0.03244496831491194
97,2024,DANE_2018_2050,Mujer,(50 a 54),589,0,0.0,1,Vaupés,0.03080118953712803
97,2024,DANE_2018_2050,Mujer,(55 a 59),549,0,0.0,1,Vaupés,0.026443668207886777
97,2024,DANE_2018_2050,Mujer,(60 a 64),454,0,0.0,1,Vaupés,0.02062536810466065
97,2024,DANE_2018_2050,Mujer,(65 a 69),351,0,0.0,1,Vaupés,0.014192187065697767
97,2024,DANE_2018_2050,Mujer,(70 a 74),259,1,386.1003861003861,1,Vaupés,0.011165181674194403
97,2024,DANE_2018_2050,Mujer,(75 a 79),197,0,0.0,1,Vaupés,0.00441249436152599
97,2024,DANE_2018_2050,Mujer,(80 y más),300,0,0.0,1,Vaupés,0.005978834572903914
99,2024,DANE_2018_2050,Hombre,(05 a 09),8846,0,0.0,1,Vichada,0.0034266957813023666
99,2024,DANE_2018_2050,Hombre,(10 a 14),9247,0,0.0,1,Vichada,0.09862865388412838
99,2024,DANE_2018_2050,Hombre,(15 a 17),5695,0,0.0,1,Vichada,0.1848549322893195
99,2024,DANE_2018_2050,Hombre,(18 a 19),3626,1,27.57859900717044,1,Vichada,0.19065263911444946
99,2024,DANE_2018_2050,Hombre,(20 a 24),8483,0,0.0,1,Vichada,0.48738057120451417
99,2024,DANE_2018_2050,Hombre,(25 a 29),6118,0,0.0,1,Vichada,0.3026275584145144
99,2024,DANE_2018_2050,Hombre,(30 a 34),4701,0,0.0,1,Vichada,0.2120268898005089
99,2024,DANE_2018_2050,Hombre,(35 a 39),4036,0,0.0,1,Vichada,0.1718654768116469
99,2024,DANE_2018_2050,Hombre,(40 a 44),3727,0,0.0,1,Vichada,0.14302514923202062
99,2024,DANE_2018_2050,Hombre,(45 a 49),3249,0,0.0,1,Vichada,0.13863492754386722
99,2024,DANE_2018_2050,Hombre,(50 a 54),2837,0,0.0,1,Vichada,0.11988641768241826
99,2024,DANE_2018_2050,Hombre,(55 a 59),2435,1,41.067761806981515,1,Vichada,0.10959860177053321
99,2024,DANE_2018_2050,Hombre,(60 a 64),1910,1,52.356020942408385,1,Vichada,0.09300024346223533
99,2024,DANE_2018_2050,Hombre,(65 a 69),1280,0,0.0,1,Vichada,0.06486298021972961
99,2024,DANE_2018_2050,Hombre,(70 a 74),821,0,0.0,1,Vichada,0.0429380951348301
99,2024,DANE_2018_2050,Hombre,(75 a 79),483,0,0.0,1,Vichada,0.027098092284244292
99,2024,DANE_2018_2050,Hombre,(80 y más),418,0,0.0,1,Vichada,0.022301836205177884
99,2024,DANE_2018_2050,Mujer,(05 a 09),8105,0,0.0,1,Vichada,0.0017438871070057504
99,2024,DANE_2018_2050,Mujer,(10 a 14),8434,1,11.856770215793219,1,Vichada,0.08802294311600653
99,2024,DANE_2018_2050,Mujer,(15 a 17),5048,0,0.0,1,Vichada,0.10929567444496689
99,2024,DANE_2018_2050,Mujer,(18 a 19),3286,0,0.0,1,Vichada,0.058301440763175824
99,2024,DANE_2018_2050,Mujer,(20 a 24),7264,0,0.0,1,Vichada,0.111853177635911
99,2024,DANE_2018_2050,Mujer,(25 a 29),5275,0,0.0,1,Vichada,0.06431873749770552
99,2024,DANE_2018_2050,Mujer,(30 a 34),4310,1,23.201856148491878,1,Vichada,0.03746590135907724
99,2024,DANE_2018_2050,Mujer,(35 a 39),3611,0,0.0,1,Vichada,0.0297483215481276
99,2024,DANE_2018_2050,Mujer,(40 a 44),3214,0,0.0,1,Vichada,0.025966379497849083
99,2024,DANE_2018_2050,Mujer,(45 a 49),2621,0,0.0,1,Vichada,0.017236290197583947
99,2024,DANE_2018_2050,Mujer,(50 a 54),2180,0,0.0,1,Vichada,0.014903827825578966
99,2024,DANE_2018_2050,Mujer,(55 a 59),1846,0,0.0,1,Vichada,0.011624390433578005
99,2024,DANE_2018_2050,Mujer,(60 a 64),1469,0,0.0,1,Vichada,0.008724826268719687
99,2024,DANE_2018_2050,Mujer,(65 a 69),1037,0,0.0,1,Vichada,0.005481634865640944
99,2024,DANE_2018_2050,Mujer,(70 a 74),649,0,0.0,1,Vichada,0.0036576307810586087
99,2024,DANE_2018_2050,Mujer,(75 a 79),355,0,0.0,1,Vichada,0.0010395261698894198
99,2024,DANE_2018_2050,Mujer,(80 y más),360,0,0.0,1,Vichada,0.0009379656197109237
